//  SVF file written by ATMISP version 7.3
//  Created on: Sun Sep 20 10:05:50 2026
//  SVF Rev. D  
TRST ABSENT;
ENDIR IDLE;
ENDDR IDLE;
HDR 0;
HIR 0;
TDR 0;
TIR 0;
RUNTEST 50021E-6 SEC;
STATE RESET;
STATE IDLE;
RUNTEST 50021E-6 SEC;
SIR 30 TDI (280a0280);
SDR 30 TDI (1b96e5b9);
STATE IDLE;
SIR 30 TDI (05916459);
SDR 96 TDI (ffffffffffffffffffffffff)
	TDO (0150803f0150803f0150403f)
	MASK (ffffffffffffffffffffffff);
STATE IDLE;
SIR 30 TDI (2b3fffff);
SIR 30 TDI (29efffff);
STATE IDLE;
RUNTEST 210001E-6 SEC;
SIR 30 TDI (2bffffff);
STATE IDLE;
STATE RESET;
RUNTEST 50001E-6 SEC;
STATE IDLE;
SIR 30 TDI (280a0280);
SDR 30 TDI (00000000);
STATE IDLE;
RUNTEST 10001E-6 SEC;
STATE RESET;
RUNTEST 50021E-6 SEC;
RUNTEST 50021E-6 SEC;
STATE RESET;
STATE IDLE;
RUNTEST 50021E-6 SEC;
SIR 30 TDI (280a0280);
SDR 30 TDI (1b96e5b9);
STATE IDLE;
SIR 30 TDI (3ffacfff);
SIR 30 TDI (3ffa7bff);
STATE IDLE;
RUNTEST 210001E-6 SEC;
SIR 30 TDI (3ffaffff);
STATE IDLE;
STATE RESET;
RUNTEST 50001E-6 SEC;
STATE IDLE;
SIR 30 TDI (280a0280);
SDR 30 TDI (00000000);
STATE IDLE;
RUNTEST 10001E-6 SEC;
STATE RESET;
RUNTEST 50021E-6 SEC;
RUNTEST 50021E-6 SEC;
STATE RESET;
STATE IDLE;
RUNTEST 50021E-6 SEC;
SIR 30 TDI (280a0280);
SDR 30 TDI (1b96e5b9);
STATE IDLE;
SIR 30 TDI (3ffffeb3);
SIR 30 TDI (3ffffe9e);
STATE IDLE;
RUNTEST 210001E-6 SEC;
SIR 30 TDI (3ffffebf);
STATE IDLE;
STATE RESET;
RUNTEST 50001E-6 SEC;
STATE IDLE;
SIR 30 TDI (280a0280);
SDR 30 TDI (00000000);
STATE IDLE;
RUNTEST 10001E-6 SEC;
STATE RESET;
RUNTEST 50021E-6 SEC;
RUNTEST 50021E-6 SEC;
STATE RESET;
STATE IDLE;
RUNTEST 50021E-6 SEC;
SIR 30 TDI (280a0280);
SDR 30 TDI (1b96e5b9);
STATE IDLE;
SIR 30 TDI (2a1fffff);
SDR 13 TDI (0033);
SIR 30 TDI (290fffff);
SDR 328 TDI (ffffffffff7fc78fe3f8ffdfc3f0781e07000000fe06007c1ff82ff07c19bfc7afebf35ff3cf81f8fc);
SIR 30 TDI (29efffff);
STATE IDLE;
RUNTEST 30001E-6 SEC;
SIR 30 TDI (2bffffff);
SIR 30 TDI (2a1fffff);
SDR 13 TDI (0037);
SIR 30 TDI (290fffff);
SDR 328 TDI (ffffffffff7fc78fe3f8ffdfc3f0781e07000000fe06007c1ff82ff07c19bfc7afebf35ff3cf81f8fc);
SIR 30 TDI (29efffff);
STATE IDLE;
RUNTEST 30001E-6 SEC;
SIR 30 TDI (2bffffff);
SIR 30 TDI (2a1fffff);
SDR 13 TDI (003b);
SIR 30 TDI (290fffff);
SDR 328 TDI (ffffffffff7fc78fe3f8ffdfc3f0781e07000000fe06007c1ff82ff07c19bfc7afebf35ff3cf81f8fc);
SIR 30 TDI (29efffff);
STATE IDLE;
RUNTEST 30001E-6 SEC;
SIR 30 TDI (2bffffff);
SIR 30 TDI (2a1fffff);
SDR 13 TDI (003f);
SIR 30 TDI (290fffff);
SDR 328 TDI (ffffffffff7fc78fe3f8ffdfc3f0781e07000000fe06007c1ff82ff07c19bfc7afebf35ff3cf81f8fc);
SIR 30 TDI (29efffff);
STATE IDLE;
RUNTEST 30001E-6 SEC;
SIR 30 TDI (2bffffff);
SIR 30 TDI (2a1fffff);
SDR 13 TDI (0043);
SIR 30 TDI (290fffff);
SDR 328 TDI (ffffffffff7fc78fe3f8ffdfc3f0781e07000000fe06007c1ff82ff07c19bfc7afebf35ff3cf81f8fc);
SIR 30 TDI (29efffff);
STATE IDLE;
RUNTEST 30001E-6 SEC;
SIR 30 TDI (2bffffff);
SIR 30 TDI (2a1fffff);
SDR 13 TDI (0047);
SIR 30 TDI (290fffff);
SDR 328 TDI (ffffffffff7fc78fe3f8ffdfc3f0781e07000000fe06007c1ff82ff07c19bfc7afebf35ff3cf81f8fc);
SIR 30 TDI (29efffff);
STATE IDLE;
RUNTEST 30001E-6 SEC;
SIR 30 TDI (2bffffff);
SIR 30 TDI (2a1fffff);
SDR 13 TDI (004b);
SIR 30 TDI (290fffff);
SDR 328 TDI (ffffffffff7fc78fe3f8ffdfc3f0781e07000000fe06007c1ff82ff07c19bfc7afebf35ff3cf81f8fc);
SIR 30 TDI (29efffff);
STATE IDLE;
RUNTEST 30001E-6 SEC;
SIR 30 TDI (2bffffff);
SIR 30 TDI (2a1fffff);
SDR 13 TDI (004f);
SIR 30 TDI (290fffff);
SDR 328 TDI (19c004001f7807806018ffdfc3f0781e07000000fe06007c1ff82ff07c19bfc7afebf35ff3cf81f8fc);
SIR 30 TDI (29efffff);
STATE IDLE;
RUNTEST 30001E-6 SEC;
SIR 30 TDI (2bffffff);
SIR 30 TDI (2a1fffff);
SDR 13 TDI (0053);
SIR 30 TDI (290fffff);
SDR 328 TDI (ffffffffff7fc78fe3f8ffdfc3f0781e07000000fe06007c1ff82ff07c19bfc7afebf35ff3cf81f8fc);
SIR 30 TDI (29efffff);
STATE IDLE;
RUNTEST 30001E-6 SEC;
SIR 30 TDI (2bffffff);
SIR 30 TDI (2a1fffff);
SDR 13 TDI (0057);
SIR 30 TDI (290fffff);
SDR 328 TDI (ffffffffff7fc78fe3f8ffdfc3f0781e07000000fe06007c1ff82ff07c19bfc7afebf35ff3cf81f8fc);
SIR 30 TDI (29efffff);
STATE IDLE;
RUNTEST 30001E-6 SEC;
SIR 30 TDI (2bffffff);
SIR 30 TDI (2a1fffff);
SDR 13 TDI (005b);
SIR 30 TDI (290fffff);
SDR 328 TDI (ffffffffff7fc78fe3f8ffdfc3f0781e07000000fe06007c1ff82ff07c19bfc7afebf35ff3cf81f8fc);
SIR 30 TDI (29efffff);
STATE IDLE;
RUNTEST 30001E-6 SEC;
SIR 30 TDI (2bffffff);
SIR 30 TDI (2a1fffff);
SDR 13 TDI (005f);
SIR 30 TDI (290fffff);
SDR 328 TDI (ffffffffff7fc78fe3f8ffdfc3f0781e07000000fe06007c1ff82ff07c19bfc7afebf35ff3cf81f8fc);
SIR 30 TDI (29efffff);
STATE IDLE;
RUNTEST 30001E-6 SEC;
SIR 30 TDI (2bffffff);
SIR 30 TDI (2a1fffff);
SDR 13 TDI (0063);
SIR 30 TDI (290fffff);
SDR 328 TDI (ffffffffff7fc78fe3f8ffdfc3f0781e07000000fe06007c1ff82ff07c19bfc7afebf35ff3cf81f8fc);
SIR 30 TDI (29efffff);
STATE IDLE;
RUNTEST 30001E-6 SEC;
SIR 30 TDI (2bffffff);
SIR 30 TDI (2a1fffff);
SDR 13 TDI (0067);
SIR 30 TDI (290fffff);
SDR 328 TDI (ffffffffff7fc78fe3f8ffdfc3f0781e07000000fe06007c1ff82ff07c19bfc7afebf35ff3cf81f8fc);
SIR 30 TDI (29efffff);
STATE IDLE;
RUNTEST 30001E-6 SEC;
SIR 30 TDI (2bffffff);
SIR 30 TDI (2a1fffff);
SDR 13 TDI (006b);
SIR 30 TDI (290fffff);
SDR 328 TDI (ffffffffff7fc78fe3f8ffdfc3f0781e07000000fe06007c1ff82ff07c19bfc7afebf35ff3cf81f8fc);
SIR 30 TDI (29efffff);
STATE IDLE;
RUNTEST 30001E-6 SEC;
SIR 30 TDI (2bffffff);
SIR 30 TDI (2a1fffff);
SDR 13 TDI (006f);
SIR 30 TDI (290fffff);
SDR 328 TDI (ffffffffff7fc78fe3f8ffdfc3f0781e07000000fe06005c17e825705c119fc7afebf35ff3cf81f8fc);
SIR 30 TDI (29efffff);
STATE IDLE;
RUNTEST 30001E-6 SEC;
SIR 30 TDI (2bffffff);
SIR 30 TDI (2a1fffff);
SDR 13 TDI (0073);
SIR 30 TDI (290fffff);
SDR 328 TDI (ffffffffff7fc78fe3f8ff9fc3f0301a07000000fe06007c1ff82ff07c19bfc7afebe35ff3cf81f8fc);
SIR 30 TDI (29efffff);
STATE IDLE;
RUNTEST 30001E-6 SEC;
SIR 30 TDI (2bffffff);
SIR 30 TDI (2a1fffff);
SDR 13 TDI (0077);
SIR 30 TDI (290fffff);
SDR 328 TDI (ffffffffff7fc78fe3f8ffdfc3f0781e07000000fe06007c1ff82ff07c193fc7afebf35ff3cf81f8fc);
SIR 30 TDI (29efffff);
STATE IDLE;
RUNTEST 30001E-6 SEC;
SIR 30 TDI (2bffffff);
SIR 30 TDI (2a1fffff);
SDR 13 TDI (007b);
SIR 30 TDI (290fffff);
SDR 328 TDI (ffffffffff7fc70fe3f8ffc083f0781607000000fe06007c1ff82fd07c19bf478fe3f31ff3cf80f8fc);
SIR 30 TDI (29efffff);
STATE IDLE;
RUNTEST 30001E-6 SEC;
SIR 30 TDI (2bffffff);
SIR 30 TDI (2a1fffff);
SDR 13 TDI (007f);
SIR 30 TDI (290fffff);
SDR 328 TDI (ffffffffff7fc68fe3f8ffdfc3f0781e07000000fe06007c1ff82ff07c19bfc7afebf35ff3cf81f8fc);
SIR 30 TDI (29efffff);
STATE IDLE;
RUNTEST 30001E-6 SEC;
SIR 30 TDI (2bffffff);
SIR 30 TDI (2a1fffff);
SDR 13 TDI (0083);
SIR 30 TDI (290fffff);
SDR 328 TDI (ffffffffff7fc78fe3f8f81e0380000000000000fe06007c1ff82ff07c19bfc7afebf35ff3cf81f8fc);
SIR 30 TDI (29efffff);
STATE IDLE;
RUNTEST 30001E-6 SEC;
SIR 30 TDI (2bffffff);
SIR 30 TDI (2a1fffff);
SDR 13 TDI (0087);
SIR 30 TDI (290fffff);
SDR 328 TDI (ffffffffff7fc78fa3f8bfdfc3f0781e07000000fe0600781e780fe07818bfc7afebf25fd3cf81f8fc);
SIR 30 TDI (29efffff);
STATE IDLE;
RUNTEST 30001E-6 SEC;
SIR 30 TDI (2bffffff);
SIR 30 TDI (2a1fffff);
SDR 13 TDI (008b);
SIR 30 TDI (290fffff);
SDR 328 TDI (ffffffffff7fc78fe3f8ffc7c3f0781e07000000fe00007c1ff82ff07c19afc7afebf35ff3cf81f8fc);
SIR 30 TDI (29efffff);
STATE IDLE;
RUNTEST 30001E-6 SEC;
SIR 30 TDI (2bffffff);
SIR 30 TDI (2a1fffff);
SDR 13 TDI (008f);
SIR 30 TDI (290fffff);
SDR 328 TDI (fffffffff77fc78fe3f8ffde83f0781e07000000fe06007c1ff82ff07c19bfc7afebf35ff3cf81f8fc);
SIR 30 TDI (29efffff);
STATE IDLE;
RUNTEST 30001E-6 SEC;
SIR 30 TDI (2bffffff);
SIR 30 TDI (2a1fffff);
SDR 13 TDI (0093);
SIR 30 TDI (290fffff);
SDR 328 TDI (ffffffffef6fc38fe3f8ffdfc3f0781e07000000fe06007c1ff82ff07c19bfc5afebf35ff1cf81e8fc);
SIR 30 TDI (29efffff);
STATE IDLE;
RUNTEST 30001E-6 SEC;
SIR 30 TDI (2bffffff);
SIR 30 TDI (2a1fffff);
SDR 13 TDI (0097);
SIR 30 TDI (290fffff);
SDR 328 TDI (b7dfebfdfe57c787e1f0ffdfc3f0781e07000000fe06007c1ff82ff07c19b8862008134ff3cf8118fc);
SIR 30 TDI (29efffff);
STATE IDLE;
RUNTEST 30001E-6 SEC;
SIR 30 TDI (2bffffff);
SIR 30 TDI (2a1fffff);
SDR 13 TDI (009b);
SIR 30 TDI (290fffff);
SDR 328 TDI (feffffffff7fc78fe3f8dfdfc3e0781e07000000fe06007c1ff82ff07c19bfc7afebf35ff3cf81f8fc);
SIR 30 TDI (29efffff);
STATE IDLE;
RUNTEST 30001E-6 SEC;
SIR 30 TDI (2bffffff);
SIR 30 TDI (2a1fffff);
SDR 13 TDI (009f);
SIR 30 TDI (290fffff);
SDR 328 TDI (ffffffffff4fc18fe3f0ffdfc3f0781e07000000fe00007c1ff82ff07c19bfc7afebf35ff3cf81f8fc);
SIR 30 TDI (29efffff);
STATE IDLE;
RUNTEST 30001E-6 SEC;
SIR 30 TDI (2bffffff);
SIR 30 TDI (2a1fffff);
SDR 13 TDI (00a3);
SIR 30 TDI (290fffff);
SDR 328 TDI (ffffffffff3fc78fe3f8ffdfc3f0781e07000000fe06007c1ff82ff07c19bf86a12b735ff3cf81d8fc);
SIR 30 TDI (29efffff);
STATE IDLE;
RUNTEST 30001E-6 SEC;
SIR 30 TDI (2bffffff);
SIR 30 TDI (2a1fffff);
SDR 13 TDI (00a7);
SIR 30 TDI (290fffff);
SDR 328 TDI (ffffffffff7fc78fe3f8ffdfc3f0781e07000000fe06007c1ff82ff07c19bfc7aeeaf35ef3cb81f8fc);
SIR 30 TDI (29efffff);
STATE IDLE;
RUNTEST 30001E-6 SEC;
SIR 30 TDI (2bffffff);
SIR 30 TDI (2a1fffff);
SDR 13 TDI (00ab);
SIR 30 TDI (290fffff);
SDR 328 TDI (ffffffffff7fc78fe3e8ffde81b0781607000000fe04007c1ff82ff07c19bfc7afebf35ff3cf81f8fc);
SIR 30 TDI (29efffff);
STATE IDLE;
RUNTEST 30001E-6 SEC;
SIR 30 TDI (2bffffff);
SIR 30 TDI (2a1fffff);
SDR 13 TDI (00af);
SIR 30 TDI (290fffff);
SDR 328 TDI (ffffffffff7fc78fe3f8c7dfc3f0781e07000000000200340db02ed03419b7c7afebf35ff3cf81f8fc);
SIR 30 TDI (29efffff);
STATE IDLE;
RUNTEST 30001E-6 SEC;
SIR 30 TDI (2bffffff);
SIR 30 TDI (2a1fffff);
SDR 13 TDI (00b3);
SIR 30 TDI (290fffff);
SDR 328 TDI (ffffffffff7fc78fe3e87fdfc3f0781e05000000fe06007c1ff82ff07c09bfc7afebf35ff3cf81f8fc);
SIR 30 TDI (29efffff);
STATE IDLE;
RUNTEST 30001E-6 SEC;
SIR 30 TDI (2bffffff);
SIR 30 TDI (2a1fffff);
SDR 13 TDI (00b7);
SIR 30 TDI (290fffff);
SDR 328 TDI (ffffffffff7fc78fe3f8ffdfc3f0781e07000000fe06007c1ff82ff07c19bfc7afebf35ff3cf81f8fc);
SIR 30 TDI (29efffff);
STATE IDLE;
RUNTEST 30001E-6 SEC;
SIR 30 TDI (2bffffff);
SIR 30 TDI (2a1fffff);
SDR 13 TDI (00bb);
SIR 30 TDI (290fffff);
SDR 328 TDI (f7fffbffee47c38fe3f0ffd583f0781e07000000fe06003c1ff82ff07c19b7c7afebf35ff3cf81f8fc);
SIR 30 TDI (29efffff);
STATE IDLE;
RUNTEST 30001E-6 SEC;
SIR 30 TDI (2bffffff);
SIR 30 TDI (2a1fffff);
SDR 13 TDI (00bf);
SIR 30 TDI (290fffff);
SDR 328 TDI (dffffff7ff7f478fe3f8ffdfc3f0781607000000fe06007c1ff82ff07c19bfc7afebf35ff3cf81f8fc);
SIR 30 TDI (29efffff);
STATE IDLE;
RUNTEST 30001E-6 SEC;
SIR 30 TDI (2bffffff);
SIR 30 TDI (2a1fffff);
SDR 13 TDI (00c3);
SIR 30 TDI (290fffff);
SDR 328 TDI (ffffffffff7fc78fe3f8ffdfc3f0781c07000000fe06007c1ff82ff03c19bfc7afebf35ff3cf81f8fc);
SIR 30 TDI (29efffff);
STATE IDLE;
RUNTEST 30001E-6 SEC;
SIR 30 TDI (2bffffff);
SIR 30 TDI (2a1fffff);
SDR 13 TDI (00c7);
SIR 30 TDI (290fffff);
SDR 328 TDI (ffffffffff7fc78fe3f8fb1fc3f0781e07000000fe06007c1ff82ff07c19bfc7afebf35ff3cf81f8fc);
SIR 30 TDI (29efffff);
STATE IDLE;
RUNTEST 30001E-6 SEC;
SIR 30 TDI (2bffffff);
SIR 30 TDI (2a1fffff);
SDR 13 TDI (00cb);
SIR 30 TDI (290fffff);
SDR 328 TDI (fbbb7f3fbf7bc78ee3b8ffdfc3f0781e07000000fe06007c1ff82ff07c19bfc7afebf357f3cf81f8fc);
SIR 30 TDI (29efffff);
STATE IDLE;
RUNTEST 30001E-6 SEC;
SIR 30 TDI (2bffffff);
SIR 30 TDI (2a1fffff);
SDR 13 TDI (00cf);
SIR 30 TDI (290fffff);
SDR 328 TDI (f77ffbffee47c38fe3f0ffdfc3f0781e07000000fe06007c1ff82ff07c19bfc7afebf35ff3cf81f8fc);
SIR 30 TDI (29efffff);
STATE IDLE;
RUNTEST 30001E-6 SEC;
SIR 30 TDI (2bffffff);
SIR 30 TDI (2a1fffff);
SDR 13 TDI (00d3);
SIR 30 TDI (290fffff);
SDR 328 TDI (ffffffffff7fc78fe3f87fdfc3f0301a05000000fe06007c1ff82ff07c19b7c7afebf35ff3cf81f8fc);
SIR 30 TDI (29efffff);
STATE IDLE;
RUNTEST 30001E-6 SEC;
SIR 30 TDI (2bffffff);
SIR 30 TDI (2a1fffff);
SDR 13 TDI (00d7);
SIR 30 TDI (290fffff);
SDR 328 TDI (ffffffffff7fc78fe3f8ffdfc3f0781e07000000fe06007c1ff82ff07c19bfc7afebf35ff3cf81f8fc);
SIR 30 TDI (29efffff);
STATE IDLE;
RUNTEST 30001E-6 SEC;
SIR 30 TDI (2bffffff);
SIR 30 TDI (2a1fffff);
SDR 13 TDI (00db);
SIR 30 TDI (290fffff);
SDR 328 TDI (fffffffffb7fc78fe3f8ffde83f0781607000000fe06007c1fd82ff07c19b7c7afebf35ff3cf81f8fc);
SIR 30 TDI (29efffff);
STATE IDLE;
RUNTEST 30001E-6 SEC;
SIR 30 TDI (2bffffff);
SIR 30 TDI (2a1fffff);
SDR 13 TDI (00df);
SIR 30 TDI (290fffff);
SDR 328 TDI (ffffffffff7fc78fe3f8ffdf43f0780e07000000fe06007c1ff82ff07c19bfc7afebf35ff3cf81f8fc);
SIR 30 TDI (29efffff);
STATE IDLE;
RUNTEST 30001E-6 SEC;
SIR 30 TDI (2bffffff);
SIR 30 TDI (2a1fffff);
SDR 13 TDI (00e3);
SIR 30 TDI (290fffff);
SDR 328 TDI (ffffffffff0fc18fe3e0ffc083f0781607000000fe06007c1ff82ff07c19bfc7afebf35ff3cf81f8fc);
SIR 30 TDI (29efffff);
STATE IDLE;
RUNTEST 30001E-6 SEC;
SIR 30 TDI (2bffffff);
SIR 30 TDI (2a1fffff);
SDR 13 TDI (00e7);
SIR 30 TDI (290fffff);
SDR 328 TDI (ffffffffff7fc78fe3f8ffdfc3f0781e07000000fe06007c1ff82ff07c1997c7afebf35ff3cf81f8fc);
SIR 30 TDI (29efffff);
STATE IDLE;
RUNTEST 30001E-6 SEC;
SIR 30 TDI (2bffffff);
SIR 30 TDI (2a1fffff);
SDR 13 TDI (00eb);
SIR 30 TDI (290fffff);
SDR 328 TDI (ffffffffff7fc78fe3f8ffdf43f0781e07000000d406003c0ff02ef03c19bfc7afebf35ff3cf81f8fc);
SIR 30 TDI (29efffff);
STATE IDLE;
RUNTEST 30001E-6 SEC;
SIR 30 TDI (2bffffff);
SIR 30 TDI (2a1fffff);
SDR 13 TDI (00ef);
SIR 30 TDI (290fffff);
SDR 328 TDI (ffffffffff7fc78fe3f8ffdfc3f0781e070000007a0600741db82fd07419bfc3afebf35ff3cf81f8fc);
SIR 30 TDI (29efffff);
STATE IDLE;
RUNTEST 30001E-6 SEC;
SIR 30 TDI (2bffffff);
SIR 30 TDI (2a1fffff);
SDR 13 TDI (00f3);
SIR 30 TDI (290fffff);
SDR 328 TDI (19ffffffef4fc38fe3f8ffd9c3f0781e06000000fe06006c1ff82ff07c19bbc6aeab735ff3cf8158fc);
SIR 30 TDI (29efffff);
STATE IDLE;
RUNTEST 30001E-6 SEC;
SIR 30 TDI (2bffffff);
SIR 30 TDI (2a1fffff);
SDR 13 TDI (00f7);
SIR 30 TDI (290fffff);
SDR 328 TDI (f7fffffffe7fc78fe3f0ffde83f0581e07000000fe06007c1ff82ff07c19bdc7abe9f35ff2cf81b8fc);
SIR 30 TDI (29efffff);
STATE IDLE;
RUNTEST 30001E-6 SEC;
SIR 30 TDI (2bffffff);
SIR 30 TDI (2a1fffff);
SDR 13 TDI (00fb);
SIR 30 TDI (290fffff);
SDR 328 TDI (ffffffffff7fc78fe3f8ffdfc350781e07000000fe06007c1ff82ff07c19bfc7afebf35ff3cf81f8fc);
SIR 30 TDI (29efffff);
STATE IDLE;
RUNTEST 30001E-6 SEC;
SIR 30 TDI (2bffffff);
SIR 30 TDI (2a1fffff);
SDR 13 TDI (00ff);
SIR 30 TDI (290fffff);
SDR 328 TDI (ffffffffff7fc58fe3f8c7dfc3f0781e07000000fe06007c1ff82ff07c19bfc7afebf35ff3cf81f8fc);
SIR 30 TDI (29efffff);
STATE IDLE;
RUNTEST 30001E-6 SEC;
SIR 30 TDI (2bffffff);
SIR 30 TDI (2a1fffff);
SDR 13 TDI (0103);
SIR 30 TDI (290fffff);
SDR 328 TDI (fffffbffff7fc78fe3f8ffdfc3f0781e07000000fe06007c1ff82ff07c19bfc7afebf35ff3cf81f8fc);
SIR 30 TDI (29efffff);
STATE IDLE;
RUNTEST 30001E-6 SEC;
SIR 30 TDI (2bffffff);
SIR 30 TDI (2a1fffff);
SDR 13 TDI (0107);
SIR 30 TDI (290fffff);
SDR 328 TDI (ffffffffff7fc78fe3f8ffdfc3f0781e07000000fe06007c1ff82ff07c19bfc7afebf35ff3cf81f8fc);
SIR 30 TDI (29efffff);
STATE IDLE;
RUNTEST 30001E-6 SEC;
SIR 30 TDI (2bffffff);
SIR 30 TDI (2a1fffff);
SDR 13 TDI (010b);
SIR 30 TDI (290fffff);
SDR 328 TDI (ffffffffff7fc68fe3f8fb9fc3f0181e06000000fe06007c0ff82ff07c19bc86aeab735ff3cf81d8fc);
SIR 30 TDI (29efffff);
STATE IDLE;
RUNTEST 30001E-6 SEC;
SIR 30 TDI (2bffffff);
SIR 30 TDI (2a1fffff);
SDR 13 TDI (010f);
SIR 30 TDI (290fffff);
SDR 328 TDI (ffffffffff7fc70fe3f8ffdfc3f0601e07000000fe06007c1ff82ff07c19bbc7adebf34fb3c781f8fc);
SIR 30 TDI (29efffff);
STATE IDLE;
RUNTEST 30001E-6 SEC;
SIR 30 TDI (2bffffff);
SIR 30 TDI (2a1fffff);
SDR 13 TDI (0113);
SIR 30 TDI (290fffff);
SDR 328 TDI (ffffffffff7fc78fe3f8ffdfc3f0780e07000000e20600340db02ed03419bfc7afebf35ff34f81f8fc);
SIR 30 TDI (29efffff);
STATE IDLE;
RUNTEST 30001E-6 SEC;
SIR 30 TDI (2bffffff);
SIR 30 TDI (2a1fffff);
SDR 13 TDI (0117);
SIR 30 TDI (290fffff);
SDR 328 TDI (ffffffffff7fc78fe3f8ffdfc3f0781e07000000bc06007c1ff82ff07c19bfc7afebf35ff3cf81f8fc);
SIR 30 TDI (29efffff);
STATE IDLE;
RUNTEST 30001E-6 SEC;
SIR 30 TDI (2bffffff);
SIR 30 TDI (2a1fffff);
SDR 13 TDI (011b);
SIR 30 TDI (290fffff);
SDR 328 TDI (ffffffffff7fc78f83f8ffdfc3f0781e03000000fe06007c1ff82bf07c19bf86af4bb35ff3cf81d8fc);
SIR 30 TDI (29efffff);
STATE IDLE;
RUNTEST 30001E-6 SEC;
SIR 30 TDI (2bffffff);
SIR 30 TDI (2a1fffff);
SDR 13 TDI (011f);
SIR 30 TDI (290fffff);
SDR 328 TDI (efffffffff7fc78fe3f8fb1fc3f0781e07000000fe06007c1ff82ff07c19bfc7afebf35bf3cf01f8fc);
SIR 30 TDI (29efffff);
STATE IDLE;
RUNTEST 30001E-6 SEC;
SIR 30 TDI (2bffffff);
SIR 30 TDI (2a1fffff);
SDR 13 TDI (0123);
SIR 30 TDI (290fffff);
SDR 328 TDI (ffffffffff7fc78fe3f8ffdfc3f0781e07000000fe06007c1fb82ff07c19bfc7afebf35ff3cf81f8fc);
SIR 30 TDI (29efffff);
STATE IDLE;
RUNTEST 30001E-6 SEC;
SIR 30 TDI (2bffffff);
SIR 30 TDI (2a1fffff);
SDR 13 TDI (0127);
SIR 30 TDI (290fffff);
SDR 328 TDI (ffffffffff7fc78fe3f8ffdfc3f0781e07000000fe06007c1ff82ff07c19bfc7afebf35ff3cf81f8fc);
SIR 30 TDI (29efffff);
STATE IDLE;
RUNTEST 30001E-6 SEC;
SIR 30 TDI (2bffffff);
SIR 30 TDI (2a1fffff);
SDR 13 TDI (012b);
SIR 30 TDI (290fffff);
SDR 328 TDI (ffffffffff7fc78fe3f847dfc2f0781e07000000fe06007c1df82ff07c19bfc7afebf15fe3cf81f8fc);
SIR 30 TDI (29efffff);
STATE IDLE;
RUNTEST 30001E-6 SEC;
SIR 30 TDI (2bffffff);
SIR 30 TDI (2a1fffff);
SDR 13 TDI (012f);
SIR 30 TDI (290fffff);
SDR 328 TDI (ffffffffff7fc58fe3f8ffdfc3e0301a05000000fe06007c1ff82ff07c19bfc7afebf35ff3cf81f8fc);
SIR 30 TDI (29efffff);
STATE IDLE;
RUNTEST 30001E-6 SEC;
SIR 30 TDI (2bffffff);
SIR 30 TDI (2a1fffff);
SDR 13 TDI (0133);
SIR 30 TDI (290fffff);
SDR 328 TDI (ffffffffff7fc78fe3f8ffdfc3f0781e07000000fe06007c1ff82ff07c19bfc7afebf35ff3cf81f8fc);
SIR 30 TDI (29efffff);
STATE IDLE;
RUNTEST 30001E-6 SEC;
SIR 30 TDI (2bffffff);
SIR 30 TDI (2a1fffff);
SDR 13 TDI (0137);
SIR 30 TDI (290fffff);
SDR 328 TDI (ffffffffff7fc78fe3f8ffdfc3f0781e07000000fe06007c1ff82ff07c19bfc7afebf35ff3cf81f8fc);
SIR 30 TDI (29efffff);
STATE IDLE;
RUNTEST 30001E-6 SEC;
SIR 30 TDI (2bffffff);
SIR 30 TDI (2a1fffff);
SDR 13 TDI (013b);
SIR 30 TDI (290fffff);
SDR 328 TDI (ffffffffff4fc38fe3f0fc5fc3f0781e07000000fe06007c1ff02ff07c19bbc7aeab735ff3cf81b8fc);
SIR 30 TDI (29efffff);
STATE IDLE;
RUNTEST 30001E-6 SEC;
SIR 30 TDI (2bffffff);
SIR 30 TDI (2a1fffff);
SDR 13 TDI (013f);
SIR 30 TDI (290fffff);
SDR 328 TDI (fffffffffd7fc78fe3f8ffdfc3f0781e07000000fe06007c1ff82ff07c19bec727ebd35f738f8178fc);
SIR 30 TDI (29efffff);
STATE IDLE;
RUNTEST 30001E-6 SEC;
SIR 30 TDI (2bffffff);
SIR 30 TDI (2a1fffff);
SDR 13 TDI (0143);
SIR 30 TDI (290fffff);
SDR 328 TDI (f5fffbffee47c38fe3f0f7dfc2f0781e07000000fe06007c1ff82ff07c19bfc7afebf35ff3cf81f8fc);
SIR 30 TDI (29efffff);
STATE IDLE;
RUNTEST 30001E-6 SEC;
SIR 30 TDI (2bffffff);
SIR 30 TDI (2a1fffff);
SDR 13 TDI (0147);
SIR 30 TDI (290fffff);
SDR 328 TDI (ffefddeeff7ec78be2f8ffdfc170781e07000000fe06007c1ff82ff07c19bfc7afebf35ff3cf81f8fc);
SIR 30 TDI (29efffff);
STATE IDLE;
RUNTEST 30001E-6 SEC;
SIR 30 TDI (2bffffff);
SIR 30 TDI (2a1fffff);
SDR 13 TDI (014b);
SIR 30 TDI (290fffff);
SDR 328 TDI (7f7cf7fbdf7f878f63d8ffdfc3f0781607000000000600340db02ed03419bfc7afebf35ff3cf81f8fc);
SIR 30 TDI (29efffff);
STATE IDLE;
RUNTEST 30001E-6 SEC;
SIR 30 TDI (2bffffff);
SIR 30 TDI (2a1fffff);
SDR 13 TDI (014f);
SIR 30 TDI (290fffff);
SDR 328 TDI (f7bffbffee47c38fe3f0ffcac3f0781e07000000fe06005c17e827705c19bfc7afebf35ff28201f8fc);
SIR 30 TDI (29efffff);
STATE IDLE;
RUNTEST 30001E-6 SEC;
SIR 30 TDI (2bffffff);
SIR 30 TDI (2a1fffff);
SDR 13 TDI (0153);
SIR 30 TDI (290fffff);
SDR 328 TDI (ffffffffff7fc78fe3f8ffdfc3f0781e07000000fe06007c1ff82ff07419bfc7afebf35ff3cf81f8fc);
SIR 30 TDI (29efffff);
STATE IDLE;
RUNTEST 30001E-6 SEC;
SIR 30 TDI (2bffffff);
SIR 30 TDI (2a1fffff);
SDR 13 TDI (0157);
SIR 30 TDI (290fffff);
SDR 328 TDI (ffffffffff7fc78fe3f8ffdfc3f0781e07000000fe06007c1ff82ff07c19bfc7afebf35ff3cf81f8fc);
SIR 30 TDI (29efffff);
STATE IDLE;
RUNTEST 30001E-6 SEC;
SIR 30 TDI (2bffffff);
SIR 30 TDI (2a1fffff);
SDR 13 TDI (015b);
SIR 30 TDI (290fffff);
SDR 328 TDI (ffffffffff7fc78fe3f8ffdfc3f0781e07000000fe06007c1ff82ff07c19bfc7afebf35ff3cf81f8fc);
SIR 30 TDI (29efffff);
STATE IDLE;
RUNTEST 30001E-6 SEC;
SIR 30 TDI (2bffffff);
SIR 30 TDI (2a1fffff);
SDR 13 TDI (015f);
SIR 30 TDI (290fffff);
SDR 328 TDI (19ffffffff7fc78fe3f8ffdfc3f0781e07000000fe06007c1ff82ff07c19bfc7afebf35ff3cf81f8fc);
SIR 30 TDI (29efffff);
STATE IDLE;
RUNTEST 30001E-6 SEC;
SIR 30 TDI (2bffffff);
SIR 30 TDI (2a1fffff);
SDR 13 TDI (0163);
SIR 30 TDI (290fffff);
SDR 328 TDI (ffffffffff7fc78fe3f8ffdfc3f0781e07000000fe0600781e780fe078183fc7afebf35ff3cf81f8fc);
SIR 30 TDI (29efffff);
STATE IDLE;
RUNTEST 30001E-6 SEC;
SIR 30 TDI (2bffffff);
SIR 30 TDI (2a1fffff);
SDR 13 TDI (0167);
SIR 30 TDI (290fffff);
SDR 328 TDI (ffffffffff7fc78fc3f8ffdfc3f0781e07000000fe06007c1ff82ff07c19bfc7afebf35ff3cf81f8fc);
SIR 30 TDI (29efffff);
STATE IDLE;
RUNTEST 30001E-6 SEC;
SIR 30 TDI (2bffffff);
SIR 30 TDI (2a1fffff);
SDR 13 TDI (016b);
SIR 30 TDI (290fffff);
SDR 328 TDI (f7f7badf7e55c78de370fbdfc3f0481e06000000fe06007c1ff82ff06c19bfc7afebf35ff3cf81f8fc);
SIR 30 TDI (29efffff);
STATE IDLE;
RUNTEST 30001E-6 SEC;
SIR 30 TDI (2bffffff);
SIR 30 TDI (2a1fffff);
SDR 13 TDI (016f);
SIR 30 TDI (290fffff);
SDR 328 TDI (ffffffffef6fc38fe3f8fedfc3f0781e07000000fe06007c1ff82ff07c19b7c7afebf35ff3cf81f8fc);
SIR 30 TDI (29efffff);
STATE IDLE;
RUNTEST 30001E-6 SEC;
SIR 30 TDI (2bffffff);
SIR 30 TDI (2a1fffff);
SDR 13 TDI (0173);
SIR 30 TDI (290fffff);
SDR 328 TDI (ffffffffff7fc58fe3f8ffdfc3f0781e07000000fe06007c1ff82ff07c19bfc7afebf358328201f8fc);
SIR 30 TDI (29efffff);
STATE IDLE;
RUNTEST 30001E-6 SEC;
SIR 30 TDI (2bffffff);
SIR 30 TDI (2a1fffff);
SDR 13 TDI (0177);
SIR 30 TDI (290fffff);
SDR 328 TDI (ffffffffff7fc78fe3f8ffdfc3f0781e07000000fe06007c1ff82ff07c19bfc7afebf35ff3cf81f8fc);
SIR 30 TDI (29efffff);
STATE IDLE;
RUNTEST 30001E-6 SEC;
SIR 30 TDI (2bffffff);
SIR 30 TDI (2a1fffff);
SDR 13 TDI (017b);
SIR 30 TDI (290fffff);
SDR 328 TDI (ffffffffff7fc78fe3f8fadfc3f0481e06000000fe02007c1ff82ff07c19bfc7afebf35ff3cf81f8fc);
SIR 30 TDI (29efffff);
STATE IDLE;
RUNTEST 30001E-6 SEC;
SIR 30 TDI (2bffffff);
SIR 30 TDI (2a1fffff);
SDR 13 TDI (017f);
SIR 30 TDI (290fffff);
SDR 328 TDI (ffffffffff7fc78fe3f8ff9fc3f0781e07000000000400340db02ed03419bfc7afebf35ff3cf81f8fc);
SIR 30 TDI (29efffff);
STATE IDLE;
RUNTEST 30001E-6 SEC;
SIR 30 TDI (2bffffff);
SIR 30 TDI (2a1fffff);
SDR 13 TDI (0183);
SIR 30 TDI (290fffff);
SDR 328 TDI (ffffffffff7fc78fe3f8fb9fc3f0781e070000003e0600741db82fd07419bfc7afebf35ff3cf81f8fc);
SIR 30 TDI (29efffff);
STATE IDLE;
RUNTEST 30001E-6 SEC;
SIR 30 TDI (2bffffff);
SIR 30 TDI (2a1fffff);
SDR 13 TDI (0187);
SIR 30 TDI (290fffff);
SDR 328 TDI (ffffffffff7fc78fe3f8fddfc3f0781e07000000c006003c0ff02cf03c11bfc7afebf35ff3cf81f8fc);
SIR 30 TDI (29efffff);
STATE IDLE;
RUNTEST 30001E-6 SEC;
SIR 30 TDI (2bffffff);
SIR 30 TDI (2a1fffff);
SDR 13 TDI (018b);
SIR 30 TDI (290fffff);
SDR 328 TDI (ff3fffffff7fc78fe3f8ffdfc3f0781a07000000fe06007c1ff82ef07c19bfc7afebf35ff3cf81f8fc);
SIR 30 TDI (29efffff);
STATE IDLE;
RUNTEST 30001E-6 SEC;
SIR 30 TDI (2bffffff);
SIR 30 TDI (2a1fffff);
SDR 13 TDI (018f);
SIR 30 TDI (290fffff);
SDR 328 TDI (ffffffffff7fc78fe3f8ffdfc3f0301e07000000fe06007c1ff82ff07c19bfc7afebf35ff3cf81f8fc);
SIR 30 TDI (29efffff);
STATE IDLE;
RUNTEST 30001E-6 SEC;
SIR 30 TDI (2bffffff);
SIR 30 TDI (2a1fffff);
SDR 13 TDI (0193);
SIR 30 TDI (290fffff);
SDR 328 TDI (ffffffffff7fc78fe3f8ffdfc3f0781e07000000fe06007c1ff82ff07c19bf86af28934ff3cf81d8fc);
SIR 30 TDI (29efffff);
STATE IDLE;
RUNTEST 30001E-6 SEC;
SIR 30 TDI (2bffffff);
SIR 30 TDI (2a1fffff);
SDR 13 TDI (0197);
SIR 30 TDI (290fffff);
SDR 328 TDI (ffffffffff7fc78fe3f8ffdfc3f0781e07000000fe06007c1ff82ff07c19bfc7afeb735df3ce81f8fc);
SIR 30 TDI (29efffff);
STATE IDLE;
RUNTEST 30001E-6 SEC;
SIR 30 TDI (2bffffff);
SIR 30 TDI (2a1fffff);
SDR 13 TDI (019b);
SIR 30 TDI (290fffff);
SDR 328 TDI (ffffffffff7fc78fe3f8efdfc3f0781e07000000fe0600741ff82ff07c19bfc7afebf35ff3cf81f8fc);
SIR 30 TDI (29efffff);
STATE IDLE;
RUNTEST 30001E-6 SEC;
SIR 30 TDI (2bffffff);
SIR 30 TDI (2a1fffff);
SDR 13 TDI (019f);
SIR 30 TDI (290fffff);
SDR 328 TDI (ffffffffff7fc78fe3f8ffdfc3f0781e07000000fe06007c1ff82ff07c19bfc7afebf35ff3cf81f0fc);
SIR 30 TDI (29efffff);
STATE IDLE;
RUNTEST 30001E-6 SEC;
SIR 30 TDI (2bffffff);
SIR 30 TDI (2a1fffff);
SDR 13 TDI (01a3);
SIR 30 TDI (290fffff);
SDR 328 TDI (ffffffffff7fc78fe3f8ffdfc3f0781e07000000fe06007c1bf82ff07c19bfc7afebf35ff3cf81f8fc);
SIR 30 TDI (29efffff);
STATE IDLE;
RUNTEST 30001E-6 SEC;
SIR 30 TDI (2bffffff);
SIR 30 TDI (2a1fffff);
SDR 13 TDI (01a7);
SIR 30 TDI (290fffff);
SDR 328 TDI (ffffffffff7fc78fe3f8ffdfc3f0781e07000000fe06007c1ff82ff07c19bfc7afebf35ff3cd81f8fc);
SIR 30 TDI (29efffff);
STATE IDLE;
RUNTEST 30001E-6 SEC;
SIR 30 TDI (2bffffff);
SIR 30 TDI (2a1fffff);
SDR 13 TDI (01ab);
SIR 30 TDI (290fffff);
SDR 328 TDI (ffffffffff7fc78fe3f8ffdfc3f0781e07000000fe06007c1ff82fb07c19bfc7afebf35ff3cf81f8fc);
SIR 30 TDI (29efffff);
STATE IDLE;
RUNTEST 30001E-6 SEC;
SIR 30 TDI (2bffffff);
SIR 30 TDI (2a1fffff);
SDR 13 TDI (01af);
SIR 30 TDI (290fffff);
SDR 328 TDI (ffffffffff7fc78fe3f8ffdfc3f0781e07000000fe06007c1ff82ff07c19bfc7afebf35ff28201f8fc);
SIR 30 TDI (29efffff);
STATE IDLE;
RUNTEST 30001E-6 SEC;
SIR 30 TDI (2bffffff);
STATE IDLE;
SIR 30 TDI (2a1fffff);
SDR 13 TDI (0203);
SIR 30 TDI (290fffff);
SDR 328 TDI (ccc20c8060061fe1f938382fd0741db82e10641eff8783f0f83807c060103f3ff3fcffff3f83e33cfc);
SIR 30 TDI (29efffff);
STATE IDLE;
RUNTEST 30001E-6 SEC;
SIR 30 TDI (2bffffff);
SIR 30 TDI (2a1fffff);
SDR 13 TDI (0207);
SIR 30 TDI (290fffff);
SDR 328 TDI (ccc20c8060061fe1f938382fd0741db82e10641eff8783f0f83807c060103f3ff3fcffff3f83e33cfc);
SIR 30 TDI (29efffff);
STATE IDLE;
RUNTEST 30001E-6 SEC;
SIR 30 TDI (2bffffff);
SIR 30 TDI (2a1fffff);
SDR 13 TDI (020b);
SIR 30 TDI (290fffff);
SDR 328 TDI (ccc20c8060061fe1f938382fd0741db82e10641eff8783f0f83807c060103f3ff3fcffff3f83e33cfc);
SIR 30 TDI (29efffff);
STATE IDLE;
RUNTEST 30001E-6 SEC;
SIR 30 TDI (2bffffff);
SIR 30 TDI (2a1fffff);
SDR 13 TDI (020f);
SIR 30 TDI (290fffff);
SDR 328 TDI (ccc20c8060061fe1f938382fd0741db82e10641eff8783f0f83807c060103f3ff3fcffff3f83e33cfc);
SIR 30 TDI (29efffff);
STATE IDLE;
RUNTEST 30001E-6 SEC;
SIR 30 TDI (2bffffff);
SIR 30 TDI (2a1fffff);
SDR 13 TDI (0213);
SIR 30 TDI (290fffff);
SDR 328 TDI (ccc20c8060061fe1f938382fd0741db82e10641eff8783f0f83807c060103f3ff3fcffff3f83e33cfc);
SIR 30 TDI (29efffff);
STATE IDLE;
RUNTEST 30001E-6 SEC;
SIR 30 TDI (2bffffff);
SIR 30 TDI (2a1fffff);
SDR 13 TDI (0217);
SIR 30 TDI (290fffff);
SDR 328 TDI (ccc20c8060061fe1f938382fd0741db82e10641eff8783f0f83807c060103f3ff3fcffff3f83e33cfc);
SIR 30 TDI (29efffff);
STATE IDLE;
RUNTEST 30001E-6 SEC;
SIR 30 TDI (2bffffff);
SIR 30 TDI (2a1fffff);
SDR 13 TDI (021b);
SIR 30 TDI (290fffff);
SDR 328 TDI (ccc20c8060061fe1f938382fd0741db82e10641eff8783f0f83807c060103f3ff3fcffff3f83e33cfc);
SIR 30 TDI (29efffff);
STATE IDLE;
RUNTEST 30001E-6 SEC;
SIR 30 TDI (2bffffff);
SIR 30 TDI (2a1fffff);
SDR 13 TDI (021f);
SIR 30 TDI (290fffff);
SDR 328 TDI (ccc20c8060061fe1f938382fd0741db82e10641eff8783f0f83807c060103f3ff3fcffff3f83e33cfc);
SIR 30 TDI (29efffff);
STATE IDLE;
RUNTEST 30001E-6 SEC;
SIR 30 TDI (2bffffff);
SIR 30 TDI (2a1fffff);
SDR 13 TDI (0223);
SIR 30 TDI (290fffff);
SDR 328 TDI (ccc20c8060061fe1f938382fd0741db82e10641eff8783f0f83807c060103f3ff3fcffff3f83e33cfc);
SIR 30 TDI (29efffff);
STATE IDLE;
RUNTEST 30001E-6 SEC;
SIR 30 TDI (2bffffff);
SIR 30 TDI (2a1fffff);
SDR 13 TDI (0227);
SIR 30 TDI (290fffff);
SDR 328 TDI (ccc20c8060061fe1f938382fd0741db82e10641eff8783f0f83807c060103f3ff3fcffff3f83e33cfc);
SIR 30 TDI (29efffff);
STATE IDLE;
RUNTEST 30001E-6 SEC;
SIR 30 TDI (2bffffff);
SIR 30 TDI (2a1fffff);
SDR 13 TDI (022b);
SIR 30 TDI (290fffff);
SDR 328 TDI (ccc20c8060061fe1f938382fd0741db82e10641eff8783f0f83807c060103f3ff3fcffff3f83e33cfc);
SIR 30 TDI (29efffff);
STATE IDLE;
RUNTEST 30001E-6 SEC;
SIR 30 TDI (2bffffff);
SIR 30 TDI (2a1fffff);
SDR 13 TDI (022f);
SIR 30 TDI (290fffff);
SDR 328 TDI (ccc20c8060061fe1f938382fd0741db82e10641eff8783f0f83807c060103f3ff3fcffff3f83e33cfc);
SIR 30 TDI (29efffff);
STATE IDLE;
RUNTEST 30001E-6 SEC;
SIR 30 TDI (2bffffff);
SIR 30 TDI (2a1fffff);
SDR 13 TDI (0233);
SIR 30 TDI (290fffff);
SDR 328 TDI (ccc20c8060061fe1f938382fd0741db82e10641eff8783f0f83807c060103f3ff3fcffff3f83e33cfc);
SIR 30 TDI (29efffff);
STATE IDLE;
RUNTEST 30001E-6 SEC;
SIR 30 TDI (2bffffff);
SIR 30 TDI (2a1fffff);
SDR 13 TDI (0237);
SIR 30 TDI (290fffff);
SDR 328 TDI (ccc20c8060061fe1f938382fd0741db82e10641eff8783f0f83807c060103f3ff3fcffff3f83e33cfc);
SIR 30 TDI (29efffff);
STATE IDLE;
RUNTEST 30001E-6 SEC;
SIR 30 TDI (2bffffff);
SIR 30 TDI (2a1fffff);
SDR 13 TDI (023b);
SIR 30 TDI (290fffff);
SDR 328 TDI (ccc20c8060061fe1f938382fd0741db82e10641eff8783d0e83807c060103f3ff3fcffff3f83e33cfc);
SIR 30 TDI (29efffff);
STATE IDLE;
RUNTEST 30001E-6 SEC;
SIR 30 TDI (2bffffff);
SIR 30 TDI (2a1fffff);
SDR 13 TDI (023f);
SIR 30 TDI (290fffff);
SDR 328 TDI (ccc20c8060061fe1f938382fd0741db82e10641eff8783f0f828074020103f3ff3fcffff3f83e33cfc);
SIR 30 TDI (29efffff);
STATE IDLE;
RUNTEST 30001E-6 SEC;
SIR 30 TDI (2bffffff);
SIR 30 TDI (2a1fffff);
SDR 13 TDI (0243);
SIR 30 TDI (290fffff);
SDR 328 TDI (ccc20c8060061fe1f938382fd0741db82e10641eff8703f0f83803c060103f3ff3fcffff3f83a33cfc);
SIR 30 TDI (29efffff);
STATE IDLE;
RUNTEST 30001E-6 SEC;
SIR 30 TDI (2bffffff);
SIR 30 TDI (2a1fffff);
SDR 13 TDI (0247);
SIR 30 TDI (290fffff);
SDR 328 TDI (ccc20c8060061fe1f938382fd0741db82e10641eff8783f0f83807c060103f3ff3fcffff3f83e33cfc);
SIR 30 TDI (29efffff);
STATE IDLE;
RUNTEST 30001E-6 SEC;
SIR 30 TDI (2bffffff);
SIR 30 TDI (2a1fffff);
SDR 13 TDI (024b);
SIR 30 TDI (290fffff);
SDR 328 TDI (ccc20c8060061fe1f838382fd0741db82610641eff8783f0783807c060103f3ff3fc7fff3f83e33cfc);
SIR 30 TDI (29efffff);
STATE IDLE;
RUNTEST 30001E-6 SEC;
SIR 30 TDI (2bffffff);
SIR 30 TDI (2a1fffff);
SDR 13 TDI (024f);
SIR 30 TDI (290fffff);
SDR 328 TDI (ccc20c8060061fe1f938382fd0741db82e10641eff8783f0f83807c060103f3ff3fcffff3f83e33cfc);
SIR 30 TDI (29efffff);
STATE IDLE;
RUNTEST 30001E-6 SEC;
SIR 30 TDI (2bffffff);
SIR 30 TDI (2a1fffff);
SDR 13 TDI (0253);
SIR 30 TDI (290fffff);
SDR 328 TDI (ccc20c8000001fe1f9380020100401802010641efe8783f0f83807c06010003ff07c1ff83f80633cfc);
SIR 30 TDI (29efffff);
STATE IDLE;
RUNTEST 30001E-6 SEC;
SIR 30 TDI (2bffffff);
SIR 30 TDI (2a1fffff);
SDR 13 TDI (0257);
SIR 30 TDI (290fffff);
SDR 328 TDI (4c82048060061fe1f938382fd0741db82e10641eff8783f0f83807c060103f3ff3fcffff3f83e13cfc);
SIR 30 TDI (29efffff);
STATE IDLE;
RUNTEST 30001E-6 SEC;
SIR 30 TDI (2bffffff);
SIR 30 TDI (2a1fffff);
SDR 13 TDI (025b);
SIR 30 TDI (290fffff);
SDR 328 TDI (ccc20c8060061b61d938382e50741db82e10641eff8783f0f83807c060102d3ff2fcbffd3f82e33cfc);
SIR 30 TDI (29efffff);
STATE IDLE;
RUNTEST 30001E-6 SEC;
SIR 30 TDI (2bffffff);
SIR 30 TDI (2a1fffff);
SDR 13 TDI (025f);
SIR 30 TDI (290fffff);
SDR 328 TDI (ccc20c8060061fe1f938382fd0741db82e10641efe8783f0f83807c060101e3ff1fc7ffe3f81e33cfc);
SIR 30 TDI (29efffff);
STATE IDLE;
RUNTEST 30001E-6 SEC;
SIR 30 TDI (2bffffff);
SIR 30 TDI (2a1fffff);
SDR 13 TDI (0263);
SIR 30 TDI (290fffff);
SDR 328 TDI (ccc20c8060061fe1b938382fd0741db82e10640ef38003f0f838008060003f37b3ecfbdf3783e33cfc);
SIR 30 TDI (29efffff);
STATE IDLE;
RUNTEST 30001E-6 SEC;
SIR 30 TDI (2bffffff);
SIR 30 TDI (2a1fffff);
SDR 13 TDI (0267);
SIR 30 TDI (290fffff);
SDR 328 TDI (ccc20c8060061fe1f938382fd0741db82e10641eff8783f0f83807c060103f3ff3fcffff3f83e33cfc);
SIR 30 TDI (29efffff);
STATE IDLE;
RUNTEST 30001E-6 SEC;
SIR 30 TDI (2bffffff);
SIR 30 TDI (2a1fffff);
SDR 13 TDI (026b);
SIR 30 TDI (290fffff);
SDR 328 TDI (ccc20c8060061fe1f938382fd0741db82e10641efd8783f0f83807c060103f3ff3fcffff3f83e23cfc);
SIR 30 TDI (29efffff);
STATE IDLE;
RUNTEST 30001E-6 SEC;
SIR 30 TDI (2bffffff);
SIR 30 TDI (2a1fffff);
SDR 13 TDI (026f);
SIR 30 TDI (290fffff);
SDR 328 TDI (ccc20c8060061fe1f938382fd0741db82e10641eff8783f0f83807c060103f3ff3fcffff3f83e33cfc);
SIR 30 TDI (29efffff);
STATE IDLE;
RUNTEST 30001E-6 SEC;
SIR 30 TDI (2bffffff);
SIR 30 TDI (2a1fffff);
SDR 13 TDI (0273);
SIR 30 TDI (290fffff);
SDR 328 TDI (ccc20c8060021fe1f938382f90741db82e10641eff8783f0f83807c060103f3ff3fcffff3f83e33cfc);
SIR 30 TDI (29efffff);
STATE IDLE;
RUNTEST 30001E-6 SEC;
SIR 30 TDI (2bffffff);
SIR 30 TDI (2a1fffff);
SDR 13 TDI (0277);
SIR 30 TDI (290fffff);
SDR 328 TDI (ccc20c8060061fe1f938382fd0741db82e10641eff8783f0f83807c060103f3ff3fcffff3f83e33cfc);
SIR 30 TDI (29efffff);
STATE IDLE;
RUNTEST 30001E-6 SEC;
SIR 30 TDI (2bffffff);
SIR 30 TDI (2a1fffff);
SDR 13 TDI (027b);
SIR 30 TDI (290fffff);
SDR 328 TDI (ccc20c8060061fe1f938102fd0741db82e10641eff8783f0f83807c060103f3cf3bceff73d83e33cfc);
SIR 30 TDI (29efffff);
STATE IDLE;
RUNTEST 30001E-6 SEC;
SIR 30 TDI (2bffffff);
SIR 30 TDI (2a1fffff);
SDR 13 TDI (027f);
SIR 30 TDI (290fffff);
SDR 328 TDI (ccc00c8060061fe1f938382fd0741db82e10641ef38003f0f838008060003f0783e0f81f0783e33cfc);
SIR 30 TDI (29efffff);
STATE IDLE;
RUNTEST 30001E-6 SEC;
SIR 30 TDI (2bffffff);
SIR 30 TDI (2a1fffff);
SDR 13 TDI (0283);
SIR 30 TDI (290fffff);
SDR 328 TDI (c8c20c8060061fe1f938382fd07419b82e10641eff878370f83807c060101e3ff1fc7ffe3f81e33cfc);
SIR 30 TDI (29efffff);
STATE IDLE;
RUNTEST 30001E-6 SEC;
SIR 30 TDI (2bffffff);
SIR 30 TDI (2a1fffff);
SDR 13 TDI (0287);
SIR 30 TDI (290fffff);
SDR 328 TDI (ccc20c8060061fe1f938382fd0741db82e10641eff8783f0f83807c06010333ff37cdffb3f83633cfc);
SIR 30 TDI (29efffff);
STATE IDLE;
RUNTEST 30001E-6 SEC;
SIR 30 TDI (2bffffff);
SIR 30 TDI (2a1fffff);
SDR 13 TDI (028b);
SIR 30 TDI (290fffff);
SDR 328 TDI (ccc20c8060061fe1f93838279064199826106416f38003f0f838008060003f3ff3fcffff3f81e33cfc);
SIR 30 TDI (29efffff);
STATE IDLE;
RUNTEST 30001E-6 SEC;
SIR 30 TDI (2bffffff);
SIR 30 TDI (2a1fffff);
SDR 13 TDI (028f);
SIR 30 TDI (290fffff);
SDR 328 TDI (ccc20c8060061fe1f938382b505415a82a10641eff8783f0f83807c060103f3ff3fcffff3f83e33cfc);
SIR 30 TDI (29efffff);
STATE IDLE;
RUNTEST 30001E-6 SEC;
SIR 30 TDI (2bffffff);
SIR 30 TDI (2a1fffff);
SDR 13 TDI (0293);
SIR 30 TDI (290fffff);
SDR 328 TDI (ccc20c8020061fe0f938382fd0741db82e10641eff8783f0f83807c060103f01f3fcffff3f82633cfc);
SIR 30 TDI (29efffff);
STATE IDLE;
RUNTEST 30001E-6 SEC;
SIR 30 TDI (2bffffff);
SIR 30 TDI (2a1fffff);
SDR 13 TDI (0297);
SIR 30 TDI (290fffff);
SDR 328 TDI (ccc20c8060041fe1f938382fd0741db82e10641eff8783f0f83807c060103f3ff3fcffff3f83e33cfc);
SIR 30 TDI (29efffff);
STATE IDLE;
RUNTEST 30001E-6 SEC;
SIR 30 TDI (2bffffff);
SIR 30 TDI (2a1fffff);
SDR 13 TDI (029b);
SIR 30 TDI (290fffff);
SDR 328 TDI (ccc20c8060060fc1f128382fd0741db82e10441eff8783f0f83807c060103f3ff3fcffff3f83e33cfc);
SIR 30 TDI (29efffff);
STATE IDLE;
RUNTEST 30001E-6 SEC;
SIR 30 TDI (2bffffff);
SIR 30 TDI (2a1fffff);
SDR 13 TDI (029f);
SIR 30 TDI (290fffff);
SDR 328 TDI (ccc20c80600617a1e930382fd0741db82e10641ef38003f0f838008060003f3b73dcf7ef3b83e33cfc);
SIR 30 TDI (29efffff);
STATE IDLE;
RUNTEST 30001E-6 SEC;
SIR 30 TDI (2bffffff);
SIR 30 TDI (2a1fffff);
SDR 13 TDI (02a3);
SIR 30 TDI (290fffff);
SDR 328 TDI (c4c20c8060061fe1f938382fd0641db82e10641eaf8783f0f83807c060103f3ff3fcffff3f83e33cfc);
SIR 30 TDI (29efffff);
STATE IDLE;
RUNTEST 30001E-6 SEC;
SIR 30 TDI (2bffffff);
SIR 30 TDI (2a1fffff);
SDR 13 TDI (02a7);
SIR 30 TDI (290fffff);
SDR 328 TDI (ccc20c8060061fe1f938382fd0741db82e10641eff878070f83807c060103f3ff3fcffff3f83e33cfc);
SIR 30 TDI (29efffff);
STATE IDLE;
RUNTEST 30001E-6 SEC;
SIR 30 TDI (2bffffff);
SIR 30 TDI (2a1fffff);
SDR 13 TDI (02ab);
SIR 30 TDI (290fffff);
SDR 328 TDI (ccc20c0060061fe1f938382fd07405b82e10641efb8003f0f83807c060103f3ff3fcffff3f83e33cfc);
SIR 30 TDI (29efffff);
STATE IDLE;
RUNTEST 30001E-6 SEC;
SIR 30 TDI (2bffffff);
SIR 30 TDI (2a1fffff);
SDR 13 TDI (02af);
SIR 30 TDI (290fffff);
SDR 328 TDI (ccc20c8060061fe1f938382fd0741db82e10641ef78783f0f838008060103f3ff3fcffff3f83e33cfc);
SIR 30 TDI (29efffff);
STATE IDLE;
RUNTEST 30001E-6 SEC;
SIR 30 TDI (2bffffff);
SIR 30 TDI (2a1fffff);
SDR 13 TDI (02b3);
SIR 30 TDI (290fffff);
SDR 328 TDI (ccc20c8060061fe1f938382fd0741db82e10641eff8783f0f83807c060103f3ff3fcffff3f83e33cfc);
SIR 30 TDI (29efffff);
STATE IDLE;
RUNTEST 30001E-6 SEC;
SIR 30 TDI (2bffffff);
SIR 30 TDI (2a1fffff);
SDR 13 TDI (02b7);
SIR 30 TDI (290fffff);
SDR 328 TDI (ccc20c8060061fe1f938302fd0741db82e10641eff8783f0f83807c060103f3ff3fcffff3f83e33cfc);
SIR 30 TDI (29efffff);
STATE IDLE;
RUNTEST 30001E-6 SEC;
SIR 30 TDI (2bffffff);
SIR 30 TDI (2a1fffff);
SDR 13 TDI (02bb);
SIR 30 TDI (290fffff);
SDR 328 TDI (ccc20c8060060781e120382fd0741d982e10641eff8783f0f83807c060103f3ff3fcffff3f83e33cfc);
SIR 30 TDI (29efffff);
STATE IDLE;
RUNTEST 30001E-6 SEC;
SIR 30 TDI (2bffffff);
SIR 30 TDI (2a1fffff);
SDR 13 TDI (02bf);
SIR 30 TDI (290fffff);
SDR 328 TDI (ccc20c8060061fe1f938382fd0741db82e10641ebf8782f0f83807c060103f2fd3f4fdbf2f83e33cfc);
SIR 30 TDI (29efffff);
STATE IDLE;
RUNTEST 30001E-6 SEC;
SIR 30 TDI (2bffffff);
SIR 30 TDI (2a1fffff);
SDR 13 TDI (02c3);
SIR 30 TDI (290fffff);
SDR 328 TDI (ccc20c8060061fe1f938382fd0741db82e10641eff8783e0f838078060103f3ff3fcffff3e83e33cfc);
SIR 30 TDI (29efffff);
STATE IDLE;
RUNTEST 30001E-6 SEC;
SIR 30 TDI (2bffffff);
SIR 30 TDI (2a1fffff);
SDR 13 TDI (02c7);
SIR 30 TDI (290fffff);
SDR 328 TDI (ccc20c8060061fe0f938382fd0741db82e10241eff8783f0f83807c060103f3ff3fcffff3f83e33cfc);
SIR 30 TDI (29efffff);
STATE IDLE;
RUNTEST 30001E-6 SEC;
SIR 30 TDI (2bffffff);
SIR 30 TDI (2a1fffff);
SDR 13 TDI (02cb);
SIR 30 TDI (290fffff);
SDR 328 TDI (ccc20c8060061fe1f938382fd0741db82e10641cff8783f0f83807c060103f3ff3fcfffe3f83e33cfc);
SIR 30 TDI (29efffff);
STATE IDLE;
RUNTEST 30001E-6 SEC;
SIR 30 TDI (2bffffff);
SIR 30 TDI (2a1fffff);
SDR 13 TDI (02cf);
SIR 30 TDI (290fffff);
SDR 328 TDI (ccc20c8060061fe1f938382fd0741db82e10641afd8783f0f83807c060103f3ff3fcffff3f83e33cfc);
SIR 30 TDI (29efffff);
STATE IDLE;
RUNTEST 30001E-6 SEC;
SIR 30 TDI (2bffffff);
SIR 30 TDI (2a1fffff);
SDR 13 TDI (02d3);
SIR 30 TDI (290fffff);
SDR 328 TDI (ccc20c8060061fe1f938382fd0741db82e10641eff8783f0f83807c060101f3ff3fcffff3f83e33cfc);
SIR 30 TDI (29efffff);
STATE IDLE;
RUNTEST 30001E-6 SEC;
SIR 30 TDI (2bffffff);
SIR 30 TDI (2a1fffff);
SDR 13 TDI (02d7);
SIR 30 TDI (290fffff);
SDR 328 TDI (ccc20c8060061fe1f938382fd0741db82e10641eff8783f0f83807c060103f3ff3fcffff3f83e33cfc);
SIR 30 TDI (29efffff);
STATE IDLE;
RUNTEST 30001E-6 SEC;
SIR 30 TDI (2bffffff);
SIR 30 TDI (2a1fffff);
SDR 13 TDI (02db);
SIR 30 TDI (290fffff);
SDR 328 TDI (ccc20c8060061fe1f938382fd0741db82e10641eff8783f0f83807c06010393ff3fcff073f83e33cfc);
SIR 30 TDI (29efffff);
STATE IDLE;
RUNTEST 30001E-6 SEC;
SIR 30 TDI (2bffffff);
SIR 30 TDI (2a1fffff);
SDR 13 TDI (02df);
SIR 30 TDI (290fffff);
SDR 328 TDI (ccc20c8060060781e138382fd0741db82e106418ff8783f0f83807c060103f3ff3fcffff3f83e33cfc);
SIR 30 TDI (29efffff);
STATE IDLE;
RUNTEST 30001E-6 SEC;
SIR 30 TDI (2bffffff);
SIR 30 TDI (2a1fffff);
SDR 13 TDI (02e3);
SIR 30 TDI (290fffff);
SDR 328 TDI (ccc20c8060061ee1f938382fd0741db82e10641eff8783f0f83807c060103e3ff3fcffff3f83e33cfc);
SIR 30 TDI (29efffff);
STATE IDLE;
RUNTEST 30001E-6 SEC;
SIR 30 TDI (2bffffff);
SIR 30 TDI (2a1fffff);
SDR 13 TDI (02e7);
SIR 30 TDI (290fffff);
SDR 328 TDI (ccc20c8060061fe1f938382fd0741db82e10641eff8783f0f83807c060103f3ff3fcffff3f83e33cfc);
SIR 30 TDI (29efffff);
STATE IDLE;
RUNTEST 30001E-6 SEC;
SIR 30 TDI (2bffffff);
SIR 30 TDI (2a1fffff);
SDR 13 TDI (02eb);
SIR 30 TDI (290fffff);
SDR 328 TDI (ccc20c8040061fe1f9383829d0741db82e10641eff8783f0f83807c060103f3ff1fcffff3f83e33cfc);
SIR 30 TDI (29efffff);
STATE IDLE;
RUNTEST 30001E-6 SEC;
SIR 30 TDI (2bffffff);
SIR 30 TDI (2a1fffff);
SDR 13 TDI (02ef);
SIR 30 TDI (290fffff);
SDR 328 TDI (ccc20c8060061fe1f938182fd0741db82e10641eff0783f0f83807c060103f3ff3fcffff3f83e33cfc);
SIR 30 TDI (29efffff);
STATE IDLE;
RUNTEST 30001E-6 SEC;
SIR 30 TDI (2bffffff);
SIR 30 TDI (2a1fffff);
SDR 13 TDI (02f3);
SIR 30 TDI (290fffff);
SDR 328 TDI (ccc20c8060061fe1f938382fd0741db82e10641eff8483b0f03004c040103f3ff3fcffff3f03c32cfc);
SIR 30 TDI (29efffff);
STATE IDLE;
RUNTEST 30001E-6 SEC;
SIR 30 TDI (2bffffff);
SIR 30 TDI (2a1fffff);
SDR 13 TDI (02f7);
SIR 30 TDI (290fffff);
SDR 328 TDI (ccc20c8060061fe1f938382fd0741db82e10641eff8783f0f83807c060103f3ff3fcffff3f83e33cfc);
SIR 30 TDI (29efffff);
STATE IDLE;
RUNTEST 30001E-6 SEC;
SIR 30 TDI (2bffffff);
SIR 30 TDI (2a1fffff);
SDR 13 TDI (02fb);
SIR 30 TDI (290fffff);
SDR 328 TDI (ccc20c8060061fe1f938382fd0741db82e10641eff8783f0f83807c06010273ff3fcffff0183e33cfc);
SIR 30 TDI (29efffff);
STATE IDLE;
RUNTEST 30001E-6 SEC;
SIR 30 TDI (2bffffff);
SIR 30 TDI (2a1fffff);
SDR 13 TDI (02ff);
SIR 30 TDI (290fffff);
SDR 328 TDI (ccc20c8060061fe1f938382fd0741db82e10641eff8783f0f83807c060103f3ff3fcffff3f83e33cfc);
SIR 30 TDI (29efffff);
STATE IDLE;
RUNTEST 30001E-6 SEC;
SIR 30 TDI (2bffffff);
SIR 30 TDI (2a1fffff);
SDR 13 TDI (0303);
SIR 30 TDI (290fffff);
SDR 328 TDI (ccc20c8060061fe1f938382fd0741db82e10641ebc078070183807c060103f3ff3fcffff3f83e33cfc);
SIR 30 TDI (29efffff);
STATE IDLE;
RUNTEST 30001E-6 SEC;
SIR 30 TDI (2bffffff);
SIR 30 TDI (2a1fffff);
SDR 13 TDI (0307);
SIR 30 TDI (290fffff);
SDR 328 TDI (ccc20c8060061fe1f938382fd0741db82e10641eff8783f0f83807c060103f3ff3fcffff3f83e33cfc);
SIR 30 TDI (29efffff);
STATE IDLE;
RUNTEST 30001E-6 SEC;
SIR 30 TDI (2bffffff);
SIR 30 TDI (2a1fffff);
SDR 13 TDI (030b);
SIR 30 TDI (290fffff);
SDR 328 TDI (ccc20c8060061fe1f9383827906419982610641eff8783f0f83807c060103f3ff3fcffff3f83e33cfc);
SIR 30 TDI (29efffff);
STATE IDLE;
RUNTEST 30001E-6 SEC;
SIR 30 TDI (2bffffff);
SIR 30 TDI (2a1fffff);
SDR 13 TDI (030f);
SIR 30 TDI (290fffff);
SDR 328 TDI (ccc20c8060061fe1f938382cd0340db02c10641eff8783f0f83807c060103f3ff3fcffff3f83e33cfc);
SIR 30 TDI (29efffff);
STATE IDLE;
RUNTEST 30001E-6 SEC;
SIR 30 TDI (2bffffff);
SIR 30 TDI (2a1fffff);
SDR 13 TDI (0313);
SIR 30 TDI (290fffff);
SDR 328 TDI (ccc20c8060061fe1f9383827d0741db82e10641eff8783f0f83807c060103f1fe3f8fe7f1f83e33cfc);
SIR 30 TDI (29efffff);
STATE IDLE;
RUNTEST 30001E-6 SEC;
SIR 30 TDI (2bffffff);
SIR 30 TDI (2a1fffff);
SDR 13 TDI (0317);
SIR 30 TDI (290fffff);
SDR 328 TDI (ccc20c8060061fe1f938382fd0741db82e10641ef38003f0f838008060003f3ff3fcffff3f83e33cfc);
SIR 30 TDI (29efffff);
STATE IDLE;
RUNTEST 30001E-6 SEC;
SIR 30 TDI (2bffffff);
SIR 30 TDI (2a1fffff);
SDR 13 TDI (031b);
SIR 30 TDI (290fffff);
SDR 328 TDI (ccc20c8020041fe1f938382fd0741db82e10641e6f8783f0783807c060103f3ff3fcffff3f83e33cfc);
SIR 30 TDI (29efffff);
STATE IDLE;
RUNTEST 30001E-6 SEC;
SIR 30 TDI (2bffffff);
SIR 30 TDI (2a1fffff);
SDR 13 TDI (031f);
SIR 30 TDI (290fffff);
SDR 328 TDI (ccc20c8040021fe1f938382fd0741db82e10641ebd8782f0b83807c060103f3ff3fcffff3f83e33cfc);
SIR 30 TDI (29efffff);
STATE IDLE;
RUNTEST 30001E-6 SEC;
SIR 30 TDI (2bffffff);
SIR 30 TDI (2a1fffff);
SDR 13 TDI (0323);
SIR 30 TDI (290fffff);
SDR 328 TDI (ccc20c8060061fe1f938382fd0741db82e10641eff8783f0f83807c060103f3ff3fcffff3f83e33cfc);
SIR 30 TDI (29efffff);
STATE IDLE;
RUNTEST 30001E-6 SEC;
SIR 30 TDI (2bffffff);
SIR 30 TDI (2a1fffff);
SDR 13 TDI (0327);
SIR 30 TDI (290fffff);
SDR 328 TDI (ccc20c8060061fe1f938382fd0741db82e10641eff8783f0f83807c060103f3ff3fcffff3f83e33cfc);
SIR 30 TDI (29efffff);
STATE IDLE;
RUNTEST 30001E-6 SEC;
SIR 30 TDI (2bffffff);
SIR 30 TDI (2a1fffff);
SDR 13 TDI (032b);
SIR 30 TDI (290fffff);
SDR 328 TDI (ccc20c80600617a1e930382fd0741db82e10641adf8783f0f83807c060103f3ff3fcffff3f83e33cfc);
SIR 30 TDI (29efffff);
STATE IDLE;
RUNTEST 30001E-6 SEC;
SIR 30 TDI (2bffffff);
SIR 30 TDI (2a1fffff);
SDR 13 TDI (032f);
SIR 30 TDI (290fffff);
SDR 328 TDI (ccc20c8060060fc1f128382fd0741db82e10641cff8783f0f83807c060103f3ff3fcffff3f83e33cfc);
SIR 30 TDI (29efffff);
STATE IDLE;
RUNTEST 30001E-6 SEC;
SIR 30 TDI (2bffffff);
SIR 30 TDI (2a1fffff);
SDR 13 TDI (0333);
SIR 30 TDI (290fffff);
SDR 328 TDI (ccc20c8060061de1f938382fd0741db82e10641eff8383f0f81807c060103f3ff3fcffff3f83e33cfc);
SIR 30 TDI (29efffff);
STATE IDLE;
RUNTEST 30001E-6 SEC;
SIR 30 TDI (2bffffff);
SIR 30 TDI (2a1fffff);
SDR 13 TDI (0337);
SIR 30 TDI (290fffff);
SDR 328 TDI (ccc20c8060061fe1f938382fd0741db82e10641eff8783f0f83807c060103f3ff3fcffff3f83e33cfc);
SIR 30 TDI (29efffff);
STATE IDLE;
RUNTEST 30001E-6 SEC;
SIR 30 TDI (2bffffff);
SIR 30 TDI (2a1fffff);
SDR 13 TDI (033b);
SIR 30 TDI (290fffff);
SDR 328 TDI (ccc20c8020041fe1f938382fd0141db82e10641eff8783f0f83807c060103f3ff3fcffff3f83e33cfc);
SIR 30 TDI (29efffff);
STATE IDLE;
RUNTEST 30001E-6 SEC;
SIR 30 TDI (2bffffff);
SIR 30 TDI (2a1fffff);
SDR 13 TDI (033f);
SIR 30 TDI (290fffff);
SDR 328 TDI (ccc20c8060061fe1f938382fd0741db82e10641eff8783f0f838074060103f3ff3fcffff3f83e33cfc);
SIR 30 TDI (29efffff);
STATE IDLE;
RUNTEST 30001E-6 SEC;
SIR 30 TDI (2bffffff);
SIR 30 TDI (2a1fffff);
SDR 13 TDI (0343);
SIR 30 TDI (290fffff);
SDR 328 TDI (ccc20c8060061fe1f938382fd0741db82e10641eff8783f0f83807c060103f3ff3fcffff3f83e318fc);
SIR 30 TDI (29efffff);
STATE IDLE;
RUNTEST 30001E-6 SEC;
SIR 30 TDI (2bffffff);
SIR 30 TDI (2a1fffff);
SDR 13 TDI (0347);
SIR 30 TDI (290fffff);
SDR 328 TDI (ccc20c8060061fe1f938382fd0741db82e10641eff8783f0f83807c060103f3ff3fcffff3f83e33cfc);
SIR 30 TDI (29efffff);
STATE IDLE;
RUNTEST 30001E-6 SEC;
SIR 30 TDI (2bffffff);
SIR 30 TDI (2a1fffff);
SDR 13 TDI (034b);
SIR 30 TDI (290fffff);
SDR 328 TDI (ccc20c8060061fe1f938282fd0741db82e10641e7f0783f0783807c060103f3cf3bceff73d83e33cfc);
SIR 30 TDI (29efffff);
STATE IDLE;
RUNTEST 30001E-6 SEC;
SIR 30 TDI (2bffffff);
SIR 30 TDI (2a1fffff);
SDR 13 TDI (034f);
SIR 30 TDI (290fffff);
SDR 328 TDI (ccc20c8060061fe1f938382fd0741db82e10641eff8783f0d83807c060103f0783e0f81f0783e33cfc);
SIR 30 TDI (29efffff);
STATE IDLE;
RUNTEST 30001E-6 SEC;
SIR 30 TDI (2bffffff);
SIR 30 TDI (2a1fffff);
SDR 13 TDI (0353);
SIR 30 TDI (290fffff);
SDR 328 TDI (ccc20c8060061fe1f938382fd0741db82e10641eff8783f0f83807c060103f3ff3fcffff3f83e33cfc);
SIR 30 TDI (29efffff);
STATE IDLE;
RUNTEST 30001E-6 SEC;
SIR 30 TDI (2bffffff);
SIR 30 TDI (2a1fffff);
SDR 13 TDI (0357);
SIR 30 TDI (290fffff);
SDR 328 TDI (ccc20c8060061fe1f938382fd0741db82e10641eff8783f0f83807c060103f3ff3fcffff3f83e33cfc);
SIR 30 TDI (29efffff);
STATE IDLE;
RUNTEST 30001E-6 SEC;
SIR 30 TDI (2bffffff);
SIR 30 TDI (2a1fffff);
SDR 13 TDI (035b);
SIR 30 TDI (290fffff);
SDR 328 TDI (8c42088060061fe1f938382fd0741db82e106418ff8783f0983807c060103f3ff27ce0ff3f83e33cfc);
SIR 30 TDI (29efffff);
STATE IDLE;
RUNTEST 30001E-6 SEC;
SIR 30 TDI (2bffffff);
SIR 30 TDI (2a1fffff);
SDR 13 TDI (035f);
SIR 30 TDI (290fffff);
SDR 328 TDI (ccc20c8060061fe1f938382fd0741db82e10641eff8783f0f83807c060103f3ff3fcffff3f83e33cfc);
SIR 30 TDI (29efffff);
STATE IDLE;
RUNTEST 30001E-6 SEC;
SIR 30 TDI (2bffffff);
SIR 30 TDI (2a1fffff);
SDR 13 TDI (0363);
SIR 30 TDI (290fffff);
SDR 328 TDI (ccc20c8060061fe1f938382fd0741da02e10641eff8783f0f83807c060103f3ff3fcffff3f83e33cfc);
SIR 30 TDI (29efffff);
STATE IDLE;
RUNTEST 30001E-6 SEC;
SIR 30 TDI (2bffffff);
SIR 30 TDI (2a1fffff);
SDR 13 TDI (0367);
SIR 30 TDI (290fffff);
SDR 328 TDI (ccc20c8060061fe1f938382fd0741db82e10641eff8783f0f83807c060103f3ff3fcffff3f83e33cfc);
SIR 30 TDI (29efffff);
STATE IDLE;
RUNTEST 30001E-6 SEC;
SIR 30 TDI (2bffffff);
SIR 30 TDI (2a1fffff);
SDR 13 TDI (036b);
SIR 30 TDI (290fffff);
SDR 328 TDI (ccc20c8060061fe1f938102fd0741db82e10641eff8783f0f83807c060103f3ff3fcffff3e03833cfc);
SIR 30 TDI (29efffff);
STATE IDLE;
RUNTEST 30001E-6 SEC;
SIR 30 TDI (2bffffff);
SIR 30 TDI (2a1fffff);
SDR 13 TDI (036f);
SIR 30 TDI (290fffff);
SDR 328 TDI (ccc20c8060061fe1f938282fd0741db82e10641efd8783f0f83807c060103f3ff3fcffff3f83e334fc);
SIR 30 TDI (29efffff);
STATE IDLE;
RUNTEST 30001E-6 SEC;
SIR 30 TDI (2bffffff);
SIR 30 TDI (2a1fffff);
SDR 13 TDI (0373);
SIR 30 TDI (290fffff);
SDR 328 TDI (ccc20c8060061fe17938382fd0741db82810641eef8781f0f83807c060103f3ff380fff93f83e33cfc);
SIR 30 TDI (29efffff);
STATE IDLE;
RUNTEST 30001E-6 SEC;
SIR 30 TDI (2bffffff);
SIR 30 TDI (2a1fffff);
SDR 13 TDI (0377);
SIR 30 TDI (290fffff);
SDR 328 TDI (ccc20c8060061fe1f938382fd0741db82e10641eff8783f0f83807c060103f3ff3fcffff3f83e33cfc);
SIR 30 TDI (29efffff);
STATE IDLE;
RUNTEST 30001E-6 SEC;
SIR 30 TDI (2bffffff);
SIR 30 TDI (2a1fffff);
SDR 13 TDI (037b);
SIR 30 TDI (290fffff);
SDR 328 TDI (ccc20c8060061fe1f918380fc0701c380e00601eff8783f0f83807c060103f3e03fc9fff3f83e33cfc);
SIR 30 TDI (29efffff);
STATE IDLE;
RUNTEST 30001E-6 SEC;
SIR 30 TDI (2bffffff);
SIR 30 TDI (2a1fffff);
SDR 13 TDI (037f);
SIR 30 TDI (290fffff);
SDR 328 TDI (ccc20c8060061fe1f938382fd0741db82e10641eff8783f0f83807c060103f3ff3fcffff3f83e33cfc);
SIR 30 TDI (29efffff);
STATE IDLE;
RUNTEST 30001E-6 SEC;
SIR 30 TDI (2bffffff);
STATE IDLE;
SIR 30 TDI (2a1fffff);
SDR 13 TDI (0003);
SIR 30 TDI (290fffff);
SDR 328 TDI (ffff8c90000000008911ffffcc99920009999911ffffc02000fc19118911ffffe073ccf689118909fc);
SIR 30 TDI (29efffff);
STATE IDLE;
RUNTEST 30001E-6 SEC;
SIR 30 TDI (2bffffff);
SIR 30 TDI (2a1fffff);
SDR 13 TDI (0007);
SIR 30 TDI (290fffff);
SDR 328 TDI (ffff0001000400000000ffff4400000000000000ffff0000004100000000ffff0000000100000000fc);
SIR 30 TDI (29efffff);
STATE IDLE;
RUNTEST 30001E-6 SEC;
SIR 30 TDI (2bffffff);
SIR 30 TDI (2a1fffff);
SDR 13 TDI (000b);
SIR 30 TDI (290fffff);
SDR 328 TDI (ffff2604666600000000ffff6600022200000066ffff6666666602442044ffff4644222200000020fc);
SIR 30 TDI (29efffff);
STATE IDLE;
RUNTEST 30001E-6 SEC;
SIR 30 TDI (2bffffff);
SIR 30 TDI (2a1fffff);
SDR 13 TDI (000f);
SIR 30 TDI (290fffff);
SDR 328 TDI (ffffc0f30000ffffb8edffff00fffcccddd999ffffff00000000ffee76eeffff0000000077fffffefc);
SIR 30 TDI (29efffff);
STATE IDLE;
RUNTEST 30001E-6 SEC;
SIR 30 TDI (2bffffff);
SIR 30 TDI (2a1fffff);
SDR 13 TDI (0013);
SIR 30 TDI (290fffff);
SDR 328 TDI (fffffffffffffffffeffffffeeffffffffffffffffffeef7eefffffffffffffff7ffffffdddfbffbfc);
SIR 30 TDI (29efffff);
STATE IDLE;
RUNTEST 30001E-6 SEC;
SIR 30 TDI (2bffffff);
SIR 30 TDI (2a1fffff);
SDR 13 TDI (0017);
SIR 30 TDI (290fffff);
SDR 328 TDI (ffffffffffff66666776ffff000f330c20446088ffffccf3cc0c20aa56aafffff3ffffff6e676e57fc);
SIR 30 TDI (29efffff);
STATE IDLE;
RUNTEST 30001E-6 SEC;
SIR 30 TDI (2bffffff);
SIR 30 TDI (2a1fffff);
SDR 13 TDI (001b);
SIR 30 TDI (290fffff);
SDR 328 TDI (fffff308131f98881999ffff0cc0000089118911ffffcc72c4f019998911ffff7cc0000090881199fc);
SIR 30 TDI (29efffff);
STATE IDLE;
RUNTEST 30001E-6 SEC;
SIR 30 TDI (2bffffff);
SIR 30 TDI (2a1fffff);
SDR 13 TDI (001f);
SIR 30 TDI (290fffff);
SDR 328 TDI (ffff0000000000000000ffff0040000000000000ffff0000000900000000ffff0000000000000000fc);
SIR 30 TDI (29efffff);
STATE IDLE;
RUNTEST 30001E-6 SEC;
SIR 30 TDI (2bffffff);
SIR 30 TDI (2a1fffff);
SDR 13 TDI (0023);
SIR 30 TDI (290fffff);
SDR 328 TDI (ffff4662444002224000ffff6644220420442044ffff6666446000002044ffff4462446000000000fc);
SIR 30 TDI (29efffff);
STATE IDLE;
RUNTEST 30001E-6 SEC;
SIR 30 TDI (2bffffff);
SIR 30 TDI (2a1fffff);
SDR 13 TDI (0027);
SIR 30 TDI (290fffff);
SDR 328 TDI (ffff000c3030fbfbd6eeffff0033ccf3b0cc32eeffff0000330f96aa76eeffff030c330f96aa56aefc);
SIR 30 TDI (29efffff);
STATE IDLE;
RUNTEST 30001E-6 SEC;
SIR 30 TDI (2bffffff);
SIR 30 TDI (2a1fffff);
SDR 13 TDI (002b);
SIR 30 TDI (290fffff);
SDR 328 TDI (fffffffe777ffffffffbffffeef7eef7f6ee77ffffffeef7fffffffffffffffffffffffffffffffffc);
SIR 30 TDI (29efffff);
STATE IDLE;
RUNTEST 30001E-6 SEC;
SIR 30 TDI (2bffffff);
SIR 30 TDI (2a1fffff);
SDR 13 TDI (002f);
SIR 30 TDI (290fffff);
SDR 328 TDI (fffffffc333cb5d5af77ffffccf3ccf016aa56abffffccf3fffc2f77dfbbfffffffffffc2f77ef7ffc);
SIR 30 TDI (29efffff);
STATE IDLE;
RUNTEST 30001E-6 SEC;
SIR 30 TDI (2bffffff);
STATE IDLE;
SIR 30 TDI (2a1fffff);
SDR 13 TDI (0383);
SIR 30 TDI (290fffff);
SDR 328 TDI (fffedfffffffffffffffefffffffffbfffffbffffbffffffffffffffffeffbfffffffefffffffffffc);
SIR 30 TDI (29efffff);
STATE IDLE;
RUNTEST 30001E-6 SEC;
SIR 30 TDI (2bffffff);
SIR 30 TDI (2a1fffff);
SDR 13 TDI (0387);
SIR 30 TDI (290fffff);
SDR 328 TDI (fff7ffffffbfffff7ffffffffffffffff7ffffffefff7ffffffffff7fff7fffffffffffffff7fffffc);
SIR 30 TDI (29efffff);
STATE IDLE;
RUNTEST 30001E-6 SEC;
SIR 30 TDI (2bffffff);
SIR 30 TDI (2a1fffff);
SDR 13 TDI (038b);
SIR 30 TDI (290fffff);
SDR 328 TDI (fbeb7ffffeffffffffffffffb7fffffefffffefffdefffff7ffffbffffffffffdffffffffefffffefc);
SIR 30 TDI (29efffff);
STATE IDLE;
RUNTEST 30001E-6 SEC;
SIR 30 TDI (2bffffff);
SIR 30 TDI (2a1fffff);
SDR 13 TDI (038f);
SIR 30 TDI (290fffff);
SDR 328 TDI (fffdffffffffffffffffffffffffffffffffffffffffffebffffff7ffffffffffffffffffffffffffc);
SIR 30 TDI (29efffff);
STATE IDLE;
RUNTEST 30001E-6 SEC;
SIR 30 TDI (2bffffff);
SIR 30 TDI (2a1fffff);
SDR 13 TDI (0393);
SIR 30 TDI (290fffff);
SDR 328 TDI (fffffdffffffffffffffffffffffffffffffffffffffffffffeffffffffffeffffffffffffff7ffffc);
SIR 30 TDI (29efffff);
STATE IDLE;
RUNTEST 30001E-6 SEC;
SIR 30 TDI (2bffffff);
SIR 30 TDI (2a1fffff);
SDR 13 TDI (0397);
SIR 30 TDI (290fffff);
SDR 328 TDI (fffffffffffffffffffffffffffeffffeffffffffffffffffffefffbfffffffffffffffffffffffffc);
SIR 30 TDI (29efffff);
STATE IDLE;
RUNTEST 30001E-6 SEC;
SIR 30 TDI (2bffffff);
SIR 30 TDI (2a1fffff);
SDR 13 TDI (039b);
SIR 30 TDI (290fffff);
SDR 328 TDI (fffffffffbfffffffffffffffffffafffffffffbffffffffffffffbffffffffffffffffffffffffffc);
SIR 30 TDI (29efffff);
STATE IDLE;
RUNTEST 30001E-6 SEC;
SIR 30 TDI (2bffffff);
SIR 30 TDI (2a1fffff);
SDR 13 TDI (039f);
SIR 30 TDI (290fffff);
SDR 328 TDI (ffffffffffffffbfffffffffffffbfffffbffffffffafffffffffffffffffffafffffffffffefffffc);
SIR 30 TDI (29efffff);
STATE IDLE;
RUNTEST 30001E-6 SEC;
SIR 30 TDI (2bffffff);
SIR 30 TDI (2a1fffff);
SDR 13 TDI (03a3);
SIR 30 TDI (290fffff);
SDR 328 TDI (fffffafffffffeffffffffffdfdffffffffffffffffffbffffffffffefffffffffffffffefffbffffc);
SIR 30 TDI (29efffff);
STATE IDLE;
RUNTEST 30001E-6 SEC;
SIR 30 TDI (2bffffff);
SIR 30 TDI (2a1fffff);
SDR 13 TDI (03a7);
SIR 30 TDI (290fffff);
SDR 328 TDI (fffffffffffffffffffffffffffffffffffffffffffff7ffffffffffffffffffbdffff7ffffffffffc);
SIR 30 TDI (29efffff);
STATE IDLE;
RUNTEST 30001E-6 SEC;
SIR 30 TDI (2bffffff);
SIR 30 TDI (2a1fffff);
SDR 13 TDI (03ab);
SIR 30 TDI (290fffff);
SDR 328 TDI (fffffffffffffffffffffffffffffffffffffffffffffffffffffffffffffffffffffffffffffffffc);
SIR 30 TDI (29efffff);
STATE IDLE;
RUNTEST 30001E-6 SEC;
SIR 30 TDI (2bffffff);
SIR 30 TDI (2a1fffff);
SDR 13 TDI (03af);
SIR 30 TDI (290fffff);
SDR 328 TDI (ffffffffdffffffffffffffffffffffffffffffffffffffffefffffffbffffffffff7bfffffffffffc);
SIR 30 TDI (29efffff);
STATE IDLE;
RUNTEST 30001E-6 SEC;
SIR 30 TDI (2bffffff);
SIR 30 TDI (2a1fffff);
SDR 13 TDI (03b3);
SIR 30 TDI (290fffff);
SDR 328 TDI (ffffffffffffffffffffffffffffffffffffffffffffefffff7ffffff7fffffffff7fffbfffffffffc);
SIR 30 TDI (29efffff);
STATE IDLE;
RUNTEST 30001E-6 SEC;
SIR 30 TDI (2bffffff);
SIR 30 TDI (2a1fffff);
SDR 13 TDI (03b7);
SIR 30 TDI (290fffff);
SDR 328 TDI (ff7ffffffffefffbffffbafffbffefffffffffffdfdfffffffffffffffbf5fdffffffffffffffffffc);
SIR 30 TDI (29efffff);
STATE IDLE;
RUNTEST 30001E-6 SEC;
SIR 30 TDI (2bffffff);
SIR 30 TDI (2a1fffff);
SDR 13 TDI (03bb);
SIR 30 TDI (290fffff);
SDR 328 TDI (f7ffffffffdff7f5fffffffffffbfffffffffffff7fffffffffffdfdffffffffff7fdffffdfffffffc);
SIR 30 TDI (29efffff);
STATE IDLE;
RUNTEST 30001E-6 SEC;
SIR 30 TDI (2bffffff);
SIR 30 TDI (2a1fffff);
SDR 13 TDI (03bf);
SIR 30 TDI (290fffff);
SDR 328 TDI (aefffffffffffffffbffffffff7fffffffffffffffffffdfffbffffeffffefb7fffffffefffffffffc);
SIR 30 TDI (29efffff);
STATE IDLE;
RUNTEST 30001E-6 SEC;
SIR 30 TDI (2bffffff);
SIR 30 TDI (2a1fffff);
SDR 13 TDI (03c3);
SIR 30 TDI (290fffff);
SDR 328 TDI (ffffffffefffffffffffffffffffffffffffffffffffffffbffffffffffefffffffffffffffffffffc);
SIR 30 TDI (29efffff);
STATE IDLE;
RUNTEST 30001E-6 SEC;
SIR 30 TDI (2bffffff);
SIR 30 TDI (2a1fffff);
SDR 13 TDI (03c7);
SIR 30 TDI (290fffff);
SDR 328 TDI (ffffffffffffffffffffffeaffffffffffffffddfffffffffffffffffffffffffffefffffffffffffc);
SIR 30 TDI (29efffff);
STATE IDLE;
RUNTEST 30001E-6 SEC;
SIR 30 TDI (2bffffff);
SIR 30 TDI (2a1fffff);
SDR 13 TDI (03cb);
SIR 30 TDI (290fffff);
SDR 328 TDI (fffffffffffffbfffffdffffffefffefffffffbffffffffffffffffffefffffffffffffffffffffbfc);
SIR 30 TDI (29efffff);
STATE IDLE;
RUNTEST 30001E-6 SEC;
SIR 30 TDI (2bffffff);
SIR 30 TDI (2a1fffff);
SDR 13 TDI (03cf);
SIR 30 TDI (290fffff);
SDR 328 TDI (ffffeffffffffffeffffffffeffffffffdffffffffffbfbefffffeffffffbfffebebbfffffffffaffc);
SIR 30 TDI (29efffff);
STATE IDLE;
RUNTEST 30001E-6 SEC;
SIR 30 TDI (2bffffff);
SIR 30 TDI (2a1fffff);
SDR 13 TDI (03d3);
SIR 30 TDI (290fffff);
SDR 328 TDI (ffffffeff7efffeffffffffdfffffffffffefffffffffffffffffffffffffffffffffffffffffffffc);
SIR 30 TDI (29efffff);
STATE IDLE;
RUNTEST 30001E-6 SEC;
SIR 30 TDI (2bffffff);
SIR 30 TDI (2a1fffff);
SDR 13 TDI (03d7);
SIR 30 TDI (290fffff);
SDR 328 TDI (ffffffbffffffffffffffffffff5fffffffffffffffffffffffffffffffffffffeffffbffffffffdfc);
SIR 30 TDI (29efffff);
STATE IDLE;
RUNTEST 30001E-6 SEC;
SIR 30 TDI (2bffffff);
SIR 30 TDI (2a1fffff);
SDR 13 TDI (03db);
SIR 30 TDI (290fffff);
SDR 328 TDI (ffffffff7ffffffffffbffffffff5fffffffffffffffffffdfffffffffffffffffffffefffffdf7ffc);
SIR 30 TDI (29efffff);
STATE IDLE;
RUNTEST 30001E-6 SEC;
SIR 30 TDI (2bffffff);
SIR 30 TDI (2a1fffff);
SDR 13 TDI (03df);
SIR 30 TDI (290fffff);
SDR 328 TDI (ffffffdffffffffffffffffffffffffffffff7ffffffffffffffeffffffffffffffffffffffffbfffc);
SIR 30 TDI (29efffff);
STATE IDLE;
RUNTEST 30001E-6 SEC;
SIR 30 TDI (2bffffff);
SIR 30 TDI (2a1fffff);
SDR 13 TDI (03e3);
SIR 30 TDI (290fffff);
SDR 328 TDI (ffffffffffffefffffffffffffffffffbfffffffffbffffffffffffffffffffffffffdfffffffffffc);
SIR 30 TDI (29efffff);
STATE IDLE;
RUNTEST 30001E-6 SEC;
SIR 30 TDI (2bffffff);
SIR 30 TDI (2a1fffff);
SDR 13 TDI (03e7);
SIR 30 TDI (290fffff);
SDR 328 TDI (ffffffffffffffffffff7fffffffffffffffefeffffffffffff7ffffbfffffffffffffdffffffffffc);
SIR 30 TDI (29efffff);
STATE IDLE;
RUNTEST 30001E-6 SEC;
SIR 30 TDI (2bffffff);
SIR 30 TDI (2a1fffff);
SDR 13 TDI (03eb);
SIR 30 TDI (290fffff);
SDR 328 TDI (fddffff3fffffffffefff5df7fbfff7ffefbfbffbeffdffffffddffffffdf57ffffffffdfffffff7fc);
SIR 30 TDI (29efffff);
STATE IDLE;
RUNTEST 30001E-6 SEC;
SIR 30 TDI (2bffffff);
STATE IDLE;
SIR 30 TDI (2a1fffff);
SDR 13 TDI (0803);
SIR 30 TDI (292fffff);
SDR 6 TDI (3c);
SIR 30 TDI (29efffff);
STATE IDLE;
RUNTEST 30001E-6 SEC;
SIR 30 TDI (2bffffff);
STATE IDLE;
SIR 30 TDI (2a1fffff);
SDR 13 TDI (0c03);
SIR 30 TDI (293fffff);
SDR 18 TDI (3fffc);
SIR 30 TDI (29efffff);
STATE IDLE;
RUNTEST 30001E-6 SEC;
SIR 30 TDI (2bffffff);
STATE IDLE;
SIR 30 TDI (2a1fffff);
SDR 13 TDI (0403);
SIR 30 TDI (291fffff);
SDR 34 TDI (1ff7407fc);
SIR 30 TDI (29efffff);
STATE IDLE;
RUNTEST 30001E-6 SEC;
SIR 30 TDI (2bffffff);
STATE IDLE;
SIR 30 TDI (2a1fffff);
SDR 13 TDI (0033);
SIR 30 TDI (28cfffff);
STATE IDLE;
RUNTEST 20001E-6 SEC;
SIR 30 TDI (290fffff);
SDR 328 TDI (ffffffffff7fc78fe3f8ffdfc3f0781e07000000fe06007c1ff82ff07c19bfc7afebf35ff3cf81f8fc)
	TDO (ffffffffff7fc78fe3f8ffdfc3f0781e07000000fe06007c1ff82ff07c19bfc7afebf35ff3cf81f8fc)
	MASK (ffffffffffffffffffffffffffffffffffffffffffffffffffffffffffffffffffffffffffffffffff);
SIR 30 TDI (2a1fffff);
SDR 13 TDI (0037);
SIR 30 TDI (28cfffff);
STATE IDLE;
RUNTEST 20001E-6 SEC;
SIR 30 TDI (290fffff);
SDR 328 TDI (ffffffffff7fc78fe3f8ffdfc3f0781e07000000fe06007c1ff82ff07c19bfc7afebf35ff3cf81f8fc)
	TDO (ffffffffff7fc78fe3f8ffdfc3f0781e07000000fe06007c1ff82ff07c19bfc7afebf35ff3cf81f8fc)
	MASK (ffffffffffffffffffffffffffffffffffffffffffffffffffffffffffffffffffffffffffffffffff);
SIR 30 TDI (2a1fffff);
SDR 13 TDI (003b);
SIR 30 TDI (28cfffff);
STATE IDLE;
RUNTEST 20001E-6 SEC;
SIR 30 TDI (290fffff);
SDR 328 TDI (ffffffffff7fc78fe3f8ffdfc3f0781e07000000fe06007c1ff82ff07c19bfc7afebf35ff3cf81f8fc)
	TDO (ffffffffff7fc78fe3f8ffdfc3f0781e07000000fe06007c1ff82ff07c19bfc7afebf35ff3cf81f8fc)
	MASK (ffffffffffffffffffffffffffffffffffffffffffffffffffffffffffffffffffffffffffffffffff);
SIR 30 TDI (2a1fffff);
SDR 13 TDI (003f);
SIR 30 TDI (28cfffff);
STATE IDLE;
RUNTEST 20001E-6 SEC;
SIR 30 TDI (290fffff);
SDR 328 TDI (ffffffffff7fc78fe3f8ffdfc3f0781e07000000fe06007c1ff82ff07c19bfc7afebf35ff3cf81f8fc)
	TDO (ffffffffff7fc78fe3f8ffdfc3f0781e07000000fe06007c1ff82ff07c19bfc7afebf35ff3cf81f8fc)
	MASK (ffffffffffffffffffffffffffffffffffffffffffffffffffffffffffffffffffffffffffffffffff);
SIR 30 TDI (2a1fffff);
SDR 13 TDI (0043);
SIR 30 TDI (28cfffff);
STATE IDLE;
RUNTEST 20001E-6 SEC;
SIR 30 TDI (290fffff);
SDR 328 TDI (ffffffffff7fc78fe3f8ffdfc3f0781e07000000fe06007c1ff82ff07c19bfc7afebf35ff3cf81f8fc)
	TDO (ffffffffff7fc78fe3f8ffdfc3f0781e07000000fe06007c1ff82ff07c19bfc7afebf35ff3cf81f8fc)
	MASK (ffffffffffffffffffffffffffffffffffffffffffffffffffffffffffffffffffffffffffffffffff);
SIR 30 TDI (2a1fffff);
SDR 13 TDI (0047);
SIR 30 TDI (28cfffff);
STATE IDLE;
RUNTEST 20001E-6 SEC;
SIR 30 TDI (290fffff);
SDR 328 TDI (ffffffffff7fc78fe3f8ffdfc3f0781e07000000fe06007c1ff82ff07c19bfc7afebf35ff3cf81f8fc)
	TDO (ffffffffff7fc78fe3f8ffdfc3f0781e07000000fe06007c1ff82ff07c19bfc7afebf35ff3cf81f8fc)
	MASK (ffffffffffffffffffffffffffffffffffffffffffffffffffffffffffffffffffffffffffffffffff);
SIR 30 TDI (2a1fffff);
SDR 13 TDI (004b);
SIR 30 TDI (28cfffff);
STATE IDLE;
RUNTEST 20001E-6 SEC;
SIR 30 TDI (290fffff);
SDR 328 TDI (ffffffffff7fc78fe3f8ffdfc3f0781e07000000fe06007c1ff82ff07c19bfc7afebf35ff3cf81f8fc)
	TDO (ffffffffff7fc78fe3f8ffdfc3f0781e07000000fe06007c1ff82ff07c19bfc7afebf35ff3cf81f8fc)
	MASK (ffffffffffffffffffffffffffffffffffffffffffffffffffffffffffffffffffffffffffffffffff);
SIR 30 TDI (2a1fffff);
SDR 13 TDI (004f);
SIR 30 TDI (28cfffff);
STATE IDLE;
RUNTEST 20001E-6 SEC;
SIR 30 TDI (290fffff);
SDR 328 TDI (19c004001f7807806018ffdfc3f0781e07000000fe06007c1ff82ff07c19bfc7afebf35ff3cf81f8fc)
	TDO (19c004001f7807806018ffdfc3f0781e07000000fe06007c1ff82ff07c19bfc7afebf35ff3cf81f8fc)
	MASK (ffffffffffffffffffffffffffffffffffffffffffffffffffffffffffffffffffffffffffffffffff);
SIR 30 TDI (2a1fffff);
SDR 13 TDI (0053);
SIR 30 TDI (28cfffff);
STATE IDLE;
RUNTEST 20001E-6 SEC;
SIR 30 TDI (290fffff);
SDR 328 TDI (ffffffffff7fc78fe3f8ffdfc3f0781e07000000fe06007c1ff82ff07c19bfc7afebf35ff3cf81f8fc)
	TDO (ffffffffff7fc78fe3f8ffdfc3f0781e07000000fe06007c1ff82ff07c19bfc7afebf35ff3cf81f8fc)
	MASK (ffffffffffffffffffffffffffffffffffffffffffffffffffffffffffffffffffffffffffffffffff);
SIR 30 TDI (2a1fffff);
SDR 13 TDI (0057);
SIR 30 TDI (28cfffff);
STATE IDLE;
RUNTEST 20001E-6 SEC;
SIR 30 TDI (290fffff);
SDR 328 TDI (ffffffffff7fc78fe3f8ffdfc3f0781e07000000fe06007c1ff82ff07c19bfc7afebf35ff3cf81f8fc)
	TDO (ffffffffff7fc78fe3f8ffdfc3f0781e07000000fe06007c1ff82ff07c19bfc7afebf35ff3cf81f8fc)
	MASK (ffffffffffffffffffffffffffffffffffffffffffffffffffffffffffffffffffffffffffffffffff);
SIR 30 TDI (2a1fffff);
SDR 13 TDI (005b);
SIR 30 TDI (28cfffff);
STATE IDLE;
RUNTEST 20001E-6 SEC;
SIR 30 TDI (290fffff);
SDR 328 TDI (ffffffffff7fc78fe3f8ffdfc3f0781e07000000fe06007c1ff82ff07c19bfc7afebf35ff3cf81f8fc)
	TDO (ffffffffff7fc78fe3f8ffdfc3f0781e07000000fe06007c1ff82ff07c19bfc7afebf35ff3cf81f8fc)
	MASK (ffffffffffffffffffffffffffffffffffffffffffffffffffffffffffffffffffffffffffffffffff);
SIR 30 TDI (2a1fffff);
SDR 13 TDI (005f);
SIR 30 TDI (28cfffff);
STATE IDLE;
RUNTEST 20001E-6 SEC;
SIR 30 TDI (290fffff);
SDR 328 TDI (ffffffffff7fc78fe3f8ffdfc3f0781e07000000fe06007c1ff82ff07c19bfc7afebf35ff3cf81f8fc)
	TDO (ffffffffff7fc78fe3f8ffdfc3f0781e07000000fe06007c1ff82ff07c19bfc7afebf35ff3cf81f8fc)
	MASK (ffffffffffffffffffffffffffffffffffffffffffffffffffffffffffffffffffffffffffffffffff);
SIR 30 TDI (2a1fffff);
SDR 13 TDI (0063);
SIR 30 TDI (28cfffff);
STATE IDLE;
RUNTEST 20001E-6 SEC;
SIR 30 TDI (290fffff);
SDR 328 TDI (ffffffffff7fc78fe3f8ffdfc3f0781e07000000fe06007c1ff82ff07c19bfc7afebf35ff3cf81f8fc)
	TDO (ffffffffff7fc78fe3f8ffdfc3f0781e07000000fe06007c1ff82ff07c19bfc7afebf35ff3cf81f8fc)
	MASK (ffffffffffffffffffffffffffffffffffffffffffffffffffffffffffffffffffffffffffffffffff);
SIR 30 TDI (2a1fffff);
SDR 13 TDI (0067);
SIR 30 TDI (28cfffff);
STATE IDLE;
RUNTEST 20001E-6 SEC;
SIR 30 TDI (290fffff);
SDR 328 TDI (ffffffffff7fc78fe3f8ffdfc3f0781e07000000fe06007c1ff82ff07c19bfc7afebf35ff3cf81f8fc)
	TDO (ffffffffff7fc78fe3f8ffdfc3f0781e07000000fe06007c1ff82ff07c19bfc7afebf35ff3cf81f8fc)
	MASK (ffffffffffffffffffffffffffffffffffffffffffffffffffffffffffffffffffffffffffffffffff);
SIR 30 TDI (2a1fffff);
SDR 13 TDI (006b);
SIR 30 TDI (28cfffff);
STATE IDLE;
RUNTEST 20001E-6 SEC;
SIR 30 TDI (290fffff);
SDR 328 TDI (ffffffffff7fc78fe3f8ffdfc3f0781e07000000fe06007c1ff82ff07c19bfc7afebf35ff3cf81f8fc)
	TDO (ffffffffff7fc78fe3f8ffdfc3f0781e07000000fe06007c1ff82ff07c19bfc7afebf35ff3cf81f8fc)
	MASK (ffffffffffffffffffffffffffffffffffffffffffffffffffffffffffffffffffffffffffffffffff);
SIR 30 TDI (2a1fffff);
SDR 13 TDI (006f);
SIR 30 TDI (28cfffff);
STATE IDLE;
RUNTEST 20001E-6 SEC;
SIR 30 TDI (290fffff);
SDR 328 TDI (ffffffffff7fc78fe3f8ffdfc3f0781e07000000fe06005c17e825705c119fc7afebf35ff3cf81f8fc)
	TDO (ffffffffff7fc78fe3f8ffdfc3f0781e07000000fe06005c17e825705c119fc7afebf35ff3cf81f8fc)
	MASK (ffffffffffffffffffffffffffffffffffffffffffffffffffffffffffffffffffffffffffffffffff);
SIR 30 TDI (2a1fffff);
SDR 13 TDI (0073);
SIR 30 TDI (28cfffff);
STATE IDLE;
RUNTEST 20001E-6 SEC;
SIR 30 TDI (290fffff);
SDR 328 TDI (ffffffffff7fc78fe3f8ff9fc3f0301a07000000fe06007c1ff82ff07c19bfc7afebe35ff3cf81f8fc)
	TDO (ffffffffff7fc78fe3f8ff9fc3f0301a07000000fe06007c1ff82ff07c19bfc7afebe35ff3cf81f8fc)
	MASK (ffffffffffffffffffffffffffffffffffffffffffffffffffffffffffffffffffffffffffffffffff);
SIR 30 TDI (2a1fffff);
SDR 13 TDI (0077);
SIR 30 TDI (28cfffff);
STATE IDLE;
RUNTEST 20001E-6 SEC;
SIR 30 TDI (290fffff);
SDR 328 TDI (ffffffffff7fc78fe3f8ffdfc3f0781e07000000fe06007c1ff82ff07c193fc7afebf35ff3cf81f8fc)
	TDO (ffffffffff7fc78fe3f8ffdfc3f0781e07000000fe06007c1ff82ff07c193fc7afebf35ff3cf81f8fc)
	MASK (ffffffffffffffffffffffffffffffffffffffffffffffffffffffffffffffffffffffffffffffffff);
SIR 30 TDI (2a1fffff);
SDR 13 TDI (007b);
SIR 30 TDI (28cfffff);
STATE IDLE;
RUNTEST 20001E-6 SEC;
SIR 30 TDI (290fffff);
SDR 328 TDI (ffffffffff7fc70fe3f8ffc083f0781607000000fe06007c1ff82fd07c19bf478fe3f31ff3cf80f8fc)
	TDO (ffffffffff7fc70fe3f8ffc083f0781607000000fe06007c1ff82fd07c19bf478fe3f31ff3cf80f8fc)
	MASK (ffffffffffffffffffffffffffffffffffffffffffffffffffffffffffffffffffffffffffffffffff);
SIR 30 TDI (2a1fffff);
SDR 13 TDI (007f);
SIR 30 TDI (28cfffff);
STATE IDLE;
RUNTEST 20001E-6 SEC;
SIR 30 TDI (290fffff);
SDR 328 TDI (ffffffffff7fc68fe3f8ffdfc3f0781e07000000fe06007c1ff82ff07c19bfc7afebf35ff3cf81f8fc)
	TDO (ffffffffff7fc68fe3f8ffdfc3f0781e07000000fe06007c1ff82ff07c19bfc7afebf35ff3cf81f8fc)
	MASK (ffffffffffffffffffffffffffffffffffffffffffffffffffffffffffffffffffffffffffffffffff);
SIR 30 TDI (2a1fffff);
SDR 13 TDI (0083);
SIR 30 TDI (28cfffff);
STATE IDLE;
RUNTEST 20001E-6 SEC;
SIR 30 TDI (290fffff);
SDR 328 TDI (ffffffffff7fc78fe3f8f81e0380000000000000fe06007c1ff82ff07c19bfc7afebf35ff3cf81f8fc)
	TDO (ffffffffff7fc78fe3f8f81e0380000000000000fe06007c1ff82ff07c19bfc7afebf35ff3cf81f8fc)
	MASK (ffffffffffffffffffffffffffffffffffffffffffffffffffffffffffffffffffffffffffffffffff);
SIR 30 TDI (2a1fffff);
SDR 13 TDI (0087);
SIR 30 TDI (28cfffff);
STATE IDLE;
RUNTEST 20001E-6 SEC;
SIR 30 TDI (290fffff);
SDR 328 TDI (ffffffffff7fc78fa3f8bfdfc3f0781e07000000fe0600781e780fe07818bfc7afebf25fd3cf81f8fc)
	TDO (ffffffffff7fc78fa3f8bfdfc3f0781e07000000fe0600781e780fe07818bfc7afebf25fd3cf81f8fc)
	MASK (ffffffffffffffffffffffffffffffffffffffffffffffffffffffffffffffffffffffffffffffffff);
SIR 30 TDI (2a1fffff);
SDR 13 TDI (008b);
SIR 30 TDI (28cfffff);
STATE IDLE;
RUNTEST 20001E-6 SEC;
SIR 30 TDI (290fffff);
SDR 328 TDI (ffffffffff7fc78fe3f8ffc7c3f0781e07000000fe00007c1ff82ff07c19afc7afebf35ff3cf81f8fc)
	TDO (ffffffffff7fc78fe3f8ffc7c3f0781e07000000fe00007c1ff82ff07c19afc7afebf35ff3cf81f8fc)
	MASK (ffffffffffffffffffffffffffffffffffffffffffffffffffffffffffffffffffffffffffffffffff);
SIR 30 TDI (2a1fffff);
SDR 13 TDI (008f);
SIR 30 TDI (28cfffff);
STATE IDLE;
RUNTEST 20001E-6 SEC;
SIR 30 TDI (290fffff);
SDR 328 TDI (fffffffff77fc78fe3f8ffde83f0781e07000000fe06007c1ff82ff07c19bfc7afebf35ff3cf81f8fc)
	TDO (fffffffff77fc78fe3f8ffde83f0781e07000000fe06007c1ff82ff07c19bfc7afebf35ff3cf81f8fc)
	MASK (ffffffffffffffffffffffffffffffffffffffffffffffffffffffffffffffffffffffffffffffffff);
SIR 30 TDI (2a1fffff);
SDR 13 TDI (0093);
SIR 30 TDI (28cfffff);
STATE IDLE;
RUNTEST 20001E-6 SEC;
SIR 30 TDI (290fffff);
SDR 328 TDI (ffffffffef6fc38fe3f8ffdfc3f0781e07000000fe06007c1ff82ff07c19bfc5afebf35ff1cf81e8fc)
	TDO (ffffffffef6fc38fe3f8ffdfc3f0781e07000000fe06007c1ff82ff07c19bfc5afebf35ff1cf81e8fc)
	MASK (ffffffffffffffffffffffffffffffffffffffffffffffffffffffffffffffffffffffffffffffffff);
SIR 30 TDI (2a1fffff);
SDR 13 TDI (0097);
SIR 30 TDI (28cfffff);
STATE IDLE;
RUNTEST 20001E-6 SEC;
SIR 30 TDI (290fffff);
SDR 328 TDI (b7dfebfdfe57c787e1f0ffdfc3f0781e07000000fe06007c1ff82ff07c19b8862008134ff3cf8118fc)
	TDO (b7dfebfdfe57c787e1f0ffdfc3f0781e07000000fe06007c1ff82ff07c19b8862008134ff3cf8118fc)
	MASK (ffffffffffffffffffffffffffffffffffffffffffffffffffffffffffffffffffffffffffffffffff);
SIR 30 TDI (2a1fffff);
SDR 13 TDI (009b);
SIR 30 TDI (28cfffff);
STATE IDLE;
RUNTEST 20001E-6 SEC;
SIR 30 TDI (290fffff);
SDR 328 TDI (feffffffff7fc78fe3f8dfdfc3e0781e07000000fe06007c1ff82ff07c19bfc7afebf35ff3cf81f8fc)
	TDO (feffffffff7fc78fe3f8dfdfc3e0781e07000000fe06007c1ff82ff07c19bfc7afebf35ff3cf81f8fc)
	MASK (ffffffffffffffffffffffffffffffffffffffffffffffffffffffffffffffffffffffffffffffffff);
SIR 30 TDI (2a1fffff);
SDR 13 TDI (009f);
SIR 30 TDI (28cfffff);
STATE IDLE;
RUNTEST 20001E-6 SEC;
SIR 30 TDI (290fffff);
SDR 328 TDI (ffffffffff4fc18fe3f0ffdfc3f0781e07000000fe00007c1ff82ff07c19bfc7afebf35ff3cf81f8fc)
	TDO (ffffffffff4fc18fe3f0ffdfc3f0781e07000000fe00007c1ff82ff07c19bfc7afebf35ff3cf81f8fc)
	MASK (ffffffffffffffffffffffffffffffffffffffffffffffffffffffffffffffffffffffffffffffffff);
SIR 30 TDI (2a1fffff);
SDR 13 TDI (00a3);
SIR 30 TDI (28cfffff);
STATE IDLE;
RUNTEST 20001E-6 SEC;
SIR 30 TDI (290fffff);
SDR 328 TDI (ffffffffff3fc78fe3f8ffdfc3f0781e07000000fe06007c1ff82ff07c19bf86a12b735ff3cf81d8fc)
	TDO (ffffffffff3fc78fe3f8ffdfc3f0781e07000000fe06007c1ff82ff07c19bf86a12b735ff3cf81d8fc)
	MASK (ffffffffffffffffffffffffffffffffffffffffffffffffffffffffffffffffffffffffffffffffff);
SIR 30 TDI (2a1fffff);
SDR 13 TDI (00a7);
SIR 30 TDI (28cfffff);
STATE IDLE;
RUNTEST 20001E-6 SEC;
SIR 30 TDI (290fffff);
SDR 328 TDI (ffffffffff7fc78fe3f8ffdfc3f0781e07000000fe06007c1ff82ff07c19bfc7aeeaf35ef3cb81f8fc)
	TDO (ffffffffff7fc78fe3f8ffdfc3f0781e07000000fe06007c1ff82ff07c19bfc7aeeaf35ef3cb81f8fc)
	MASK (ffffffffffffffffffffffffffffffffffffffffffffffffffffffffffffffffffffffffffffffffff);
SIR 30 TDI (2a1fffff);
SDR 13 TDI (00ab);
SIR 30 TDI (28cfffff);
STATE IDLE;
RUNTEST 20001E-6 SEC;
SIR 30 TDI (290fffff);
SDR 328 TDI (ffffffffff7fc78fe3e8ffde81b0781607000000fe04007c1ff82ff07c19bfc7afebf35ff3cf81f8fc)
	TDO (ffffffffff7fc78fe3e8ffde81b0781607000000fe04007c1ff82ff07c19bfc7afebf35ff3cf81f8fc)
	MASK (ffffffffffffffffffffffffffffffffffffffffffffffffffffffffffffffffffffffffffffffffff);
SIR 30 TDI (2a1fffff);
SDR 13 TDI (00af);
SIR 30 TDI (28cfffff);
STATE IDLE;
RUNTEST 20001E-6 SEC;
SIR 30 TDI (290fffff);
SDR 328 TDI (ffffffffff7fc78fe3f8c7dfc3f0781e07000000000200340db02ed03419b7c7afebf35ff3cf81f8fc)
	TDO (ffffffffff7fc78fe3f8c7dfc3f0781e07000000000200340db02ed03419b7c7afebf35ff3cf81f8fc)
	MASK (ffffffffffffffffffffffffffffffffffffffffffffffffffffffffffffffffffffffffffffffffff);
SIR 30 TDI (2a1fffff);
SDR 13 TDI (00b3);
SIR 30 TDI (28cfffff);
STATE IDLE;
RUNTEST 20001E-6 SEC;
SIR 30 TDI (290fffff);
SDR 328 TDI (ffffffffff7fc78fe3e87fdfc3f0781e05000000fe06007c1ff82ff07c09bfc7afebf35ff3cf81f8fc)
	TDO (ffffffffff7fc78fe3e87fdfc3f0781e05000000fe06007c1ff82ff07c09bfc7afebf35ff3cf81f8fc)
	MASK (ffffffffffffffffffffffffffffffffffffffffffffffffffffffffffffffffffffffffffffffffff);
SIR 30 TDI (2a1fffff);
SDR 13 TDI (00b7);
SIR 30 TDI (28cfffff);
STATE IDLE;
RUNTEST 20001E-6 SEC;
SIR 30 TDI (290fffff);
SDR 328 TDI (ffffffffff7fc78fe3f8ffdfc3f0781e07000000fe06007c1ff82ff07c19bfc7afebf35ff3cf81f8fc)
	TDO (ffffffffff7fc78fe3f8ffdfc3f0781e07000000fe06007c1ff82ff07c19bfc7afebf35ff3cf81f8fc)
	MASK (ffffffffffffffffffffffffffffffffffffffffffffffffffffffffffffffffffffffffffffffffff);
SIR 30 TDI (2a1fffff);
SDR 13 TDI (00bb);
SIR 30 TDI (28cfffff);
STATE IDLE;
RUNTEST 20001E-6 SEC;
SIR 30 TDI (290fffff);
SDR 328 TDI (f7fffbffee47c38fe3f0ffd583f0781e07000000fe06003c1ff82ff07c19b7c7afebf35ff3cf81f8fc)
	TDO (f7fffbffee47c38fe3f0ffd583f0781e07000000fe06003c1ff82ff07c19b7c7afebf35ff3cf81f8fc)
	MASK (ffffffffffffffffffffffffffffffffffffffffffffffffffffffffffffffffffffffffffffffffff);
SIR 30 TDI (2a1fffff);
SDR 13 TDI (00bf);
SIR 30 TDI (28cfffff);
STATE IDLE;
RUNTEST 20001E-6 SEC;
SIR 30 TDI (290fffff);
SDR 328 TDI (dffffff7ff7f478fe3f8ffdfc3f0781607000000fe06007c1ff82ff07c19bfc7afebf35ff3cf81f8fc)
	TDO (dffffff7ff7f478fe3f8ffdfc3f0781607000000fe06007c1ff82ff07c19bfc7afebf35ff3cf81f8fc)
	MASK (ffffffffffffffffffffffffffffffffffffffffffffffffffffffffffffffffffffffffffffffffff);
SIR 30 TDI (2a1fffff);
SDR 13 TDI (00c3);
SIR 30 TDI (28cfffff);
STATE IDLE;
RUNTEST 20001E-6 SEC;
SIR 30 TDI (290fffff);
SDR 328 TDI (ffffffffff7fc78fe3f8ffdfc3f0781c07000000fe06007c1ff82ff03c19bfc7afebf35ff3cf81f8fc)
	TDO (ffffffffff7fc78fe3f8ffdfc3f0781c07000000fe06007c1ff82ff03c19bfc7afebf35ff3cf81f8fc)
	MASK (ffffffffffffffffffffffffffffffffffffffffffffffffffffffffffffffffffffffffffffffffff);
SIR 30 TDI (2a1fffff);
SDR 13 TDI (00c7);
SIR 30 TDI (28cfffff);
STATE IDLE;
RUNTEST 20001E-6 SEC;
SIR 30 TDI (290fffff);
SDR 328 TDI (ffffffffff7fc78fe3f8fb1fc3f0781e07000000fe06007c1ff82ff07c19bfc7afebf35ff3cf81f8fc)
	TDO (ffffffffff7fc78fe3f8fb1fc3f0781e07000000fe06007c1ff82ff07c19bfc7afebf35ff3cf81f8fc)
	MASK (ffffffffffffffffffffffffffffffffffffffffffffffffffffffffffffffffffffffffffffffffff);
SIR 30 TDI (2a1fffff);
SDR 13 TDI (00cb);
SIR 30 TDI (28cfffff);
STATE IDLE;
RUNTEST 20001E-6 SEC;
SIR 30 TDI (290fffff);
SDR 328 TDI (fbbb7f3fbf7bc78ee3b8ffdfc3f0781e07000000fe06007c1ff82ff07c19bfc7afebf357f3cf81f8fc)
	TDO (fbbb7f3fbf7bc78ee3b8ffdfc3f0781e07000000fe06007c1ff82ff07c19bfc7afebf357f3cf81f8fc)
	MASK (ffffffffffffffffffffffffffffffffffffffffffffffffffffffffffffffffffffffffffffffffff);
SIR 30 TDI (2a1fffff);
SDR 13 TDI (00cf);
SIR 30 TDI (28cfffff);
STATE IDLE;
RUNTEST 20001E-6 SEC;
SIR 30 TDI (290fffff);
SDR 328 TDI (f77ffbffee47c38fe3f0ffdfc3f0781e07000000fe06007c1ff82ff07c19bfc7afebf35ff3cf81f8fc)
	TDO (f77ffbffee47c38fe3f0ffdfc3f0781e07000000fe06007c1ff82ff07c19bfc7afebf35ff3cf81f8fc)
	MASK (ffffffffffffffffffffffffffffffffffffffffffffffffffffffffffffffffffffffffffffffffff);
SIR 30 TDI (2a1fffff);
SDR 13 TDI (00d3);
SIR 30 TDI (28cfffff);
STATE IDLE;
RUNTEST 20001E-6 SEC;
SIR 30 TDI (290fffff);
SDR 328 TDI (ffffffffff7fc78fe3f87fdfc3f0301a05000000fe06007c1ff82ff07c19b7c7afebf35ff3cf81f8fc)
	TDO (ffffffffff7fc78fe3f87fdfc3f0301a05000000fe06007c1ff82ff07c19b7c7afebf35ff3cf81f8fc)
	MASK (ffffffffffffffffffffffffffffffffffffffffffffffffffffffffffffffffffffffffffffffffff);
SIR 30 TDI (2a1fffff);
SDR 13 TDI (00d7);
SIR 30 TDI (28cfffff);
STATE IDLE;
RUNTEST 20001E-6 SEC;
SIR 30 TDI (290fffff);
SDR 328 TDI (ffffffffff7fc78fe3f8ffdfc3f0781e07000000fe06007c1ff82ff07c19bfc7afebf35ff3cf81f8fc)
	TDO (ffffffffff7fc78fe3f8ffdfc3f0781e07000000fe06007c1ff82ff07c19bfc7afebf35ff3cf81f8fc)
	MASK (ffffffffffffffffffffffffffffffffffffffffffffffffffffffffffffffffffffffffffffffffff);
SIR 30 TDI (2a1fffff);
SDR 13 TDI (00db);
SIR 30 TDI (28cfffff);
STATE IDLE;
RUNTEST 20001E-6 SEC;
SIR 30 TDI (290fffff);
SDR 328 TDI (fffffffffb7fc78fe3f8ffde83f0781607000000fe06007c1fd82ff07c19b7c7afebf35ff3cf81f8fc)
	TDO (fffffffffb7fc78fe3f8ffde83f0781607000000fe06007c1fd82ff07c19b7c7afebf35ff3cf81f8fc)
	MASK (ffffffffffffffffffffffffffffffffffffffffffffffffffffffffffffffffffffffffffffffffff);
SIR 30 TDI (2a1fffff);
SDR 13 TDI (00df);
SIR 30 TDI (28cfffff);
STATE IDLE;
RUNTEST 20001E-6 SEC;
SIR 30 TDI (290fffff);
SDR 328 TDI (ffffffffff7fc78fe3f8ffdf43f0780e07000000fe06007c1ff82ff07c19bfc7afebf35ff3cf81f8fc)
	TDO (ffffffffff7fc78fe3f8ffdf43f0780e07000000fe06007c1ff82ff07c19bfc7afebf35ff3cf81f8fc)
	MASK (ffffffffffffffffffffffffffffffffffffffffffffffffffffffffffffffffffffffffffffffffff);
SIR 30 TDI (2a1fffff);
SDR 13 TDI (00e3);
SIR 30 TDI (28cfffff);
STATE IDLE;
RUNTEST 20001E-6 SEC;
SIR 30 TDI (290fffff);
SDR 328 TDI (ffffffffff0fc18fe3e0ffc083f0781607000000fe06007c1ff82ff07c19bfc7afebf35ff3cf81f8fc)
	TDO (ffffffffff0fc18fe3e0ffc083f0781607000000fe06007c1ff82ff07c19bfc7afebf35ff3cf81f8fc)
	MASK (ffffffffffffffffffffffffffffffffffffffffffffffffffffffffffffffffffffffffffffffffff);
SIR 30 TDI (2a1fffff);
SDR 13 TDI (00e7);
SIR 30 TDI (28cfffff);
STATE IDLE;
RUNTEST 20001E-6 SEC;
SIR 30 TDI (290fffff);
SDR 328 TDI (ffffffffff7fc78fe3f8ffdfc3f0781e07000000fe06007c1ff82ff07c1997c7afebf35ff3cf81f8fc)
	TDO (ffffffffff7fc78fe3f8ffdfc3f0781e07000000fe06007c1ff82ff07c1997c7afebf35ff3cf81f8fc)
	MASK (ffffffffffffffffffffffffffffffffffffffffffffffffffffffffffffffffffffffffffffffffff);
SIR 30 TDI (2a1fffff);
SDR 13 TDI (00eb);
SIR 30 TDI (28cfffff);
STATE IDLE;
RUNTEST 20001E-6 SEC;
SIR 30 TDI (290fffff);
SDR 328 TDI (ffffffffff7fc78fe3f8ffdf43f0781e07000000d406003c0ff02ef03c19bfc7afebf35ff3cf81f8fc)
	TDO (ffffffffff7fc78fe3f8ffdf43f0781e07000000d406003c0ff02ef03c19bfc7afebf35ff3cf81f8fc)
	MASK (ffffffffffffffffffffffffffffffffffffffffffffffffffffffffffffffffffffffffffffffffff);
SIR 30 TDI (2a1fffff);
SDR 13 TDI (00ef);
SIR 30 TDI (28cfffff);
STATE IDLE;
RUNTEST 20001E-6 SEC;
SIR 30 TDI (290fffff);
SDR 328 TDI (ffffffffff7fc78fe3f8ffdfc3f0781e070000007a0600741db82fd07419bfc3afebf35ff3cf81f8fc)
	TDO (ffffffffff7fc78fe3f8ffdfc3f0781e070000007a0600741db82fd07419bfc3afebf35ff3cf81f8fc)
	MASK (ffffffffffffffffffffffffffffffffffffffffffffffffffffffffffffffffffffffffffffffffff);
SIR 30 TDI (2a1fffff);
SDR 13 TDI (00f3);
SIR 30 TDI (28cfffff);
STATE IDLE;
RUNTEST 20001E-6 SEC;
SIR 30 TDI (290fffff);
SDR 328 TDI (19ffffffef4fc38fe3f8ffd9c3f0781e06000000fe06006c1ff82ff07c19bbc6aeab735ff3cf8158fc)
	TDO (19ffffffef4fc38fe3f8ffd9c3f0781e06000000fe06006c1ff82ff07c19bbc6aeab735ff3cf8158fc)
	MASK (ffffffffffffffffffffffffffffffffffffffffffffffffffffffffffffffffffffffffffffffffff);
SIR 30 TDI (2a1fffff);
SDR 13 TDI (00f7);
SIR 30 TDI (28cfffff);
STATE IDLE;
RUNTEST 20001E-6 SEC;
SIR 30 TDI (290fffff);
SDR 328 TDI (f7fffffffe7fc78fe3f0ffde83f0581e07000000fe06007c1ff82ff07c19bdc7abe9f35ff2cf81b8fc)
	TDO (f7fffffffe7fc78fe3f0ffde83f0581e07000000fe06007c1ff82ff07c19bdc7abe9f35ff2cf81b8fc)
	MASK (ffffffffffffffffffffffffffffffffffffffffffffffffffffffffffffffffffffffffffffffffff);
SIR 30 TDI (2a1fffff);
SDR 13 TDI (00fb);
SIR 30 TDI (28cfffff);
STATE IDLE;
RUNTEST 20001E-6 SEC;
SIR 30 TDI (290fffff);
SDR 328 TDI (ffffffffff7fc78fe3f8ffdfc350781e07000000fe06007c1ff82ff07c19bfc7afebf35ff3cf81f8fc)
	TDO (ffffffffff7fc78fe3f8ffdfc350781e07000000fe06007c1ff82ff07c19bfc7afebf35ff3cf81f8fc)
	MASK (ffffffffffffffffffffffffffffffffffffffffffffffffffffffffffffffffffffffffffffffffff);
SIR 30 TDI (2a1fffff);
SDR 13 TDI (00ff);
SIR 30 TDI (28cfffff);
STATE IDLE;
RUNTEST 20001E-6 SEC;
SIR 30 TDI (290fffff);
SDR 328 TDI (ffffffffff7fc58fe3f8c7dfc3f0781e07000000fe06007c1ff82ff07c19bfc7afebf35ff3cf81f8fc)
	TDO (ffffffffff7fc58fe3f8c7dfc3f0781e07000000fe06007c1ff82ff07c19bfc7afebf35ff3cf81f8fc)
	MASK (ffffffffffffffffffffffffffffffffffffffffffffffffffffffffffffffffffffffffffffffffff);
SIR 30 TDI (2a1fffff);
SDR 13 TDI (0103);
SIR 30 TDI (28cfffff);
STATE IDLE;
RUNTEST 20001E-6 SEC;
SIR 30 TDI (290fffff);
SDR 328 TDI (fffffbffff7fc78fe3f8ffdfc3f0781e07000000fe06007c1ff82ff07c19bfc7afebf35ff3cf81f8fc)
	TDO (fffffbffff7fc78fe3f8ffdfc3f0781e07000000fe06007c1ff82ff07c19bfc7afebf35ff3cf81f8fc)
	MASK (ffffffffffffffffffffffffffffffffffffffffffffffffffffffffffffffffffffffffffffffffff);
SIR 30 TDI (2a1fffff);
SDR 13 TDI (0107);
SIR 30 TDI (28cfffff);
STATE IDLE;
RUNTEST 20001E-6 SEC;
SIR 30 TDI (290fffff);
SDR 328 TDI (ffffffffff7fc78fe3f8ffdfc3f0781e07000000fe06007c1ff82ff07c19bfc7afebf35ff3cf81f8fc)
	TDO (ffffffffff7fc78fe3f8ffdfc3f0781e07000000fe06007c1ff82ff07c19bfc7afebf35ff3cf81f8fc)
	MASK (ffffffffffffffffffffffffffffffffffffffffffffffffffffffffffffffffffffffffffffffffff);
SIR 30 TDI (2a1fffff);
SDR 13 TDI (010b);
SIR 30 TDI (28cfffff);
STATE IDLE;
RUNTEST 20001E-6 SEC;
SIR 30 TDI (290fffff);
SDR 328 TDI (ffffffffff7fc68fe3f8fb9fc3f0181e06000000fe06007c0ff82ff07c19bc86aeab735ff3cf81d8fc)
	TDO (ffffffffff7fc68fe3f8fb9fc3f0181e06000000fe06007c0ff82ff07c19bc86aeab735ff3cf81d8fc)
	MASK (ffffffffffffffffffffffffffffffffffffffffffffffffffffffffffffffffffffffffffffffffff);
SIR 30 TDI (2a1fffff);
SDR 13 TDI (010f);
SIR 30 TDI (28cfffff);
STATE IDLE;
RUNTEST 20001E-6 SEC;
SIR 30 TDI (290fffff);
SDR 328 TDI (ffffffffff7fc70fe3f8ffdfc3f0601e07000000fe06007c1ff82ff07c19bbc7adebf34fb3c781f8fc)
	TDO (ffffffffff7fc70fe3f8ffdfc3f0601e07000000fe06007c1ff82ff07c19bbc7adebf34fb3c781f8fc)
	MASK (ffffffffffffffffffffffffffffffffffffffffffffffffffffffffffffffffffffffffffffffffff);
SIR 30 TDI (2a1fffff);
SDR 13 TDI (0113);
SIR 30 TDI (28cfffff);
STATE IDLE;
RUNTEST 20001E-6 SEC;
SIR 30 TDI (290fffff);
SDR 328 TDI (ffffffffff7fc78fe3f8ffdfc3f0780e07000000e20600340db02ed03419bfc7afebf35ff34f81f8fc)
	TDO (ffffffffff7fc78fe3f8ffdfc3f0780e07000000e20600340db02ed03419bfc7afebf35ff34f81f8fc)
	MASK (ffffffffffffffffffffffffffffffffffffffffffffffffffffffffffffffffffffffffffffffffff);
SIR 30 TDI (2a1fffff);
SDR 13 TDI (0117);
SIR 30 TDI (28cfffff);
STATE IDLE;
RUNTEST 20001E-6 SEC;
SIR 30 TDI (290fffff);
SDR 328 TDI (ffffffffff7fc78fe3f8ffdfc3f0781e07000000bc06007c1ff82ff07c19bfc7afebf35ff3cf81f8fc)
	TDO (ffffffffff7fc78fe3f8ffdfc3f0781e07000000bc06007c1ff82ff07c19bfc7afebf35ff3cf81f8fc)
	MASK (ffffffffffffffffffffffffffffffffffffffffffffffffffffffffffffffffffffffffffffffffff);
SIR 30 TDI (2a1fffff);
SDR 13 TDI (011b);
SIR 30 TDI (28cfffff);
STATE IDLE;
RUNTEST 20001E-6 SEC;
SIR 30 TDI (290fffff);
SDR 328 TDI (ffffffffff7fc78f83f8ffdfc3f0781e03000000fe06007c1ff82bf07c19bf86af4bb35ff3cf81d8fc)
	TDO (ffffffffff7fc78f83f8ffdfc3f0781e03000000fe06007c1ff82bf07c19bf86af4bb35ff3cf81d8fc)
	MASK (ffffffffffffffffffffffffffffffffffffffffffffffffffffffffffffffffffffffffffffffffff);
SIR 30 TDI (2a1fffff);
SDR 13 TDI (011f);
SIR 30 TDI (28cfffff);
STATE IDLE;
RUNTEST 20001E-6 SEC;
SIR 30 TDI (290fffff);
SDR 328 TDI (efffffffff7fc78fe3f8fb1fc3f0781e07000000fe06007c1ff82ff07c19bfc7afebf35bf3cf01f8fc)
	TDO (efffffffff7fc78fe3f8fb1fc3f0781e07000000fe06007c1ff82ff07c19bfc7afebf35bf3cf01f8fc)
	MASK (ffffffffffffffffffffffffffffffffffffffffffffffffffffffffffffffffffffffffffffffffff);
SIR 30 TDI (2a1fffff);
SDR 13 TDI (0123);
SIR 30 TDI (28cfffff);
STATE IDLE;
RUNTEST 20001E-6 SEC;
SIR 30 TDI (290fffff);
SDR 328 TDI (ffffffffff7fc78fe3f8ffdfc3f0781e07000000fe06007c1fb82ff07c19bfc7afebf35ff3cf81f8fc)
	TDO (ffffffffff7fc78fe3f8ffdfc3f0781e07000000fe06007c1fb82ff07c19bfc7afebf35ff3cf81f8fc)
	MASK (ffffffffffffffffffffffffffffffffffffffffffffffffffffffffffffffffffffffffffffffffff);
SIR 30 TDI (2a1fffff);
SDR 13 TDI (0127);
SIR 30 TDI (28cfffff);
STATE IDLE;
RUNTEST 20001E-6 SEC;
SIR 30 TDI (290fffff);
SDR 328 TDI (ffffffffff7fc78fe3f8ffdfc3f0781e07000000fe06007c1ff82ff07c19bfc7afebf35ff3cf81f8fc)
	TDO (ffffffffff7fc78fe3f8ffdfc3f0781e07000000fe06007c1ff82ff07c19bfc7afebf35ff3cf81f8fc)
	MASK (ffffffffffffffffffffffffffffffffffffffffffffffffffffffffffffffffffffffffffffffffff);
SIR 30 TDI (2a1fffff);
SDR 13 TDI (012b);
SIR 30 TDI (28cfffff);
STATE IDLE;
RUNTEST 20001E-6 SEC;
SIR 30 TDI (290fffff);
SDR 328 TDI (ffffffffff7fc78fe3f847dfc2f0781e07000000fe06007c1df82ff07c19bfc7afebf15fe3cf81f8fc)
	TDO (ffffffffff7fc78fe3f847dfc2f0781e07000000fe06007c1df82ff07c19bfc7afebf15fe3cf81f8fc)
	MASK (ffffffffffffffffffffffffffffffffffffffffffffffffffffffffffffffffffffffffffffffffff);
SIR 30 TDI (2a1fffff);
SDR 13 TDI (012f);
SIR 30 TDI (28cfffff);
STATE IDLE;
RUNTEST 20001E-6 SEC;
SIR 30 TDI (290fffff);
SDR 328 TDI (ffffffffff7fc58fe3f8ffdfc3e0301a05000000fe06007c1ff82ff07c19bfc7afebf35ff3cf81f8fc)
	TDO (ffffffffff7fc58fe3f8ffdfc3e0301a05000000fe06007c1ff82ff07c19bfc7afebf35ff3cf81f8fc)
	MASK (ffffffffffffffffffffffffffffffffffffffffffffffffffffffffffffffffffffffffffffffffff);
SIR 30 TDI (2a1fffff);
SDR 13 TDI (0133);
SIR 30 TDI (28cfffff);
STATE IDLE;
RUNTEST 20001E-6 SEC;
SIR 30 TDI (290fffff);
SDR 328 TDI (ffffffffff7fc78fe3f8ffdfc3f0781e07000000fe06007c1ff82ff07c19bfc7afebf35ff3cf81f8fc)
	TDO (ffffffffff7fc78fe3f8ffdfc3f0781e07000000fe06007c1ff82ff07c19bfc7afebf35ff3cf81f8fc)
	MASK (ffffffffffffffffffffffffffffffffffffffffffffffffffffffffffffffffffffffffffffffffff);
SIR 30 TDI (2a1fffff);
SDR 13 TDI (0137);
SIR 30 TDI (28cfffff);
STATE IDLE;
RUNTEST 20001E-6 SEC;
SIR 30 TDI (290fffff);
SDR 328 TDI (ffffffffff7fc78fe3f8ffdfc3f0781e07000000fe06007c1ff82ff07c19bfc7afebf35ff3cf81f8fc)
	TDO (ffffffffff7fc78fe3f8ffdfc3f0781e07000000fe06007c1ff82ff07c19bfc7afebf35ff3cf81f8fc)
	MASK (ffffffffffffffffffffffffffffffffffffffffffffffffffffffffffffffffffffffffffffffffff);
SIR 30 TDI (2a1fffff);
SDR 13 TDI (013b);
SIR 30 TDI (28cfffff);
STATE IDLE;
RUNTEST 20001E-6 SEC;
SIR 30 TDI (290fffff);
SDR 328 TDI (ffffffffff4fc38fe3f0fc5fc3f0781e07000000fe06007c1ff02ff07c19bbc7aeab735ff3cf81b8fc)
	TDO (ffffffffff4fc38fe3f0fc5fc3f0781e07000000fe06007c1ff02ff07c19bbc7aeab735ff3cf81b8fc)
	MASK (ffffffffffffffffffffffffffffffffffffffffffffffffffffffffffffffffffffffffffffffffff);
SIR 30 TDI (2a1fffff);
SDR 13 TDI (013f);
SIR 30 TDI (28cfffff);
STATE IDLE;
RUNTEST 20001E-6 SEC;
SIR 30 TDI (290fffff);
SDR 328 TDI (fffffffffd7fc78fe3f8ffdfc3f0781e07000000fe06007c1ff82ff07c19bec727ebd35f738f8178fc)
	TDO (fffffffffd7fc78fe3f8ffdfc3f0781e07000000fe06007c1ff82ff07c19bec727ebd35f738f8178fc)
	MASK (ffffffffffffffffffffffffffffffffffffffffffffffffffffffffffffffffffffffffffffffffff);
SIR 30 TDI (2a1fffff);
SDR 13 TDI (0143);
SIR 30 TDI (28cfffff);
STATE IDLE;
RUNTEST 20001E-6 SEC;
SIR 30 TDI (290fffff);
SDR 328 TDI (f5fffbffee47c38fe3f0f7dfc2f0781e07000000fe06007c1ff82ff07c19bfc7afebf35ff3cf81f8fc)
	TDO (f5fffbffee47c38fe3f0f7dfc2f0781e07000000fe06007c1ff82ff07c19bfc7afebf35ff3cf81f8fc)
	MASK (ffffffffffffffffffffffffffffffffffffffffffffffffffffffffffffffffffffffffffffffffff);
SIR 30 TDI (2a1fffff);
SDR 13 TDI (0147);
SIR 30 TDI (28cfffff);
STATE IDLE;
RUNTEST 20001E-6 SEC;
SIR 30 TDI (290fffff);
SDR 328 TDI (ffefddeeff7ec78be2f8ffdfc170781e07000000fe06007c1ff82ff07c19bfc7afebf35ff3cf81f8fc)
	TDO (ffefddeeff7ec78be2f8ffdfc170781e07000000fe06007c1ff82ff07c19bfc7afebf35ff3cf81f8fc)
	MASK (ffffffffffffffffffffffffffffffffffffffffffffffffffffffffffffffffffffffffffffffffff);
SIR 30 TDI (2a1fffff);
SDR 13 TDI (014b);
SIR 30 TDI (28cfffff);
STATE IDLE;
RUNTEST 20001E-6 SEC;
SIR 30 TDI (290fffff);
SDR 328 TDI (7f7cf7fbdf7f878f63d8ffdfc3f0781607000000000600340db02ed03419bfc7afebf35ff3cf81f8fc)
	TDO (7f7cf7fbdf7f878f63d8ffdfc3f0781607000000000600340db02ed03419bfc7afebf35ff3cf81f8fc)
	MASK (ffffffffffffffffffffffffffffffffffffffffffffffffffffffffffffffffffffffffffffffffff);
SIR 30 TDI (2a1fffff);
SDR 13 TDI (014f);
SIR 30 TDI (28cfffff);
STATE IDLE;
RUNTEST 20001E-6 SEC;
SIR 30 TDI (290fffff);
SDR 328 TDI (f7bffbffee47c38fe3f0ffcac3f0781e07000000fe06005c17e827705c19bfc7afebf35ff28201f8fc)
	TDO (f7bffbffee47c38fe3f0ffcac3f0781e07000000fe06005c17e827705c19bfc7afebf35ff28201f8fc)
	MASK (ffffffffffffffffffffffffffffffffffffffffffffffffffffffffffffffffffffffffffffffffff);
SIR 30 TDI (2a1fffff);
SDR 13 TDI (0153);
SIR 30 TDI (28cfffff);
STATE IDLE;
RUNTEST 20001E-6 SEC;
SIR 30 TDI (290fffff);
SDR 328 TDI (ffffffffff7fc78fe3f8ffdfc3f0781e07000000fe06007c1ff82ff07419bfc7afebf35ff3cf81f8fc)
	TDO (ffffffffff7fc78fe3f8ffdfc3f0781e07000000fe06007c1ff82ff07419bfc7afebf35ff3cf81f8fc)
	MASK (ffffffffffffffffffffffffffffffffffffffffffffffffffffffffffffffffffffffffffffffffff);
SIR 30 TDI (2a1fffff);
SDR 13 TDI (0157);
SIR 30 TDI (28cfffff);
STATE IDLE;
RUNTEST 20001E-6 SEC;
SIR 30 TDI (290fffff);
SDR 328 TDI (ffffffffff7fc78fe3f8ffdfc3f0781e07000000fe06007c1ff82ff07c19bfc7afebf35ff3cf81f8fc)
	TDO (ffffffffff7fc78fe3f8ffdfc3f0781e07000000fe06007c1ff82ff07c19bfc7afebf35ff3cf81f8fc)
	MASK (ffffffffffffffffffffffffffffffffffffffffffffffffffffffffffffffffffffffffffffffffff);
SIR 30 TDI (2a1fffff);
SDR 13 TDI (015b);
SIR 30 TDI (28cfffff);
STATE IDLE;
RUNTEST 20001E-6 SEC;
SIR 30 TDI (290fffff);
SDR 328 TDI (ffffffffff7fc78fe3f8ffdfc3f0781e07000000fe06007c1ff82ff07c19bfc7afebf35ff3cf81f8fc)
	TDO (ffffffffff7fc78fe3f8ffdfc3f0781e07000000fe06007c1ff82ff07c19bfc7afebf35ff3cf81f8fc)
	MASK (ffffffffffffffffffffffffffffffffffffffffffffffffffffffffffffffffffffffffffffffffff);
SIR 30 TDI (2a1fffff);
SDR 13 TDI (015f);
SIR 30 TDI (28cfffff);
STATE IDLE;
RUNTEST 20001E-6 SEC;
SIR 30 TDI (290fffff);
SDR 328 TDI (19ffffffff7fc78fe3f8ffdfc3f0781e07000000fe06007c1ff82ff07c19bfc7afebf35ff3cf81f8fc)
	TDO (19ffffffff7fc78fe3f8ffdfc3f0781e07000000fe06007c1ff82ff07c19bfc7afebf35ff3cf81f8fc)
	MASK (ffffffffffffffffffffffffffffffffffffffffffffffffffffffffffffffffffffffffffffffffff);
SIR 30 TDI (2a1fffff);
SDR 13 TDI (0163);
SIR 30 TDI (28cfffff);
STATE IDLE;
RUNTEST 20001E-6 SEC;
SIR 30 TDI (290fffff);
SDR 328 TDI (ffffffffff7fc78fe3f8ffdfc3f0781e07000000fe0600781e780fe078183fc7afebf35ff3cf81f8fc)
	TDO (ffffffffff7fc78fe3f8ffdfc3f0781e07000000fe0600781e780fe078183fc7afebf35ff3cf81f8fc)
	MASK (ffffffffffffffffffffffffffffffffffffffffffffffffffffffffffffffffffffffffffffffffff);
SIR 30 TDI (2a1fffff);
SDR 13 TDI (0167);
SIR 30 TDI (28cfffff);
STATE IDLE;
RUNTEST 20001E-6 SEC;
SIR 30 TDI (290fffff);
SDR 328 TDI (ffffffffff7fc78fc3f8ffdfc3f0781e07000000fe06007c1ff82ff07c19bfc7afebf35ff3cf81f8fc)
	TDO (ffffffffff7fc78fc3f8ffdfc3f0781e07000000fe06007c1ff82ff07c19bfc7afebf35ff3cf81f8fc)
	MASK (ffffffffffffffffffffffffffffffffffffffffffffffffffffffffffffffffffffffffffffffffff);
SIR 30 TDI (2a1fffff);
SDR 13 TDI (016b);
SIR 30 TDI (28cfffff);
STATE IDLE;
RUNTEST 20001E-6 SEC;
SIR 30 TDI (290fffff);
SDR 328 TDI (f7f7badf7e55c78de370fbdfc3f0481e06000000fe06007c1ff82ff06c19bfc7afebf35ff3cf81f8fc)
	TDO (f7f7badf7e55c78de370fbdfc3f0481e06000000fe06007c1ff82ff06c19bfc7afebf35ff3cf81f8fc)
	MASK (ffffffffffffffffffffffffffffffffffffffffffffffffffffffffffffffffffffffffffffffffff);
SIR 30 TDI (2a1fffff);
SDR 13 TDI (016f);
SIR 30 TDI (28cfffff);
STATE IDLE;
RUNTEST 20001E-6 SEC;
SIR 30 TDI (290fffff);
SDR 328 TDI (ffffffffef6fc38fe3f8fedfc3f0781e07000000fe06007c1ff82ff07c19b7c7afebf35ff3cf81f8fc)
	TDO (ffffffffef6fc38fe3f8fedfc3f0781e07000000fe06007c1ff82ff07c19b7c7afebf35ff3cf81f8fc)
	MASK (ffffffffffffffffffffffffffffffffffffffffffffffffffffffffffffffffffffffffffffffffff);
SIR 30 TDI (2a1fffff);
SDR 13 TDI (0173);
SIR 30 TDI (28cfffff);
STATE IDLE;
RUNTEST 20001E-6 SEC;
SIR 30 TDI (290fffff);
SDR 328 TDI (ffffffffff7fc58fe3f8ffdfc3f0781e07000000fe06007c1ff82ff07c19bfc7afebf358328201f8fc)
	TDO (ffffffffff7fc58fe3f8ffdfc3f0781e07000000fe06007c1ff82ff07c19bfc7afebf358328201f8fc)
	MASK (ffffffffffffffffffffffffffffffffffffffffffffffffffffffffffffffffffffffffffffffffff);
SIR 30 TDI (2a1fffff);
SDR 13 TDI (0177);
SIR 30 TDI (28cfffff);
STATE IDLE;
RUNTEST 20001E-6 SEC;
SIR 30 TDI (290fffff);
SDR 328 TDI (ffffffffff7fc78fe3f8ffdfc3f0781e07000000fe06007c1ff82ff07c19bfc7afebf35ff3cf81f8fc)
	TDO (ffffffffff7fc78fe3f8ffdfc3f0781e07000000fe06007c1ff82ff07c19bfc7afebf35ff3cf81f8fc)
	MASK (ffffffffffffffffffffffffffffffffffffffffffffffffffffffffffffffffffffffffffffffffff);
SIR 30 TDI (2a1fffff);
SDR 13 TDI (017b);
SIR 30 TDI (28cfffff);
STATE IDLE;
RUNTEST 20001E-6 SEC;
SIR 30 TDI (290fffff);
SDR 328 TDI (ffffffffff7fc78fe3f8fadfc3f0481e06000000fe02007c1ff82ff07c19bfc7afebf35ff3cf81f8fc)
	TDO (ffffffffff7fc78fe3f8fadfc3f0481e06000000fe02007c1ff82ff07c19bfc7afebf35ff3cf81f8fc)
	MASK (ffffffffffffffffffffffffffffffffffffffffffffffffffffffffffffffffffffffffffffffffff);
SIR 30 TDI (2a1fffff);
SDR 13 TDI (017f);
SIR 30 TDI (28cfffff);
STATE IDLE;
RUNTEST 20001E-6 SEC;
SIR 30 TDI (290fffff);
SDR 328 TDI (ffffffffff7fc78fe3f8ff9fc3f0781e07000000000400340db02ed03419bfc7afebf35ff3cf81f8fc)
	TDO (ffffffffff7fc78fe3f8ff9fc3f0781e07000000000400340db02ed03419bfc7afebf35ff3cf81f8fc)
	MASK (ffffffffffffffffffffffffffffffffffffffffffffffffffffffffffffffffffffffffffffffffff);
SIR 30 TDI (2a1fffff);
SDR 13 TDI (0183);
SIR 30 TDI (28cfffff);
STATE IDLE;
RUNTEST 20001E-6 SEC;
SIR 30 TDI (290fffff);
SDR 328 TDI (ffffffffff7fc78fe3f8fb9fc3f0781e070000003e0600741db82fd07419bfc7afebf35ff3cf81f8fc)
	TDO (ffffffffff7fc78fe3f8fb9fc3f0781e070000003e0600741db82fd07419bfc7afebf35ff3cf81f8fc)
	MASK (ffffffffffffffffffffffffffffffffffffffffffffffffffffffffffffffffffffffffffffffffff);
SIR 30 TDI (2a1fffff);
SDR 13 TDI (0187);
SIR 30 TDI (28cfffff);
STATE IDLE;
RUNTEST 20001E-6 SEC;
SIR 30 TDI (290fffff);
SDR 328 TDI (ffffffffff7fc78fe3f8fddfc3f0781e07000000c006003c0ff02cf03c11bfc7afebf35ff3cf81f8fc)
	TDO (ffffffffff7fc78fe3f8fddfc3f0781e07000000c006003c0ff02cf03c11bfc7afebf35ff3cf81f8fc)
	MASK (ffffffffffffffffffffffffffffffffffffffffffffffffffffffffffffffffffffffffffffffffff);
SIR 30 TDI (2a1fffff);
SDR 13 TDI (018b);
SIR 30 TDI (28cfffff);
STATE IDLE;
RUNTEST 20001E-6 SEC;
SIR 30 TDI (290fffff);
SDR 328 TDI (ff3fffffff7fc78fe3f8ffdfc3f0781a07000000fe06007c1ff82ef07c19bfc7afebf35ff3cf81f8fc)
	TDO (ff3fffffff7fc78fe3f8ffdfc3f0781a07000000fe06007c1ff82ef07c19bfc7afebf35ff3cf81f8fc)
	MASK (ffffffffffffffffffffffffffffffffffffffffffffffffffffffffffffffffffffffffffffffffff);
SIR 30 TDI (2a1fffff);
SDR 13 TDI (018f);
SIR 30 TDI (28cfffff);
STATE IDLE;
RUNTEST 20001E-6 SEC;
SIR 30 TDI (290fffff);
SDR 328 TDI (ffffffffff7fc78fe3f8ffdfc3f0301e07000000fe06007c1ff82ff07c19bfc7afebf35ff3cf81f8fc)
	TDO (ffffffffff7fc78fe3f8ffdfc3f0301e07000000fe06007c1ff82ff07c19bfc7afebf35ff3cf81f8fc)
	MASK (ffffffffffffffffffffffffffffffffffffffffffffffffffffffffffffffffffffffffffffffffff);
SIR 30 TDI (2a1fffff);
SDR 13 TDI (0193);
SIR 30 TDI (28cfffff);
STATE IDLE;
RUNTEST 20001E-6 SEC;
SIR 30 TDI (290fffff);
SDR 328 TDI (ffffffffff7fc78fe3f8ffdfc3f0781e07000000fe06007c1ff82ff07c19bf86af28934ff3cf81d8fc)
	TDO (ffffffffff7fc78fe3f8ffdfc3f0781e07000000fe06007c1ff82ff07c19bf86af28934ff3cf81d8fc)
	MASK (ffffffffffffffffffffffffffffffffffffffffffffffffffffffffffffffffffffffffffffffffff);
SIR 30 TDI (2a1fffff);
SDR 13 TDI (0197);
SIR 30 TDI (28cfffff);
STATE IDLE;
RUNTEST 20001E-6 SEC;
SIR 30 TDI (290fffff);
SDR 328 TDI (ffffffffff7fc78fe3f8ffdfc3f0781e07000000fe06007c1ff82ff07c19bfc7afeb735df3ce81f8fc)
	TDO (ffffffffff7fc78fe3f8ffdfc3f0781e07000000fe06007c1ff82ff07c19bfc7afeb735df3ce81f8fc)
	MASK (ffffffffffffffffffffffffffffffffffffffffffffffffffffffffffffffffffffffffffffffffff);
SIR 30 TDI (2a1fffff);
SDR 13 TDI (019b);
SIR 30 TDI (28cfffff);
STATE IDLE;
RUNTEST 20001E-6 SEC;
SIR 30 TDI (290fffff);
SDR 328 TDI (ffffffffff7fc78fe3f8efdfc3f0781e07000000fe0600741ff82ff07c19bfc7afebf35ff3cf81f8fc)
	TDO (ffffffffff7fc78fe3f8efdfc3f0781e07000000fe0600741ff82ff07c19bfc7afebf35ff3cf81f8fc)
	MASK (ffffffffffffffffffffffffffffffffffffffffffffffffffffffffffffffffffffffffffffffffff);
SIR 30 TDI (2a1fffff);
SDR 13 TDI (019f);
SIR 30 TDI (28cfffff);
STATE IDLE;
RUNTEST 20001E-6 SEC;
SIR 30 TDI (290fffff);
SDR 328 TDI (ffffffffff7fc78fe3f8ffdfc3f0781e07000000fe06007c1ff82ff07c19bfc7afebf35ff3cf81f0fc)
	TDO (ffffffffff7fc78fe3f8ffdfc3f0781e07000000fe06007c1ff82ff07c19bfc7afebf35ff3cf81f0fc)
	MASK (ffffffffffffffffffffffffffffffffffffffffffffffffffffffffffffffffffffffffffffffffff);
SIR 30 TDI (2a1fffff);
SDR 13 TDI (01a3);
SIR 30 TDI (28cfffff);
STATE IDLE;
RUNTEST 20001E-6 SEC;
SIR 30 TDI (290fffff);
SDR 328 TDI (ffffffffff7fc78fe3f8ffdfc3f0781e07000000fe06007c1bf82ff07c19bfc7afebf35ff3cf81f8fc)
	TDO (ffffffffff7fc78fe3f8ffdfc3f0781e07000000fe06007c1bf82ff07c19bfc7afebf35ff3cf81f8fc)
	MASK (ffffffffffffffffffffffffffffffffffffffffffffffffffffffffffffffffffffffffffffffffff);
SIR 30 TDI (2a1fffff);
SDR 13 TDI (01a7);
SIR 30 TDI (28cfffff);
STATE IDLE;
RUNTEST 20001E-6 SEC;
SIR 30 TDI (290fffff);
SDR 328 TDI (ffffffffff7fc78fe3f8ffdfc3f0781e07000000fe06007c1ff82ff07c19bfc7afebf35ff3cd81f8fc)
	TDO (ffffffffff7fc78fe3f8ffdfc3f0781e07000000fe06007c1ff82ff07c19bfc7afebf35ff3cd81f8fc)
	MASK (ffffffffffffffffffffffffffffffffffffffffffffffffffffffffffffffffffffffffffffffffff);
SIR 30 TDI (2a1fffff);
SDR 13 TDI (01ab);
SIR 30 TDI (28cfffff);
STATE IDLE;
RUNTEST 20001E-6 SEC;
SIR 30 TDI (290fffff);
SDR 328 TDI (ffffffffff7fc78fe3f8ffdfc3f0781e07000000fe06007c1ff82fb07c19bfc7afebf35ff3cf81f8fc)
	TDO (ffffffffff7fc78fe3f8ffdfc3f0781e07000000fe06007c1ff82fb07c19bfc7afebf35ff3cf81f8fc)
	MASK (ffffffffffffffffffffffffffffffffffffffffffffffffffffffffffffffffffffffffffffffffff);
SIR 30 TDI (2a1fffff);
SDR 13 TDI (01af);
SIR 30 TDI (28cfffff);
STATE IDLE;
RUNTEST 20001E-6 SEC;
SIR 30 TDI (290fffff);
SDR 328 TDI (ffffffffff7fc78fe3f8ffdfc3f0781e07000000fe06007c1ff82ff07c19bfc7afebf35ff28201f8fc)
	TDO (ffffffffff7fc78fe3f8ffdfc3f0781e07000000fe06007c1ff82ff07c19bfc7afebf35ff28201f8fc)
	MASK (ffffffffffffffffffffffffffffffffffffffffffffffffffffffffffffffffffffffffffffffffff);
STATE IDLE;
SIR 30 TDI (2a1fffff);
SDR 13 TDI (0203);
SIR 30 TDI (28cfffff);
STATE IDLE;
RUNTEST 20001E-6 SEC;
SIR 30 TDI (290fffff);
SDR 328 TDI (ccc20c8060061fe1f938382fd0741db82e10641eff8783f0f83807c060103f3ff3fcffff3f83e33cfc)
	TDO (ccc20c8060061fe1f938382fd0741db82e10641eff8783f0f83807c060103f3ff3fcffff3f83e33cfc)
	MASK (ffffffffffffffffffffffffffffffffffffffffffffffffffffffffffffffffffffffffffffffffff);
SIR 30 TDI (2a1fffff);
SDR 13 TDI (0207);
SIR 30 TDI (28cfffff);
STATE IDLE;
RUNTEST 20001E-6 SEC;
SIR 30 TDI (290fffff);
SDR 328 TDI (ccc20c8060061fe1f938382fd0741db82e10641eff8783f0f83807c060103f3ff3fcffff3f83e33cfc)
	TDO (ccc20c8060061fe1f938382fd0741db82e10641eff8783f0f83807c060103f3ff3fcffff3f83e33cfc)
	MASK (ffffffffffffffffffffffffffffffffffffffffffffffffffffffffffffffffffffffffffffffffff);
SIR 30 TDI (2a1fffff);
SDR 13 TDI (020b);
SIR 30 TDI (28cfffff);
STATE IDLE;
RUNTEST 20001E-6 SEC;
SIR 30 TDI (290fffff);
SDR 328 TDI (ccc20c8060061fe1f938382fd0741db82e10641eff8783f0f83807c060103f3ff3fcffff3f83e33cfc)
	TDO (ccc20c8060061fe1f938382fd0741db82e10641eff8783f0f83807c060103f3ff3fcffff3f83e33cfc)
	MASK (ffffffffffffffffffffffffffffffffffffffffffffffffffffffffffffffffffffffffffffffffff);
SIR 30 TDI (2a1fffff);
SDR 13 TDI (020f);
SIR 30 TDI (28cfffff);
STATE IDLE;
RUNTEST 20001E-6 SEC;
SIR 30 TDI (290fffff);
SDR 328 TDI (ccc20c8060061fe1f938382fd0741db82e10641eff8783f0f83807c060103f3ff3fcffff3f83e33cfc)
	TDO (ccc20c8060061fe1f938382fd0741db82e10641eff8783f0f83807c060103f3ff3fcffff3f83e33cfc)
	MASK (ffffffffffffffffffffffffffffffffffffffffffffffffffffffffffffffffffffffffffffffffff);
SIR 30 TDI (2a1fffff);
SDR 13 TDI (0213);
SIR 30 TDI (28cfffff);
STATE IDLE;
RUNTEST 20001E-6 SEC;
SIR 30 TDI (290fffff);
SDR 328 TDI (ccc20c8060061fe1f938382fd0741db82e10641eff8783f0f83807c060103f3ff3fcffff3f83e33cfc)
	TDO (ccc20c8060061fe1f938382fd0741db82e10641eff8783f0f83807c060103f3ff3fcffff3f83e33cfc)
	MASK (ffffffffffffffffffffffffffffffffffffffffffffffffffffffffffffffffffffffffffffffffff);
SIR 30 TDI (2a1fffff);
SDR 13 TDI (0217);
SIR 30 TDI (28cfffff);
STATE IDLE;
RUNTEST 20001E-6 SEC;
SIR 30 TDI (290fffff);
SDR 328 TDI (ccc20c8060061fe1f938382fd0741db82e10641eff8783f0f83807c060103f3ff3fcffff3f83e33cfc)
	TDO (ccc20c8060061fe1f938382fd0741db82e10641eff8783f0f83807c060103f3ff3fcffff3f83e33cfc)
	MASK (ffffffffffffffffffffffffffffffffffffffffffffffffffffffffffffffffffffffffffffffffff);
SIR 30 TDI (2a1fffff);
SDR 13 TDI (021b);
SIR 30 TDI (28cfffff);
STATE IDLE;
RUNTEST 20001E-6 SEC;
SIR 30 TDI (290fffff);
SDR 328 TDI (ccc20c8060061fe1f938382fd0741db82e10641eff8783f0f83807c060103f3ff3fcffff3f83e33cfc)
	TDO (ccc20c8060061fe1f938382fd0741db82e10641eff8783f0f83807c060103f3ff3fcffff3f83e33cfc)
	MASK (ffffffffffffffffffffffffffffffffffffffffffffffffffffffffffffffffffffffffffffffffff);
SIR 30 TDI (2a1fffff);
SDR 13 TDI (021f);
SIR 30 TDI (28cfffff);
STATE IDLE;
RUNTEST 20001E-6 SEC;
SIR 30 TDI (290fffff);
SDR 328 TDI (ccc20c8060061fe1f938382fd0741db82e10641eff8783f0f83807c060103f3ff3fcffff3f83e33cfc)
	TDO (ccc20c8060061fe1f938382fd0741db82e10641eff8783f0f83807c060103f3ff3fcffff3f83e33cfc)
	MASK (ffffffffffffffffffffffffffffffffffffffffffffffffffffffffffffffffffffffffffffffffff);
SIR 30 TDI (2a1fffff);
SDR 13 TDI (0223);
SIR 30 TDI (28cfffff);
STATE IDLE;
RUNTEST 20001E-6 SEC;
SIR 30 TDI (290fffff);
SDR 328 TDI (ccc20c8060061fe1f938382fd0741db82e10641eff8783f0f83807c060103f3ff3fcffff3f83e33cfc)
	TDO (ccc20c8060061fe1f938382fd0741db82e10641eff8783f0f83807c060103f3ff3fcffff3f83e33cfc)
	MASK (ffffffffffffffffffffffffffffffffffffffffffffffffffffffffffffffffffffffffffffffffff);
SIR 30 TDI (2a1fffff);
SDR 13 TDI (0227);
SIR 30 TDI (28cfffff);
STATE IDLE;
RUNTEST 20001E-6 SEC;
SIR 30 TDI (290fffff);
SDR 328 TDI (ccc20c8060061fe1f938382fd0741db82e10641eff8783f0f83807c060103f3ff3fcffff3f83e33cfc)
	TDO (ccc20c8060061fe1f938382fd0741db82e10641eff8783f0f83807c060103f3ff3fcffff3f83e33cfc)
	MASK (ffffffffffffffffffffffffffffffffffffffffffffffffffffffffffffffffffffffffffffffffff);
SIR 30 TDI (2a1fffff);
SDR 13 TDI (022b);
SIR 30 TDI (28cfffff);
STATE IDLE;
RUNTEST 20001E-6 SEC;
SIR 30 TDI (290fffff);
SDR 328 TDI (ccc20c8060061fe1f938382fd0741db82e10641eff8783f0f83807c060103f3ff3fcffff3f83e33cfc)
	TDO (ccc20c8060061fe1f938382fd0741db82e10641eff8783f0f83807c060103f3ff3fcffff3f83e33cfc)
	MASK (ffffffffffffffffffffffffffffffffffffffffffffffffffffffffffffffffffffffffffffffffff);
SIR 30 TDI (2a1fffff);
SDR 13 TDI (022f);
SIR 30 TDI (28cfffff);
STATE IDLE;
RUNTEST 20001E-6 SEC;
SIR 30 TDI (290fffff);
SDR 328 TDI (ccc20c8060061fe1f938382fd0741db82e10641eff8783f0f83807c060103f3ff3fcffff3f83e33cfc)
	TDO (ccc20c8060061fe1f938382fd0741db82e10641eff8783f0f83807c060103f3ff3fcffff3f83e33cfc)
	MASK (ffffffffffffffffffffffffffffffffffffffffffffffffffffffffffffffffffffffffffffffffff);
SIR 30 TDI (2a1fffff);
SDR 13 TDI (0233);
SIR 30 TDI (28cfffff);
STATE IDLE;
RUNTEST 20001E-6 SEC;
SIR 30 TDI (290fffff);
SDR 328 TDI (ccc20c8060061fe1f938382fd0741db82e10641eff8783f0f83807c060103f3ff3fcffff3f83e33cfc)
	TDO (ccc20c8060061fe1f938382fd0741db82e10641eff8783f0f83807c060103f3ff3fcffff3f83e33cfc)
	MASK (ffffffffffffffffffffffffffffffffffffffffffffffffffffffffffffffffffffffffffffffffff);
SIR 30 TDI (2a1fffff);
SDR 13 TDI (0237);
SIR 30 TDI (28cfffff);
STATE IDLE;
RUNTEST 20001E-6 SEC;
SIR 30 TDI (290fffff);
SDR 328 TDI (ccc20c8060061fe1f938382fd0741db82e10641eff8783f0f83807c060103f3ff3fcffff3f83e33cfc)
	TDO (ccc20c8060061fe1f938382fd0741db82e10641eff8783f0f83807c060103f3ff3fcffff3f83e33cfc)
	MASK (ffffffffffffffffffffffffffffffffffffffffffffffffffffffffffffffffffffffffffffffffff);
SIR 30 TDI (2a1fffff);
SDR 13 TDI (023b);
SIR 30 TDI (28cfffff);
STATE IDLE;
RUNTEST 20001E-6 SEC;
SIR 30 TDI (290fffff);
SDR 328 TDI (ccc20c8060061fe1f938382fd0741db82e10641eff8783d0e83807c060103f3ff3fcffff3f83e33cfc)
	TDO (ccc20c8060061fe1f938382fd0741db82e10641eff8783d0e83807c060103f3ff3fcffff3f83e33cfc)
	MASK (ffffffffffffffffffffffffffffffffffffffffffffffffffffffffffffffffffffffffffffffffff);
SIR 30 TDI (2a1fffff);
SDR 13 TDI (023f);
SIR 30 TDI (28cfffff);
STATE IDLE;
RUNTEST 20001E-6 SEC;
SIR 30 TDI (290fffff);
SDR 328 TDI (ccc20c8060061fe1f938382fd0741db82e10641eff8783f0f828074020103f3ff3fcffff3f83e33cfc)
	TDO (ccc20c8060061fe1f938382fd0741db82e10641eff8783f0f828074020103f3ff3fcffff3f83e33cfc)
	MASK (ffffffffffffffffffffffffffffffffffffffffffffffffffffffffffffffffffffffffffffffffff);
SIR 30 TDI (2a1fffff);
SDR 13 TDI (0243);
SIR 30 TDI (28cfffff);
STATE IDLE;
RUNTEST 20001E-6 SEC;
SIR 30 TDI (290fffff);
SDR 328 TDI (ccc20c8060061fe1f938382fd0741db82e10641eff8703f0f83803c060103f3ff3fcffff3f83a33cfc)
	TDO (ccc20c8060061fe1f938382fd0741db82e10641eff8703f0f83803c060103f3ff3fcffff3f83a33cfc)
	MASK (ffffffffffffffffffffffffffffffffffffffffffffffffffffffffffffffffffffffffffffffffff);
SIR 30 TDI (2a1fffff);
SDR 13 TDI (0247);
SIR 30 TDI (28cfffff);
STATE IDLE;
RUNTEST 20001E-6 SEC;
SIR 30 TDI (290fffff);
SDR 328 TDI (ccc20c8060061fe1f938382fd0741db82e10641eff8783f0f83807c060103f3ff3fcffff3f83e33cfc)
	TDO (ccc20c8060061fe1f938382fd0741db82e10641eff8783f0f83807c060103f3ff3fcffff3f83e33cfc)
	MASK (ffffffffffffffffffffffffffffffffffffffffffffffffffffffffffffffffffffffffffffffffff);
SIR 30 TDI (2a1fffff);
SDR 13 TDI (024b);
SIR 30 TDI (28cfffff);
STATE IDLE;
RUNTEST 20001E-6 SEC;
SIR 30 TDI (290fffff);
SDR 328 TDI (ccc20c8060061fe1f838382fd0741db82610641eff8783f0783807c060103f3ff3fc7fff3f83e33cfc)
	TDO (ccc20c8060061fe1f838382fd0741db82610641eff8783f0783807c060103f3ff3fc7fff3f83e33cfc)
	MASK (ffffffffffffffffffffffffffffffffffffffffffffffffffffffffffffffffffffffffffffffffff);
SIR 30 TDI (2a1fffff);
SDR 13 TDI (024f);
SIR 30 TDI (28cfffff);
STATE IDLE;
RUNTEST 20001E-6 SEC;
SIR 30 TDI (290fffff);
SDR 328 TDI (ccc20c8060061fe1f938382fd0741db82e10641eff8783f0f83807c060103f3ff3fcffff3f83e33cfc)
	TDO (ccc20c8060061fe1f938382fd0741db82e10641eff8783f0f83807c060103f3ff3fcffff3f83e33cfc)
	MASK (ffffffffffffffffffffffffffffffffffffffffffffffffffffffffffffffffffffffffffffffffff);
SIR 30 TDI (2a1fffff);
SDR 13 TDI (0253);
SIR 30 TDI (28cfffff);
STATE IDLE;
RUNTEST 20001E-6 SEC;
SIR 30 TDI (290fffff);
SDR 328 TDI (ccc20c8000001fe1f9380020100401802010641efe8783f0f83807c06010003ff07c1ff83f80633cfc)
	TDO (ccc20c8000001fe1f9380020100401802010641efe8783f0f83807c06010003ff07c1ff83f80633cfc)
	MASK (ffffffffffffffffffffffffffffffffffffffffffffffffffffffffffffffffffffffffffffffffff);
SIR 30 TDI (2a1fffff);
SDR 13 TDI (0257);
SIR 30 TDI (28cfffff);
STATE IDLE;
RUNTEST 20001E-6 SEC;
SIR 30 TDI (290fffff);
SDR 328 TDI (4c82048060061fe1f938382fd0741db82e10641eff8783f0f83807c060103f3ff3fcffff3f83e13cfc)
	TDO (4c82048060061fe1f938382fd0741db82e10641eff8783f0f83807c060103f3ff3fcffff3f83e13cfc)
	MASK (ffffffffffffffffffffffffffffffffffffffffffffffffffffffffffffffffffffffffffffffffff);
SIR 30 TDI (2a1fffff);
SDR 13 TDI (025b);
SIR 30 TDI (28cfffff);
STATE IDLE;
RUNTEST 20001E-6 SEC;
SIR 30 TDI (290fffff);
SDR 328 TDI (ccc20c8060061b61d938382e50741db82e10641eff8783f0f83807c060102d3ff2fcbffd3f82e33cfc)
	TDO (ccc20c8060061b61d938382e50741db82e10641eff8783f0f83807c060102d3ff2fcbffd3f82e33cfc)
	MASK (ffffffffffffffffffffffffffffffffffffffffffffffffffffffffffffffffffffffffffffffffff);
SIR 30 TDI (2a1fffff);
SDR 13 TDI (025f);
SIR 30 TDI (28cfffff);
STATE IDLE;
RUNTEST 20001E-6 SEC;
SIR 30 TDI (290fffff);
SDR 328 TDI (ccc20c8060061fe1f938382fd0741db82e10641efe8783f0f83807c060101e3ff1fc7ffe3f81e33cfc)
	TDO (ccc20c8060061fe1f938382fd0741db82e10641efe8783f0f83807c060101e3ff1fc7ffe3f81e33cfc)
	MASK (ffffffffffffffffffffffffffffffffffffffffffffffffffffffffffffffffffffffffffffffffff);
SIR 30 TDI (2a1fffff);
SDR 13 TDI (0263);
SIR 30 TDI (28cfffff);
STATE IDLE;
RUNTEST 20001E-6 SEC;
SIR 30 TDI (290fffff);
SDR 328 TDI (ccc20c8060061fe1b938382fd0741db82e10640ef38003f0f838008060003f37b3ecfbdf3783e33cfc)
	TDO (ccc20c8060061fe1b938382fd0741db82e10640ef38003f0f838008060003f37b3ecfbdf3783e33cfc)
	MASK (ffffffffffffffffffffffffffffffffffffffffffffffffffffffffffffffffffffffffffffffffff);
SIR 30 TDI (2a1fffff);
SDR 13 TDI (0267);
SIR 30 TDI (28cfffff);
STATE IDLE;
RUNTEST 20001E-6 SEC;
SIR 30 TDI (290fffff);
SDR 328 TDI (ccc20c8060061fe1f938382fd0741db82e10641eff8783f0f83807c060103f3ff3fcffff3f83e33cfc)
	TDO (ccc20c8060061fe1f938382fd0741db82e10641eff8783f0f83807c060103f3ff3fcffff3f83e33cfc)
	MASK (ffffffffffffffffffffffffffffffffffffffffffffffffffffffffffffffffffffffffffffffffff);
SIR 30 TDI (2a1fffff);
SDR 13 TDI (026b);
SIR 30 TDI (28cfffff);
STATE IDLE;
RUNTEST 20001E-6 SEC;
SIR 30 TDI (290fffff);
SDR 328 TDI (ccc20c8060061fe1f938382fd0741db82e10641efd8783f0f83807c060103f3ff3fcffff3f83e23cfc)
	TDO (ccc20c8060061fe1f938382fd0741db82e10641efd8783f0f83807c060103f3ff3fcffff3f83e23cfc)
	MASK (ffffffffffffffffffffffffffffffffffffffffffffffffffffffffffffffffffffffffffffffffff);
SIR 30 TDI (2a1fffff);
SDR 13 TDI (026f);
SIR 30 TDI (28cfffff);
STATE IDLE;
RUNTEST 20001E-6 SEC;
SIR 30 TDI (290fffff);
SDR 328 TDI (ccc20c8060061fe1f938382fd0741db82e10641eff8783f0f83807c060103f3ff3fcffff3f83e33cfc)
	TDO (ccc20c8060061fe1f938382fd0741db82e10641eff8783f0f83807c060103f3ff3fcffff3f83e33cfc)
	MASK (ffffffffffffffffffffffffffffffffffffffffffffffffffffffffffffffffffffffffffffffffff);
SIR 30 TDI (2a1fffff);
SDR 13 TDI (0273);
SIR 30 TDI (28cfffff);
STATE IDLE;
RUNTEST 20001E-6 SEC;
SIR 30 TDI (290fffff);
SDR 328 TDI (ccc20c8060021fe1f938382f90741db82e10641eff8783f0f83807c060103f3ff3fcffff3f83e33cfc)
	TDO (ccc20c8060021fe1f938382f90741db82e10641eff8783f0f83807c060103f3ff3fcffff3f83e33cfc)
	MASK (ffffffffffffffffffffffffffffffffffffffffffffffffffffffffffffffffffffffffffffffffff);
SIR 30 TDI (2a1fffff);
SDR 13 TDI (0277);
SIR 30 TDI (28cfffff);
STATE IDLE;
RUNTEST 20001E-6 SEC;
SIR 30 TDI (290fffff);
SDR 328 TDI (ccc20c8060061fe1f938382fd0741db82e10641eff8783f0f83807c060103f3ff3fcffff3f83e33cfc)
	TDO (ccc20c8060061fe1f938382fd0741db82e10641eff8783f0f83807c060103f3ff3fcffff3f83e33cfc)
	MASK (ffffffffffffffffffffffffffffffffffffffffffffffffffffffffffffffffffffffffffffffffff);
SIR 30 TDI (2a1fffff);
SDR 13 TDI (027b);
SIR 30 TDI (28cfffff);
STATE IDLE;
RUNTEST 20001E-6 SEC;
SIR 30 TDI (290fffff);
SDR 328 TDI (ccc20c8060061fe1f938102fd0741db82e10641eff8783f0f83807c060103f3cf3bceff73d83e33cfc)
	TDO (ccc20c8060061fe1f938102fd0741db82e10641eff8783f0f83807c060103f3cf3bceff73d83e33cfc)
	MASK (ffffffffffffffffffffffffffffffffffffffffffffffffffffffffffffffffffffffffffffffffff);
SIR 30 TDI (2a1fffff);
SDR 13 TDI (027f);
SIR 30 TDI (28cfffff);
STATE IDLE;
RUNTEST 20001E-6 SEC;
SIR 30 TDI (290fffff);
SDR 328 TDI (ccc00c8060061fe1f938382fd0741db82e10641ef38003f0f838008060003f0783e0f81f0783e33cfc)
	TDO (ccc00c8060061fe1f938382fd0741db82e10641ef38003f0f838008060003f0783e0f81f0783e33cfc)
	MASK (ffffffffffffffffffffffffffffffffffffffffffffffffffffffffffffffffffffffffffffffffff);
SIR 30 TDI (2a1fffff);
SDR 13 TDI (0283);
SIR 30 TDI (28cfffff);
STATE IDLE;
RUNTEST 20001E-6 SEC;
SIR 30 TDI (290fffff);
SDR 328 TDI (c8c20c8060061fe1f938382fd07419b82e10641eff878370f83807c060101e3ff1fc7ffe3f81e33cfc)
	TDO (c8c20c8060061fe1f938382fd07419b82e10641eff878370f83807c060101e3ff1fc7ffe3f81e33cfc)
	MASK (ffffffffffffffffffffffffffffffffffffffffffffffffffffffffffffffffffffffffffffffffff);
SIR 30 TDI (2a1fffff);
SDR 13 TDI (0287);
SIR 30 TDI (28cfffff);
STATE IDLE;
RUNTEST 20001E-6 SEC;
SIR 30 TDI (290fffff);
SDR 328 TDI (ccc20c8060061fe1f938382fd0741db82e10641eff8783f0f83807c06010333ff37cdffb3f83633cfc)
	TDO (ccc20c8060061fe1f938382fd0741db82e10641eff8783f0f83807c06010333ff37cdffb3f83633cfc)
	MASK (ffffffffffffffffffffffffffffffffffffffffffffffffffffffffffffffffffffffffffffffffff);
SIR 30 TDI (2a1fffff);
SDR 13 TDI (028b);
SIR 30 TDI (28cfffff);
STATE IDLE;
RUNTEST 20001E-6 SEC;
SIR 30 TDI (290fffff);
SDR 328 TDI (ccc20c8060061fe1f93838279064199826106416f38003f0f838008060003f3ff3fcffff3f81e33cfc)
	TDO (ccc20c8060061fe1f93838279064199826106416f38003f0f838008060003f3ff3fcffff3f81e33cfc)
	MASK (ffffffffffffffffffffffffffffffffffffffffffffffffffffffffffffffffffffffffffffffffff);
SIR 30 TDI (2a1fffff);
SDR 13 TDI (028f);
SIR 30 TDI (28cfffff);
STATE IDLE;
RUNTEST 20001E-6 SEC;
SIR 30 TDI (290fffff);
SDR 328 TDI (ccc20c8060061fe1f938382b505415a82a10641eff8783f0f83807c060103f3ff3fcffff3f83e33cfc)
	TDO (ccc20c8060061fe1f938382b505415a82a10641eff8783f0f83807c060103f3ff3fcffff3f83e33cfc)
	MASK (ffffffffffffffffffffffffffffffffffffffffffffffffffffffffffffffffffffffffffffffffff);
SIR 30 TDI (2a1fffff);
SDR 13 TDI (0293);
SIR 30 TDI (28cfffff);
STATE IDLE;
RUNTEST 20001E-6 SEC;
SIR 30 TDI (290fffff);
SDR 328 TDI (ccc20c8020061fe0f938382fd0741db82e10641eff8783f0f83807c060103f01f3fcffff3f82633cfc)
	TDO (ccc20c8020061fe0f938382fd0741db82e10641eff8783f0f83807c060103f01f3fcffff3f82633cfc)
	MASK (ffffffffffffffffffffffffffffffffffffffffffffffffffffffffffffffffffffffffffffffffff);
SIR 30 TDI (2a1fffff);
SDR 13 TDI (0297);
SIR 30 TDI (28cfffff);
STATE IDLE;
RUNTEST 20001E-6 SEC;
SIR 30 TDI (290fffff);
SDR 328 TDI (ccc20c8060041fe1f938382fd0741db82e10641eff8783f0f83807c060103f3ff3fcffff3f83e33cfc)
	TDO (ccc20c8060041fe1f938382fd0741db82e10641eff8783f0f83807c060103f3ff3fcffff3f83e33cfc)
	MASK (ffffffffffffffffffffffffffffffffffffffffffffffffffffffffffffffffffffffffffffffffff);
SIR 30 TDI (2a1fffff);
SDR 13 TDI (029b);
SIR 30 TDI (28cfffff);
STATE IDLE;
RUNTEST 20001E-6 SEC;
SIR 30 TDI (290fffff);
SDR 328 TDI (ccc20c8060060fc1f128382fd0741db82e10441eff8783f0f83807c060103f3ff3fcffff3f83e33cfc)
	TDO (ccc20c8060060fc1f128382fd0741db82e10441eff8783f0f83807c060103f3ff3fcffff3f83e33cfc)
	MASK (ffffffffffffffffffffffffffffffffffffffffffffffffffffffffffffffffffffffffffffffffff);
SIR 30 TDI (2a1fffff);
SDR 13 TDI (029f);
SIR 30 TDI (28cfffff);
STATE IDLE;
RUNTEST 20001E-6 SEC;
SIR 30 TDI (290fffff);
SDR 328 TDI (ccc20c80600617a1e930382fd0741db82e10641ef38003f0f838008060003f3b73dcf7ef3b83e33cfc)
	TDO (ccc20c80600617a1e930382fd0741db82e10641ef38003f0f838008060003f3b73dcf7ef3b83e33cfc)
	MASK (ffffffffffffffffffffffffffffffffffffffffffffffffffffffffffffffffffffffffffffffffff);
SIR 30 TDI (2a1fffff);
SDR 13 TDI (02a3);
SIR 30 TDI (28cfffff);
STATE IDLE;
RUNTEST 20001E-6 SEC;
SIR 30 TDI (290fffff);
SDR 328 TDI (c4c20c8060061fe1f938382fd0641db82e10641eaf8783f0f83807c060103f3ff3fcffff3f83e33cfc)
	TDO (c4c20c8060061fe1f938382fd0641db82e10641eaf8783f0f83807c060103f3ff3fcffff3f83e33cfc)
	MASK (ffffffffffffffffffffffffffffffffffffffffffffffffffffffffffffffffffffffffffffffffff);
SIR 30 TDI (2a1fffff);
SDR 13 TDI (02a7);
SIR 30 TDI (28cfffff);
STATE IDLE;
RUNTEST 20001E-6 SEC;
SIR 30 TDI (290fffff);
SDR 328 TDI (ccc20c8060061fe1f938382fd0741db82e10641eff878070f83807c060103f3ff3fcffff3f83e33cfc)
	TDO (ccc20c8060061fe1f938382fd0741db82e10641eff878070f83807c060103f3ff3fcffff3f83e33cfc)
	MASK (ffffffffffffffffffffffffffffffffffffffffffffffffffffffffffffffffffffffffffffffffff);
SIR 30 TDI (2a1fffff);
SDR 13 TDI (02ab);
SIR 30 TDI (28cfffff);
STATE IDLE;
RUNTEST 20001E-6 SEC;
SIR 30 TDI (290fffff);
SDR 328 TDI (ccc20c0060061fe1f938382fd07405b82e10641efb8003f0f83807c060103f3ff3fcffff3f83e33cfc)
	TDO (ccc20c0060061fe1f938382fd07405b82e10641efb8003f0f83807c060103f3ff3fcffff3f83e33cfc)
	MASK (ffffffffffffffffffffffffffffffffffffffffffffffffffffffffffffffffffffffffffffffffff);
SIR 30 TDI (2a1fffff);
SDR 13 TDI (02af);
SIR 30 TDI (28cfffff);
STATE IDLE;
RUNTEST 20001E-6 SEC;
SIR 30 TDI (290fffff);
SDR 328 TDI (ccc20c8060061fe1f938382fd0741db82e10641ef78783f0f838008060103f3ff3fcffff3f83e33cfc)
	TDO (ccc20c8060061fe1f938382fd0741db82e10641ef78783f0f838008060103f3ff3fcffff3f83e33cfc)
	MASK (ffffffffffffffffffffffffffffffffffffffffffffffffffffffffffffffffffffffffffffffffff);
SIR 30 TDI (2a1fffff);
SDR 13 TDI (02b3);
SIR 30 TDI (28cfffff);
STATE IDLE;
RUNTEST 20001E-6 SEC;
SIR 30 TDI (290fffff);
SDR 328 TDI (ccc20c8060061fe1f938382fd0741db82e10641eff8783f0f83807c060103f3ff3fcffff3f83e33cfc)
	TDO (ccc20c8060061fe1f938382fd0741db82e10641eff8783f0f83807c060103f3ff3fcffff3f83e33cfc)
	MASK (ffffffffffffffffffffffffffffffffffffffffffffffffffffffffffffffffffffffffffffffffff);
SIR 30 TDI (2a1fffff);
SDR 13 TDI (02b7);
SIR 30 TDI (28cfffff);
STATE IDLE;
RUNTEST 20001E-6 SEC;
SIR 30 TDI (290fffff);
SDR 328 TDI (ccc20c8060061fe1f938302fd0741db82e10641eff8783f0f83807c060103f3ff3fcffff3f83e33cfc)
	TDO (ccc20c8060061fe1f938302fd0741db82e10641eff8783f0f83807c060103f3ff3fcffff3f83e33cfc)
	MASK (ffffffffffffffffffffffffffffffffffffffffffffffffffffffffffffffffffffffffffffffffff);
SIR 30 TDI (2a1fffff);
SDR 13 TDI (02bb);
SIR 30 TDI (28cfffff);
STATE IDLE;
RUNTEST 20001E-6 SEC;
SIR 30 TDI (290fffff);
SDR 328 TDI (ccc20c8060060781e120382fd0741d982e10641eff8783f0f83807c060103f3ff3fcffff3f83e33cfc)
	TDO (ccc20c8060060781e120382fd0741d982e10641eff8783f0f83807c060103f3ff3fcffff3f83e33cfc)
	MASK (ffffffffffffffffffffffffffffffffffffffffffffffffffffffffffffffffffffffffffffffffff);
SIR 30 TDI (2a1fffff);
SDR 13 TDI (02bf);
SIR 30 TDI (28cfffff);
STATE IDLE;
RUNTEST 20001E-6 SEC;
SIR 30 TDI (290fffff);
SDR 328 TDI (ccc20c8060061fe1f938382fd0741db82e10641ebf8782f0f83807c060103f2fd3f4fdbf2f83e33cfc)
	TDO (ccc20c8060061fe1f938382fd0741db82e10641ebf8782f0f83807c060103f2fd3f4fdbf2f83e33cfc)
	MASK (ffffffffffffffffffffffffffffffffffffffffffffffffffffffffffffffffffffffffffffffffff);
SIR 30 TDI (2a1fffff);
SDR 13 TDI (02c3);
SIR 30 TDI (28cfffff);
STATE IDLE;
RUNTEST 20001E-6 SEC;
SIR 30 TDI (290fffff);
SDR 328 TDI (ccc20c8060061fe1f938382fd0741db82e10641eff8783e0f838078060103f3ff3fcffff3e83e33cfc)
	TDO (ccc20c8060061fe1f938382fd0741db82e10641eff8783e0f838078060103f3ff3fcffff3e83e33cfc)
	MASK (ffffffffffffffffffffffffffffffffffffffffffffffffffffffffffffffffffffffffffffffffff);
SIR 30 TDI (2a1fffff);
SDR 13 TDI (02c7);
SIR 30 TDI (28cfffff);
STATE IDLE;
RUNTEST 20001E-6 SEC;
SIR 30 TDI (290fffff);
SDR 328 TDI (ccc20c8060061fe0f938382fd0741db82e10241eff8783f0f83807c060103f3ff3fcffff3f83e33cfc)
	TDO (ccc20c8060061fe0f938382fd0741db82e10241eff8783f0f83807c060103f3ff3fcffff3f83e33cfc)
	MASK (ffffffffffffffffffffffffffffffffffffffffffffffffffffffffffffffffffffffffffffffffff);
SIR 30 TDI (2a1fffff);
SDR 13 TDI (02cb);
SIR 30 TDI (28cfffff);
STATE IDLE;
RUNTEST 20001E-6 SEC;
SIR 30 TDI (290fffff);
SDR 328 TDI (ccc20c8060061fe1f938382fd0741db82e10641cff8783f0f83807c060103f3ff3fcfffe3f83e33cfc)
	TDO (ccc20c8060061fe1f938382fd0741db82e10641cff8783f0f83807c060103f3ff3fcfffe3f83e33cfc)
	MASK (ffffffffffffffffffffffffffffffffffffffffffffffffffffffffffffffffffffffffffffffffff);
SIR 30 TDI (2a1fffff);
SDR 13 TDI (02cf);
SIR 30 TDI (28cfffff);
STATE IDLE;
RUNTEST 20001E-6 SEC;
SIR 30 TDI (290fffff);
SDR 328 TDI (ccc20c8060061fe1f938382fd0741db82e10641afd8783f0f83807c060103f3ff3fcffff3f83e33cfc)
	TDO (ccc20c8060061fe1f938382fd0741db82e10641afd8783f0f83807c060103f3ff3fcffff3f83e33cfc)
	MASK (ffffffffffffffffffffffffffffffffffffffffffffffffffffffffffffffffffffffffffffffffff);
SIR 30 TDI (2a1fffff);
SDR 13 TDI (02d3);
SIR 30 TDI (28cfffff);
STATE IDLE;
RUNTEST 20001E-6 SEC;
SIR 30 TDI (290fffff);
SDR 328 TDI (ccc20c8060061fe1f938382fd0741db82e10641eff8783f0f83807c060101f3ff3fcffff3f83e33cfc)
	TDO (ccc20c8060061fe1f938382fd0741db82e10641eff8783f0f83807c060101f3ff3fcffff3f83e33cfc)
	MASK (ffffffffffffffffffffffffffffffffffffffffffffffffffffffffffffffffffffffffffffffffff);
SIR 30 TDI (2a1fffff);
SDR 13 TDI (02d7);
SIR 30 TDI (28cfffff);
STATE IDLE;
RUNTEST 20001E-6 SEC;
SIR 30 TDI (290fffff);
SDR 328 TDI (ccc20c8060061fe1f938382fd0741db82e10641eff8783f0f83807c060103f3ff3fcffff3f83e33cfc)
	TDO (ccc20c8060061fe1f938382fd0741db82e10641eff8783f0f83807c060103f3ff3fcffff3f83e33cfc)
	MASK (ffffffffffffffffffffffffffffffffffffffffffffffffffffffffffffffffffffffffffffffffff);
SIR 30 TDI (2a1fffff);
SDR 13 TDI (02db);
SIR 30 TDI (28cfffff);
STATE IDLE;
RUNTEST 20001E-6 SEC;
SIR 30 TDI (290fffff);
SDR 328 TDI (ccc20c8060061fe1f938382fd0741db82e10641eff8783f0f83807c06010393ff3fcff073f83e33cfc)
	TDO (ccc20c8060061fe1f938382fd0741db82e10641eff8783f0f83807c06010393ff3fcff073f83e33cfc)
	MASK (ffffffffffffffffffffffffffffffffffffffffffffffffffffffffffffffffffffffffffffffffff);
SIR 30 TDI (2a1fffff);
SDR 13 TDI (02df);
SIR 30 TDI (28cfffff);
STATE IDLE;
RUNTEST 20001E-6 SEC;
SIR 30 TDI (290fffff);
SDR 328 TDI (ccc20c8060060781e138382fd0741db82e106418ff8783f0f83807c060103f3ff3fcffff3f83e33cfc)
	TDO (ccc20c8060060781e138382fd0741db82e106418ff8783f0f83807c060103f3ff3fcffff3f83e33cfc)
	MASK (ffffffffffffffffffffffffffffffffffffffffffffffffffffffffffffffffffffffffffffffffff);
SIR 30 TDI (2a1fffff);
SDR 13 TDI (02e3);
SIR 30 TDI (28cfffff);
STATE IDLE;
RUNTEST 20001E-6 SEC;
SIR 30 TDI (290fffff);
SDR 328 TDI (ccc20c8060061ee1f938382fd0741db82e10641eff8783f0f83807c060103e3ff3fcffff3f83e33cfc)
	TDO (ccc20c8060061ee1f938382fd0741db82e10641eff8783f0f83807c060103e3ff3fcffff3f83e33cfc)
	MASK (ffffffffffffffffffffffffffffffffffffffffffffffffffffffffffffffffffffffffffffffffff);
SIR 30 TDI (2a1fffff);
SDR 13 TDI (02e7);
SIR 30 TDI (28cfffff);
STATE IDLE;
RUNTEST 20001E-6 SEC;
SIR 30 TDI (290fffff);
SDR 328 TDI (ccc20c8060061fe1f938382fd0741db82e10641eff8783f0f83807c060103f3ff3fcffff3f83e33cfc)
	TDO (ccc20c8060061fe1f938382fd0741db82e10641eff8783f0f83807c060103f3ff3fcffff3f83e33cfc)
	MASK (ffffffffffffffffffffffffffffffffffffffffffffffffffffffffffffffffffffffffffffffffff);
SIR 30 TDI (2a1fffff);
SDR 13 TDI (02eb);
SIR 30 TDI (28cfffff);
STATE IDLE;
RUNTEST 20001E-6 SEC;
SIR 30 TDI (290fffff);
SDR 328 TDI (ccc20c8040061fe1f9383829d0741db82e10641eff8783f0f83807c060103f3ff1fcffff3f83e33cfc)
	TDO (ccc20c8040061fe1f9383829d0741db82e10641eff8783f0f83807c060103f3ff1fcffff3f83e33cfc)
	MASK (ffffffffffffffffffffffffffffffffffffffffffffffffffffffffffffffffffffffffffffffffff);
SIR 30 TDI (2a1fffff);
SDR 13 TDI (02ef);
SIR 30 TDI (28cfffff);
STATE IDLE;
RUNTEST 20001E-6 SEC;
SIR 30 TDI (290fffff);
SDR 328 TDI (ccc20c8060061fe1f938182fd0741db82e10641eff0783f0f83807c060103f3ff3fcffff3f83e33cfc)
	TDO (ccc20c8060061fe1f938182fd0741db82e10641eff0783f0f83807c060103f3ff3fcffff3f83e33cfc)
	MASK (ffffffffffffffffffffffffffffffffffffffffffffffffffffffffffffffffffffffffffffffffff);
SIR 30 TDI (2a1fffff);
SDR 13 TDI (02f3);
SIR 30 TDI (28cfffff);
STATE IDLE;
RUNTEST 20001E-6 SEC;
SIR 30 TDI (290fffff);
SDR 328 TDI (ccc20c8060061fe1f938382fd0741db82e10641eff8483b0f03004c040103f3ff3fcffff3f03c32cfc)
	TDO (ccc20c8060061fe1f938382fd0741db82e10641eff8483b0f03004c040103f3ff3fcffff3f03c32cfc)
	MASK (ffffffffffffffffffffffffffffffffffffffffffffffffffffffffffffffffffffffffffffffffff);
SIR 30 TDI (2a1fffff);
SDR 13 TDI (02f7);
SIR 30 TDI (28cfffff);
STATE IDLE;
RUNTEST 20001E-6 SEC;
SIR 30 TDI (290fffff);
SDR 328 TDI (ccc20c8060061fe1f938382fd0741db82e10641eff8783f0f83807c060103f3ff3fcffff3f83e33cfc)
	TDO (ccc20c8060061fe1f938382fd0741db82e10641eff8783f0f83807c060103f3ff3fcffff3f83e33cfc)
	MASK (ffffffffffffffffffffffffffffffffffffffffffffffffffffffffffffffffffffffffffffffffff);
SIR 30 TDI (2a1fffff);
SDR 13 TDI (02fb);
SIR 30 TDI (28cfffff);
STATE IDLE;
RUNTEST 20001E-6 SEC;
SIR 30 TDI (290fffff);
SDR 328 TDI (ccc20c8060061fe1f938382fd0741db82e10641eff8783f0f83807c06010273ff3fcffff0183e33cfc)
	TDO (ccc20c8060061fe1f938382fd0741db82e10641eff8783f0f83807c06010273ff3fcffff0183e33cfc)
	MASK (ffffffffffffffffffffffffffffffffffffffffffffffffffffffffffffffffffffffffffffffffff);
SIR 30 TDI (2a1fffff);
SDR 13 TDI (02ff);
SIR 30 TDI (28cfffff);
STATE IDLE;
RUNTEST 20001E-6 SEC;
SIR 30 TDI (290fffff);
SDR 328 TDI (ccc20c8060061fe1f938382fd0741db82e10641eff8783f0f83807c060103f3ff3fcffff3f83e33cfc)
	TDO (ccc20c8060061fe1f938382fd0741db82e10641eff8783f0f83807c060103f3ff3fcffff3f83e33cfc)
	MASK (ffffffffffffffffffffffffffffffffffffffffffffffffffffffffffffffffffffffffffffffffff);
SIR 30 TDI (2a1fffff);
SDR 13 TDI (0303);
SIR 30 TDI (28cfffff);
STATE IDLE;
RUNTEST 20001E-6 SEC;
SIR 30 TDI (290fffff);
SDR 328 TDI (ccc20c8060061fe1f938382fd0741db82e10641ebc078070183807c060103f3ff3fcffff3f83e33cfc)
	TDO (ccc20c8060061fe1f938382fd0741db82e10641ebc078070183807c060103f3ff3fcffff3f83e33cfc)
	MASK (ffffffffffffffffffffffffffffffffffffffffffffffffffffffffffffffffffffffffffffffffff);
SIR 30 TDI (2a1fffff);
SDR 13 TDI (0307);
SIR 30 TDI (28cfffff);
STATE IDLE;
RUNTEST 20001E-6 SEC;
SIR 30 TDI (290fffff);
SDR 328 TDI (ccc20c8060061fe1f938382fd0741db82e10641eff8783f0f83807c060103f3ff3fcffff3f83e33cfc)
	TDO (ccc20c8060061fe1f938382fd0741db82e10641eff8783f0f83807c060103f3ff3fcffff3f83e33cfc)
	MASK (ffffffffffffffffffffffffffffffffffffffffffffffffffffffffffffffffffffffffffffffffff);
SIR 30 TDI (2a1fffff);
SDR 13 TDI (030b);
SIR 30 TDI (28cfffff);
STATE IDLE;
RUNTEST 20001E-6 SEC;
SIR 30 TDI (290fffff);
SDR 328 TDI (ccc20c8060061fe1f9383827906419982610641eff8783f0f83807c060103f3ff3fcffff3f83e33cfc)
	TDO (ccc20c8060061fe1f9383827906419982610641eff8783f0f83807c060103f3ff3fcffff3f83e33cfc)
	MASK (ffffffffffffffffffffffffffffffffffffffffffffffffffffffffffffffffffffffffffffffffff);
SIR 30 TDI (2a1fffff);
SDR 13 TDI (030f);
SIR 30 TDI (28cfffff);
STATE IDLE;
RUNTEST 20001E-6 SEC;
SIR 30 TDI (290fffff);
SDR 328 TDI (ccc20c8060061fe1f938382cd0340db02c10641eff8783f0f83807c060103f3ff3fcffff3f83e33cfc)
	TDO (ccc20c8060061fe1f938382cd0340db02c10641eff8783f0f83807c060103f3ff3fcffff3f83e33cfc)
	MASK (ffffffffffffffffffffffffffffffffffffffffffffffffffffffffffffffffffffffffffffffffff);
SIR 30 TDI (2a1fffff);
SDR 13 TDI (0313);
SIR 30 TDI (28cfffff);
STATE IDLE;
RUNTEST 20001E-6 SEC;
SIR 30 TDI (290fffff);
SDR 328 TDI (ccc20c8060061fe1f9383827d0741db82e10641eff8783f0f83807c060103f1fe3f8fe7f1f83e33cfc)
	TDO (ccc20c8060061fe1f9383827d0741db82e10641eff8783f0f83807c060103f1fe3f8fe7f1f83e33cfc)
	MASK (ffffffffffffffffffffffffffffffffffffffffffffffffffffffffffffffffffffffffffffffffff);
SIR 30 TDI (2a1fffff);
SDR 13 TDI (0317);
SIR 30 TDI (28cfffff);
STATE IDLE;
RUNTEST 20001E-6 SEC;
SIR 30 TDI (290fffff);
SDR 328 TDI (ccc20c8060061fe1f938382fd0741db82e10641ef38003f0f838008060003f3ff3fcffff3f83e33cfc)
	TDO (ccc20c8060061fe1f938382fd0741db82e10641ef38003f0f838008060003f3ff3fcffff3f83e33cfc)
	MASK (ffffffffffffffffffffffffffffffffffffffffffffffffffffffffffffffffffffffffffffffffff);
SIR 30 TDI (2a1fffff);
SDR 13 TDI (031b);
SIR 30 TDI (28cfffff);
STATE IDLE;
RUNTEST 20001E-6 SEC;
SIR 30 TDI (290fffff);
SDR 328 TDI (ccc20c8020041fe1f938382fd0741db82e10641e6f8783f0783807c060103f3ff3fcffff3f83e33cfc)
	TDO (ccc20c8020041fe1f938382fd0741db82e10641e6f8783f0783807c060103f3ff3fcffff3f83e33cfc)
	MASK (ffffffffffffffffffffffffffffffffffffffffffffffffffffffffffffffffffffffffffffffffff);
SIR 30 TDI (2a1fffff);
SDR 13 TDI (031f);
SIR 30 TDI (28cfffff);
STATE IDLE;
RUNTEST 20001E-6 SEC;
SIR 30 TDI (290fffff);
SDR 328 TDI (ccc20c8040021fe1f938382fd0741db82e10641ebd8782f0b83807c060103f3ff3fcffff3f83e33cfc)
	TDO (ccc20c8040021fe1f938382fd0741db82e10641ebd8782f0b83807c060103f3ff3fcffff3f83e33cfc)
	MASK (ffffffffffffffffffffffffffffffffffffffffffffffffffffffffffffffffffffffffffffffffff);
SIR 30 TDI (2a1fffff);
SDR 13 TDI (0323);
SIR 30 TDI (28cfffff);
STATE IDLE;
RUNTEST 20001E-6 SEC;
SIR 30 TDI (290fffff);
SDR 328 TDI (ccc20c8060061fe1f938382fd0741db82e10641eff8783f0f83807c060103f3ff3fcffff3f83e33cfc)
	TDO (ccc20c8060061fe1f938382fd0741db82e10641eff8783f0f83807c060103f3ff3fcffff3f83e33cfc)
	MASK (ffffffffffffffffffffffffffffffffffffffffffffffffffffffffffffffffffffffffffffffffff);
SIR 30 TDI (2a1fffff);
SDR 13 TDI (0327);
SIR 30 TDI (28cfffff);
STATE IDLE;
RUNTEST 20001E-6 SEC;
SIR 30 TDI (290fffff);
SDR 328 TDI (ccc20c8060061fe1f938382fd0741db82e10641eff8783f0f83807c060103f3ff3fcffff3f83e33cfc)
	TDO (ccc20c8060061fe1f938382fd0741db82e10641eff8783f0f83807c060103f3ff3fcffff3f83e33cfc)
	MASK (ffffffffffffffffffffffffffffffffffffffffffffffffffffffffffffffffffffffffffffffffff);
SIR 30 TDI (2a1fffff);
SDR 13 TDI (032b);
SIR 30 TDI (28cfffff);
STATE IDLE;
RUNTEST 20001E-6 SEC;
SIR 30 TDI (290fffff);
SDR 328 TDI (ccc20c80600617a1e930382fd0741db82e10641adf8783f0f83807c060103f3ff3fcffff3f83e33cfc)
	TDO (ccc20c80600617a1e930382fd0741db82e10641adf8783f0f83807c060103f3ff3fcffff3f83e33cfc)
	MASK (ffffffffffffffffffffffffffffffffffffffffffffffffffffffffffffffffffffffffffffffffff);
SIR 30 TDI (2a1fffff);
SDR 13 TDI (032f);
SIR 30 TDI (28cfffff);
STATE IDLE;
RUNTEST 20001E-6 SEC;
SIR 30 TDI (290fffff);
SDR 328 TDI (ccc20c8060060fc1f128382fd0741db82e10641cff8783f0f83807c060103f3ff3fcffff3f83e33cfc)
	TDO (ccc20c8060060fc1f128382fd0741db82e10641cff8783f0f83807c060103f3ff3fcffff3f83e33cfc)
	MASK (ffffffffffffffffffffffffffffffffffffffffffffffffffffffffffffffffffffffffffffffffff);
SIR 30 TDI (2a1fffff);
SDR 13 TDI (0333);
SIR 30 TDI (28cfffff);
STATE IDLE;
RUNTEST 20001E-6 SEC;
SIR 30 TDI (290fffff);
SDR 328 TDI (ccc20c8060061de1f938382fd0741db82e10641eff8383f0f81807c060103f3ff3fcffff3f83e33cfc)
	TDO (ccc20c8060061de1f938382fd0741db82e10641eff8383f0f81807c060103f3ff3fcffff3f83e33cfc)
	MASK (ffffffffffffffffffffffffffffffffffffffffffffffffffffffffffffffffffffffffffffffffff);
SIR 30 TDI (2a1fffff);
SDR 13 TDI (0337);
SIR 30 TDI (28cfffff);
STATE IDLE;
RUNTEST 20001E-6 SEC;
SIR 30 TDI (290fffff);
SDR 328 TDI (ccc20c8060061fe1f938382fd0741db82e10641eff8783f0f83807c060103f3ff3fcffff3f83e33cfc)
	TDO (ccc20c8060061fe1f938382fd0741db82e10641eff8783f0f83807c060103f3ff3fcffff3f83e33cfc)
	MASK (ffffffffffffffffffffffffffffffffffffffffffffffffffffffffffffffffffffffffffffffffff);
SIR 30 TDI (2a1fffff);
SDR 13 TDI (033b);
SIR 30 TDI (28cfffff);
STATE IDLE;
RUNTEST 20001E-6 SEC;
SIR 30 TDI (290fffff);
SDR 328 TDI (ccc20c8020041fe1f938382fd0141db82e10641eff8783f0f83807c060103f3ff3fcffff3f83e33cfc)
	TDO (ccc20c8020041fe1f938382fd0141db82e10641eff8783f0f83807c060103f3ff3fcffff3f83e33cfc)
	MASK (ffffffffffffffffffffffffffffffffffffffffffffffffffffffffffffffffffffffffffffffffff);
SIR 30 TDI (2a1fffff);
SDR 13 TDI (033f);
SIR 30 TDI (28cfffff);
STATE IDLE;
RUNTEST 20001E-6 SEC;
SIR 30 TDI (290fffff);
SDR 328 TDI (ccc20c8060061fe1f938382fd0741db82e10641eff8783f0f838074060103f3ff3fcffff3f83e33cfc)
	TDO (ccc20c8060061fe1f938382fd0741db82e10641eff8783f0f838074060103f3ff3fcffff3f83e33cfc)
	MASK (ffffffffffffffffffffffffffffffffffffffffffffffffffffffffffffffffffffffffffffffffff);
SIR 30 TDI (2a1fffff);
SDR 13 TDI (0343);
SIR 30 TDI (28cfffff);
STATE IDLE;
RUNTEST 20001E-6 SEC;
SIR 30 TDI (290fffff);
SDR 328 TDI (ccc20c8060061fe1f938382fd0741db82e10641eff8783f0f83807c060103f3ff3fcffff3f83e318fc)
	TDO (ccc20c8060061fe1f938382fd0741db82e10641eff8783f0f83807c060103f3ff3fcffff3f83e318fc)
	MASK (ffffffffffffffffffffffffffffffffffffffffffffffffffffffffffffffffffffffffffffffffff);
SIR 30 TDI (2a1fffff);
SDR 13 TDI (0347);
SIR 30 TDI (28cfffff);
STATE IDLE;
RUNTEST 20001E-6 SEC;
SIR 30 TDI (290fffff);
SDR 328 TDI (ccc20c8060061fe1f938382fd0741db82e10641eff8783f0f83807c060103f3ff3fcffff3f83e33cfc)
	TDO (ccc20c8060061fe1f938382fd0741db82e10641eff8783f0f83807c060103f3ff3fcffff3f83e33cfc)
	MASK (ffffffffffffffffffffffffffffffffffffffffffffffffffffffffffffffffffffffffffffffffff);
SIR 30 TDI (2a1fffff);
SDR 13 TDI (034b);
SIR 30 TDI (28cfffff);
STATE IDLE;
RUNTEST 20001E-6 SEC;
SIR 30 TDI (290fffff);
SDR 328 TDI (ccc20c8060061fe1f938282fd0741db82e10641e7f0783f0783807c060103f3cf3bceff73d83e33cfc)
	TDO (ccc20c8060061fe1f938282fd0741db82e10641e7f0783f0783807c060103f3cf3bceff73d83e33cfc)
	MASK (ffffffffffffffffffffffffffffffffffffffffffffffffffffffffffffffffffffffffffffffffff);
SIR 30 TDI (2a1fffff);
SDR 13 TDI (034f);
SIR 30 TDI (28cfffff);
STATE IDLE;
RUNTEST 20001E-6 SEC;
SIR 30 TDI (290fffff);
SDR 328 TDI (ccc20c8060061fe1f938382fd0741db82e10641eff8783f0d83807c060103f0783e0f81f0783e33cfc)
	TDO (ccc20c8060061fe1f938382fd0741db82e10641eff8783f0d83807c060103f0783e0f81f0783e33cfc)
	MASK (ffffffffffffffffffffffffffffffffffffffffffffffffffffffffffffffffffffffffffffffffff);
SIR 30 TDI (2a1fffff);
SDR 13 TDI (0353);
SIR 30 TDI (28cfffff);
STATE IDLE;
RUNTEST 20001E-6 SEC;
SIR 30 TDI (290fffff);
SDR 328 TDI (ccc20c8060061fe1f938382fd0741db82e10641eff8783f0f83807c060103f3ff3fcffff3f83e33cfc)
	TDO (ccc20c8060061fe1f938382fd0741db82e10641eff8783f0f83807c060103f3ff3fcffff3f83e33cfc)
	MASK (ffffffffffffffffffffffffffffffffffffffffffffffffffffffffffffffffffffffffffffffffff);
SIR 30 TDI (2a1fffff);
SDR 13 TDI (0357);
SIR 30 TDI (28cfffff);
STATE IDLE;
RUNTEST 20001E-6 SEC;
SIR 30 TDI (290fffff);
SDR 328 TDI (ccc20c8060061fe1f938382fd0741db82e10641eff8783f0f83807c060103f3ff3fcffff3f83e33cfc)
	TDO (ccc20c8060061fe1f938382fd0741db82e10641eff8783f0f83807c060103f3ff3fcffff3f83e33cfc)
	MASK (ffffffffffffffffffffffffffffffffffffffffffffffffffffffffffffffffffffffffffffffffff);
SIR 30 TDI (2a1fffff);
SDR 13 TDI (035b);
SIR 30 TDI (28cfffff);
STATE IDLE;
RUNTEST 20001E-6 SEC;
SIR 30 TDI (290fffff);
SDR 328 TDI (8c42088060061fe1f938382fd0741db82e106418ff8783f0983807c060103f3ff27ce0ff3f83e33cfc)
	TDO (8c42088060061fe1f938382fd0741db82e106418ff8783f0983807c060103f3ff27ce0ff3f83e33cfc)
	MASK (ffffffffffffffffffffffffffffffffffffffffffffffffffffffffffffffffffffffffffffffffff);
SIR 30 TDI (2a1fffff);
SDR 13 TDI (035f);
SIR 30 TDI (28cfffff);
STATE IDLE;
RUNTEST 20001E-6 SEC;
SIR 30 TDI (290fffff);
SDR 328 TDI (ccc20c8060061fe1f938382fd0741db82e10641eff8783f0f83807c060103f3ff3fcffff3f83e33cfc)
	TDO (ccc20c8060061fe1f938382fd0741db82e10641eff8783f0f83807c060103f3ff3fcffff3f83e33cfc)
	MASK (ffffffffffffffffffffffffffffffffffffffffffffffffffffffffffffffffffffffffffffffffff);
SIR 30 TDI (2a1fffff);
SDR 13 TDI (0363);
SIR 30 TDI (28cfffff);
STATE IDLE;
RUNTEST 20001E-6 SEC;
SIR 30 TDI (290fffff);
SDR 328 TDI (ccc20c8060061fe1f938382fd0741da02e10641eff8783f0f83807c060103f3ff3fcffff3f83e33cfc)
	TDO (ccc20c8060061fe1f938382fd0741da02e10641eff8783f0f83807c060103f3ff3fcffff3f83e33cfc)
	MASK (ffffffffffffffffffffffffffffffffffffffffffffffffffffffffffffffffffffffffffffffffff);
SIR 30 TDI (2a1fffff);
SDR 13 TDI (0367);
SIR 30 TDI (28cfffff);
STATE IDLE;
RUNTEST 20001E-6 SEC;
SIR 30 TDI (290fffff);
SDR 328 TDI (ccc20c8060061fe1f938382fd0741db82e10641eff8783f0f83807c060103f3ff3fcffff3f83e33cfc)
	TDO (ccc20c8060061fe1f938382fd0741db82e10641eff8783f0f83807c060103f3ff3fcffff3f83e33cfc)
	MASK (ffffffffffffffffffffffffffffffffffffffffffffffffffffffffffffffffffffffffffffffffff);
SIR 30 TDI (2a1fffff);
SDR 13 TDI (036b);
SIR 30 TDI (28cfffff);
STATE IDLE;
RUNTEST 20001E-6 SEC;
SIR 30 TDI (290fffff);
SDR 328 TDI (ccc20c8060061fe1f938102fd0741db82e10641eff8783f0f83807c060103f3ff3fcffff3e03833cfc)
	TDO (ccc20c8060061fe1f938102fd0741db82e10641eff8783f0f83807c060103f3ff3fcffff3e03833cfc)
	MASK (ffffffffffffffffffffffffffffffffffffffffffffffffffffffffffffffffffffffffffffffffff);
SIR 30 TDI (2a1fffff);
SDR 13 TDI (036f);
SIR 30 TDI (28cfffff);
STATE IDLE;
RUNTEST 20001E-6 SEC;
SIR 30 TDI (290fffff);
SDR 328 TDI (ccc20c8060061fe1f938282fd0741db82e10641efd8783f0f83807c060103f3ff3fcffff3f83e334fc)
	TDO (ccc20c8060061fe1f938282fd0741db82e10641efd8783f0f83807c060103f3ff3fcffff3f83e334fc)
	MASK (ffffffffffffffffffffffffffffffffffffffffffffffffffffffffffffffffffffffffffffffffff);
SIR 30 TDI (2a1fffff);
SDR 13 TDI (0373);
SIR 30 TDI (28cfffff);
STATE IDLE;
RUNTEST 20001E-6 SEC;
SIR 30 TDI (290fffff);
SDR 328 TDI (ccc20c8060061fe17938382fd0741db82810641eef8781f0f83807c060103f3ff380fff93f83e33cfc)
	TDO (ccc20c8060061fe17938382fd0741db82810641eef8781f0f83807c060103f3ff380fff93f83e33cfc)
	MASK (ffffffffffffffffffffffffffffffffffffffffffffffffffffffffffffffffffffffffffffffffff);
SIR 30 TDI (2a1fffff);
SDR 13 TDI (0377);
SIR 30 TDI (28cfffff);
STATE IDLE;
RUNTEST 20001E-6 SEC;
SIR 30 TDI (290fffff);
SDR 328 TDI (ccc20c8060061fe1f938382fd0741db82e10641eff8783f0f83807c060103f3ff3fcffff3f83e33cfc)
	TDO (ccc20c8060061fe1f938382fd0741db82e10641eff8783f0f83807c060103f3ff3fcffff3f83e33cfc)
	MASK (ffffffffffffffffffffffffffffffffffffffffffffffffffffffffffffffffffffffffffffffffff);
SIR 30 TDI (2a1fffff);
SDR 13 TDI (037b);
SIR 30 TDI (28cfffff);
STATE IDLE;
RUNTEST 20001E-6 SEC;
SIR 30 TDI (290fffff);
SDR 328 TDI (ccc20c8060061fe1f918380fc0701c380e00601eff8783f0f83807c060103f3e03fc9fff3f83e33cfc)
	TDO (ccc20c8060061fe1f918380fc0701c380e00601eff8783f0f83807c060103f3e03fc9fff3f83e33cfc)
	MASK (ffffffffffffffffffffffffffffffffffffffffffffffffffffffffffffffffffffffffffffffffff);
SIR 30 TDI (2a1fffff);
SDR 13 TDI (037f);
SIR 30 TDI (28cfffff);
STATE IDLE;
RUNTEST 20001E-6 SEC;
SIR 30 TDI (290fffff);
SDR 328 TDI (ccc20c8060061fe1f938382fd0741db82e10641eff8783f0f83807c060103f3ff3fcffff3f83e33cfc)
	TDO (ccc20c8060061fe1f938382fd0741db82e10641eff8783f0f83807c060103f3ff3fcffff3f83e33cfc)
	MASK (ffffffffffffffffffffffffffffffffffffffffffffffffffffffffffffffffffffffffffffffffff);
STATE IDLE;
SIR 30 TDI (2a1fffff);
SDR 13 TDI (0003);
SIR 30 TDI (28cfffff);
STATE IDLE;
RUNTEST 20001E-6 SEC;
SIR 30 TDI (290fffff);
SDR 328 TDI (ffff8c90000000008911ffffcc99920009999911ffffc02000fc19118911ffffe073ccf689118909fc)
	TDO (ffff8c90000000008911ffffcc99920009999911ffffc02000fc19118911ffffe073ccf689118909fc)
	MASK (ffffffffffffffffffffffffffffffffffffffffffffffffffffffffffffffffffffffffffffffffff);
SIR 30 TDI (2a1fffff);
SDR 13 TDI (0007);
SIR 30 TDI (28cfffff);
STATE IDLE;
RUNTEST 20001E-6 SEC;
SIR 30 TDI (290fffff);
SDR 328 TDI (ffff0001000400000000ffff4400000000000000ffff0000004100000000ffff0000000100000000fc)
	TDO (ffff0001000400000000ffff4400000000000000ffff0000004100000000ffff0000000100000000fc)
	MASK (ffffffffffffffffffffffffffffffffffffffffffffffffffffffffffffffffffffffffffffffffff);
SIR 30 TDI (2a1fffff);
SDR 13 TDI (000b);
SIR 30 TDI (28cfffff);
STATE IDLE;
RUNTEST 20001E-6 SEC;
SIR 30 TDI (290fffff);
SDR 328 TDI (ffff2604666600000000ffff6600022200000066ffff6666666602442044ffff4644222200000020fc)
	TDO (ffff2604666600000000ffff6600022200000066ffff6666666602442044ffff4644222200000020fc)
	MASK (ffffffffffffffffffffffffffffffffffffffffffffffffffffffffffffffffffffffffffffffffff);
SIR 30 TDI (2a1fffff);
SDR 13 TDI (000f);
SIR 30 TDI (28cfffff);
STATE IDLE;
RUNTEST 20001E-6 SEC;
SIR 30 TDI (290fffff);
SDR 328 TDI (ffffc0f30000ffffb8edffff00fffcccddd999ffffff00000000ffee76eeffff0000000077fffffefc)
	TDO (ffffc0f30000ffffb8edffff00fffcccddd999ffffff00000000ffee76eeffff0000000077fffffefc)
	MASK (ffffffffffffffffffffffffffffffffffffffffffffffffffffffffffffffffffffffffffffffffff);
SIR 30 TDI (2a1fffff);
SDR 13 TDI (0013);
SIR 30 TDI (28cfffff);
STATE IDLE;
RUNTEST 20001E-6 SEC;
SIR 30 TDI (290fffff);
SDR 328 TDI (fffffffffffffffffeffffffeeffffffffffffffffffeef7eefffffffffffffff7ffffffdddfbffbfc)
	TDO (fffffffffffffffffeffffffeeffffffffffffffffffeef7eefffffffffffffff7ffffffdddfbffbfc)
	MASK (ffffffffffffffffffffffffffffffffffffffffffffffffffffffffffffffffffffffffffffffffff);
SIR 30 TDI (2a1fffff);
SDR 13 TDI (0017);
SIR 30 TDI (28cfffff);
STATE IDLE;
RUNTEST 20001E-6 SEC;
SIR 30 TDI (290fffff);
SDR 328 TDI (ffffffffffff66666776ffff000f330c20446088ffffccf3cc0c20aa56aafffff3ffffff6e676e57fc)
	TDO (ffffffffffff66666776ffff000f330c20446088ffffccf3cc0c20aa56aafffff3ffffff6e676e57fc)
	MASK (ffffffffffffffffffffffffffffffffffffffffffffffffffffffffffffffffffffffffffffffffff);
SIR 30 TDI (2a1fffff);
SDR 13 TDI (001b);
SIR 30 TDI (28cfffff);
STATE IDLE;
RUNTEST 20001E-6 SEC;
SIR 30 TDI (290fffff);
SDR 328 TDI (fffff308131f98881999ffff0cc0000089118911ffffcc72c4f019998911ffff7cc0000090881199fc)
	TDO (fffff308131f98881999ffff0cc0000089118911ffffcc72c4f019998911ffff7cc0000090881199fc)
	MASK (ffffffffffffffffffffffffffffffffffffffffffffffffffffffffffffffffffffffffffffffffff);
SIR 30 TDI (2a1fffff);
SDR 13 TDI (001f);
SIR 30 TDI (28cfffff);
STATE IDLE;
RUNTEST 20001E-6 SEC;
SIR 30 TDI (290fffff);
SDR 328 TDI (ffff0000000000000000ffff0040000000000000ffff0000000900000000ffff0000000000000000fc)
	TDO (ffff0000000000000000ffff0040000000000000ffff0000000900000000ffff0000000000000000fc)
	MASK (ffffffffffffffffffffffffffffffffffffffffffffffffffffffffffffffffffffffffffffffffff);
SIR 30 TDI (2a1fffff);
SDR 13 TDI (0023);
SIR 30 TDI (28cfffff);
STATE IDLE;
RUNTEST 20001E-6 SEC;
SIR 30 TDI (290fffff);
SDR 328 TDI (ffff4662444002224000ffff6644220420442044ffff6666446000002044ffff4462446000000000fc)
	TDO (ffff4662444002224000ffff6644220420442044ffff6666446000002044ffff4462446000000000fc)
	MASK (ffffffffffffffffffffffffffffffffffffffffffffffffffffffffffffffffffffffffffffffffff);
SIR 30 TDI (2a1fffff);
SDR 13 TDI (0027);
SIR 30 TDI (28cfffff);
STATE IDLE;
RUNTEST 20001E-6 SEC;
SIR 30 TDI (290fffff);
SDR 328 TDI (ffff000c3030fbfbd6eeffff0033ccf3b0cc32eeffff0000330f96aa76eeffff030c330f96aa56aefc)
	TDO (ffff000c3030fbfbd6eeffff0033ccf3b0cc32eeffff0000330f96aa76eeffff030c330f96aa56aefc)
	MASK (ffffffffffffffffffffffffffffffffffffffffffffffffffffffffffffffffffffffffffffffffff);
SIR 30 TDI (2a1fffff);
SDR 13 TDI (002b);
SIR 30 TDI (28cfffff);
STATE IDLE;
RUNTEST 20001E-6 SEC;
SIR 30 TDI (290fffff);
SDR 328 TDI (fffffffe777ffffffffbffffeef7eef7f6ee77ffffffeef7fffffffffffffffffffffffffffffffffc)
	TDO (fffffffe777ffffffffbffffeef7eef7f6ee77ffffffeef7fffffffffffffffffffffffffffffffffc)
	MASK (ffffffffffffffffffffffffffffffffffffffffffffffffffffffffffffffffffffffffffffffffff);
SIR 30 TDI (2a1fffff);
SDR 13 TDI (002f);
SIR 30 TDI (28cfffff);
STATE IDLE;
RUNTEST 20001E-6 SEC;
SIR 30 TDI (290fffff);
SDR 328 TDI (fffffffc333cb5d5af77ffffccf3ccf016aa56abffffccf3fffc2f77dfbbfffffffffffc2f77ef7ffc)
	TDO (fffffffc333cb5d5af77ffffccf3ccf016aa56abffffccf3fffc2f77dfbbfffffffffffc2f77ef7ffc)
	MASK (ffffffffffffffffffffffffffffffffffffffffffffffffffffffffffffffffffffffffffffffffff);
STATE IDLE;
SIR 30 TDI (2a1fffff);
SDR 13 TDI (0383);
SIR 30 TDI (28cfffff);
STATE IDLE;
RUNTEST 20001E-6 SEC;
SIR 30 TDI (290fffff);
SDR 328 TDI (fffedfffffffffffffffefffffffffbfffffbffffbffffffffffffffffeffbfffffffefffffffffffc)
	TDO (fffedfffffffffffffffefffffffffbfffffbffffbffffffffffffffffeffbfffffffefffffffffffc)
	MASK (ffffffffffffffffffffffffffffffffffffffffffffffffffffffffffffffffffffffffffffffffff);
SIR 30 TDI (2a1fffff);
SDR 13 TDI (0387);
SIR 30 TDI (28cfffff);
STATE IDLE;
RUNTEST 20001E-6 SEC;
SIR 30 TDI (290fffff);
SDR 328 TDI (fff7ffffffbfffff7ffffffffffffffff7ffffffefff7ffffffffff7fff7fffffffffffffff7fffffc)
	TDO (fff7ffffffbfffff7ffffffffffffffff7ffffffefff7ffffffffff7fff7fffffffffffffff7fffffc)
	MASK (ffffffffffffffffffffffffffffffffffffffffffffffffffffffffffffffffffffffffffffffffff);
SIR 30 TDI (2a1fffff);
SDR 13 TDI (038b);
SIR 30 TDI (28cfffff);
STATE IDLE;
RUNTEST 20001E-6 SEC;
SIR 30 TDI (290fffff);
SDR 328 TDI (fbeb7ffffeffffffffffffffb7fffffefffffefffdefffff7ffffbffffffffffdffffffffefffffefc)
	TDO (fbeb7ffffeffffffffffffffb7fffffefffffefffdefffff7ffffbffffffffffdffffffffefffffefc)
	MASK (ffffffffffffffffffffffffffffffffffffffffffffffffffffffffffffffffffffffffffffffffff);
SIR 30 TDI (2a1fffff);
SDR 13 TDI (038f);
SIR 30 TDI (28cfffff);
STATE IDLE;
RUNTEST 20001E-6 SEC;
SIR 30 TDI (290fffff);
SDR 328 TDI (fffdffffffffffffffffffffffffffffffffffffffffffebffffff7ffffffffffffffffffffffffffc)
	TDO (fffdffffffffffffffffffffffffffffffffffffffffffebffffff7ffffffffffffffffffffffffffc)
	MASK (ffffffffffffffffffffffffffffffffffffffffffffffffffffffffffffffffffffffffffffffffff);
SIR 30 TDI (2a1fffff);
SDR 13 TDI (0393);
SIR 30 TDI (28cfffff);
STATE IDLE;
RUNTEST 20001E-6 SEC;
SIR 30 TDI (290fffff);
SDR 328 TDI (fffffdffffffffffffffffffffffffffffffffffffffffffffeffffffffffeffffffffffffff7ffffc)
	TDO (fffffdffffffffffffffffffffffffffffffffffffffffffffeffffffffffeffffffffffffff7ffffc)
	MASK (ffffffffffffffffffffffffffffffffffffffffffffffffffffffffffffffffffffffffffffffffff);
SIR 30 TDI (2a1fffff);
SDR 13 TDI (0397);
SIR 30 TDI (28cfffff);
STATE IDLE;
RUNTEST 20001E-6 SEC;
SIR 30 TDI (290fffff);
SDR 328 TDI (fffffffffffffffffffffffffffeffffeffffffffffffffffffefffbfffffffffffffffffffffffffc)
	TDO (fffffffffffffffffffffffffffeffffeffffffffffffffffffefffbfffffffffffffffffffffffffc)
	MASK (ffffffffffffffffffffffffffffffffffffffffffffffffffffffffffffffffffffffffffffffffff);
SIR 30 TDI (2a1fffff);
SDR 13 TDI (039b);
SIR 30 TDI (28cfffff);
STATE IDLE;
RUNTEST 20001E-6 SEC;
SIR 30 TDI (290fffff);
SDR 328 TDI (fffffffffbfffffffffffffffffffafffffffffbffffffffffffffbffffffffffffffffffffffffffc)
	TDO (fffffffffbfffffffffffffffffffafffffffffbffffffffffffffbffffffffffffffffffffffffffc)
	MASK (ffffffffffffffffffffffffffffffffffffffffffffffffffffffffffffffffffffffffffffffffff);
SIR 30 TDI (2a1fffff);
SDR 13 TDI (039f);
SIR 30 TDI (28cfffff);
STATE IDLE;
RUNTEST 20001E-6 SEC;
SIR 30 TDI (290fffff);
SDR 328 TDI (ffffffffffffffbfffffffffffffbfffffbffffffffafffffffffffffffffffafffffffffffefffffc)
	TDO (ffffffffffffffbfffffffffffffbfffffbffffffffafffffffffffffffffffafffffffffffefffffc)
	MASK (ffffffffffffffffffffffffffffffffffffffffffffffffffffffffffffffffffffffffffffffffff);
SIR 30 TDI (2a1fffff);
SDR 13 TDI (03a3);
SIR 30 TDI (28cfffff);
STATE IDLE;
RUNTEST 20001E-6 SEC;
SIR 30 TDI (290fffff);
SDR 328 TDI (fffffafffffffeffffffffffdfdffffffffffffffffffbffffffffffefffffffffffffffefffbffffc)
	TDO (fffffafffffffeffffffffffdfdffffffffffffffffffbffffffffffefffffffffffffffefffbffffc)
	MASK (ffffffffffffffffffffffffffffffffffffffffffffffffffffffffffffffffffffffffffffffffff);
SIR 30 TDI (2a1fffff);
SDR 13 TDI (03a7);
SIR 30 TDI (28cfffff);
STATE IDLE;
RUNTEST 20001E-6 SEC;
SIR 30 TDI (290fffff);
SDR 328 TDI (fffffffffffffffffffffffffffffffffffffffffffff7ffffffffffffffffffbdffff7ffffffffffc)
	TDO (fffffffffffffffffffffffffffffffffffffffffffff7ffffffffffffffffffbdffff7ffffffffffc)
	MASK (ffffffffffffffffffffffffffffffffffffffffffffffffffffffffffffffffffffffffffffffffff);
SIR 30 TDI (2a1fffff);
SDR 13 TDI (03ab);
SIR 30 TDI (28cfffff);
STATE IDLE;
RUNTEST 20001E-6 SEC;
SIR 30 TDI (290fffff);
SDR 328 TDI (fffffffffffffffffffffffffffffffffffffffffffffffffffffffffffffffffffffffffffffffffc)
	TDO (fffffffffffffffffffffffffffffffffffffffffffffffffffffffffffffffffffffffffffffffffc)
	MASK (ffffffffffffffffffffffffffffffffffffffffffffffffffffffffffffffffffffffffffffffffff);
SIR 30 TDI (2a1fffff);
SDR 13 TDI (03af);
SIR 30 TDI (28cfffff);
STATE IDLE;
RUNTEST 20001E-6 SEC;
SIR 30 TDI (290fffff);
SDR 328 TDI (ffffffffdffffffffffffffffffffffffffffffffffffffffefffffffbffffffffff7bfffffffffffc)
	TDO (ffffffffdffffffffffffffffffffffffffffffffffffffffefffffffbffffffffff7bfffffffffffc)
	MASK (ffffffffffffffffffffffffffffffffffffffffffffffffffffffffffffffffffffffffffffffffff);
SIR 30 TDI (2a1fffff);
SDR 13 TDI (03b3);
SIR 30 TDI (28cfffff);
STATE IDLE;
RUNTEST 20001E-6 SEC;
SIR 30 TDI (290fffff);
SDR 328 TDI (ffffffffffffffffffffffffffffffffffffffffffffefffff7ffffff7fffffffff7fffbfffffffffc)
	TDO (ffffffffffffffffffffffffffffffffffffffffffffefffff7ffffff7fffffffff7fffbfffffffffc)
	MASK (ffffffffffffffffffffffffffffffffffffffffffffffffffffffffffffffffffffffffffffffffff);
SIR 30 TDI (2a1fffff);
SDR 13 TDI (03b7);
SIR 30 TDI (28cfffff);
STATE IDLE;
RUNTEST 20001E-6 SEC;
SIR 30 TDI (290fffff);
SDR 328 TDI (ff7ffffffffefffbffffbafffbffefffffffffffdfdfffffffffffffffbf5fdffffffffffffffffffc)
	TDO (ff7ffffffffefffbffffbafffbffefffffffffffdfdfffffffffffffffbf5fdffffffffffffffffffc)
	MASK (ffffffffffffffffffffffffffffffffffffffffffffffffffffffffffffffffffffffffffffffffff);
SIR 30 TDI (2a1fffff);
SDR 13 TDI (03bb);
SIR 30 TDI (28cfffff);
STATE IDLE;
RUNTEST 20001E-6 SEC;
SIR 30 TDI (290fffff);
SDR 328 TDI (f7ffffffffdff7f5fffffffffffbfffffffffffff7fffffffffffdfdffffffffff7fdffffdfffffffc)
	TDO (f7ffffffffdff7f5fffffffffffbfffffffffffff7fffffffffffdfdffffffffff7fdffffdfffffffc)
	MASK (ffffffffffffffffffffffffffffffffffffffffffffffffffffffffffffffffffffffffffffffffff);
SIR 30 TDI (2a1fffff);
SDR 13 TDI (03bf);
SIR 30 TDI (28cfffff);
STATE IDLE;
RUNTEST 20001E-6 SEC;
SIR 30 TDI (290fffff);
SDR 328 TDI (aefffffffffffffffbffffffff7fffffffffffffffffffdfffbffffeffffefb7fffffffefffffffffc)
	TDO (aefffffffffffffffbffffffff7fffffffffffffffffffdfffbffffeffffefb7fffffffefffffffffc)
	MASK (ffffffffffffffffffffffffffffffffffffffffffffffffffffffffffffffffffffffffffffffffff);
SIR 30 TDI (2a1fffff);
SDR 13 TDI (03c3);
SIR 30 TDI (28cfffff);
STATE IDLE;
RUNTEST 20001E-6 SEC;
SIR 30 TDI (290fffff);
SDR 328 TDI (ffffffffefffffffffffffffffffffffffffffffffffffffbffffffffffefffffffffffffffffffffc)
	TDO (ffffffffefffffffffffffffffffffffffffffffffffffffbffffffffffefffffffffffffffffffffc)
	MASK (ffffffffffffffffffffffffffffffffffffffffffffffffffffffffffffffffffffffffffffffffff);
SIR 30 TDI (2a1fffff);
SDR 13 TDI (03c7);
SIR 30 TDI (28cfffff);
STATE IDLE;
RUNTEST 20001E-6 SEC;
SIR 30 TDI (290fffff);
SDR 328 TDI (ffffffffffffffffffffffeaffffffffffffffddfffffffffffffffffffffffffffefffffffffffffc)
	TDO (ffffffffffffffffffffffeaffffffffffffffddfffffffffffffffffffffffffffefffffffffffffc)
	MASK (ffffffffffffffffffffffffffffffffffffffffffffffffffffffffffffffffffffffffffffffffff);
SIR 30 TDI (2a1fffff);
SDR 13 TDI (03cb);
SIR 30 TDI (28cfffff);
STATE IDLE;
RUNTEST 20001E-6 SEC;
SIR 30 TDI (290fffff);
SDR 328 TDI (fffffffffffffbfffffdffffffefffefffffffbffffffffffffffffffefffffffffffffffffffffbfc)
	TDO (fffffffffffffbfffffdffffffefffefffffffbffffffffffffffffffefffffffffffffffffffffbfc)
	MASK (ffffffffffffffffffffffffffffffffffffffffffffffffffffffffffffffffffffffffffffffffff);
SIR 30 TDI (2a1fffff);
SDR 13 TDI (03cf);
SIR 30 TDI (28cfffff);
STATE IDLE;
RUNTEST 20001E-6 SEC;
SIR 30 TDI (290fffff);
SDR 328 TDI (ffffeffffffffffeffffffffeffffffffdffffffffffbfbefffffeffffffbfffebebbfffffffffaffc)
	TDO (ffffeffffffffffeffffffffeffffffffdffffffffffbfbefffffeffffffbfffebebbfffffffffaffc)
	MASK (ffffffffffffffffffffffffffffffffffffffffffffffffffffffffffffffffffffffffffffffffff);
SIR 30 TDI (2a1fffff);
SDR 13 TDI (03d3);
SIR 30 TDI (28cfffff);
STATE IDLE;
RUNTEST 20001E-6 SEC;
SIR 30 TDI (290fffff);
SDR 328 TDI (ffffffeff7efffeffffffffdfffffffffffefffffffffffffffffffffffffffffffffffffffffffffc)
	TDO (ffffffeff7efffeffffffffdfffffffffffefffffffffffffffffffffffffffffffffffffffffffffc)
	MASK (ffffffffffffffffffffffffffffffffffffffffffffffffffffffffffffffffffffffffffffffffff);
SIR 30 TDI (2a1fffff);
SDR 13 TDI (03d7);
SIR 30 TDI (28cfffff);
STATE IDLE;
RUNTEST 20001E-6 SEC;
SIR 30 TDI (290fffff);
SDR 328 TDI (ffffffbffffffffffffffffffff5fffffffffffffffffffffffffffffffffffffeffffbffffffffdfc)
	TDO (ffffffbffffffffffffffffffff5fffffffffffffffffffffffffffffffffffffeffffbffffffffdfc)
	MASK (ffffffffffffffffffffffffffffffffffffffffffffffffffffffffffffffffffffffffffffffffff);
SIR 30 TDI (2a1fffff);
SDR 13 TDI (03db);
SIR 30 TDI (28cfffff);
STATE IDLE;
RUNTEST 20001E-6 SEC;
SIR 30 TDI (290fffff);
SDR 328 TDI (ffffffff7ffffffffffbffffffff5fffffffffffffffffffdfffffffffffffffffffffefffffdf7ffc)
	TDO (ffffffff7ffffffffffbffffffff5fffffffffffffffffffdfffffffffffffffffffffefffffdf7ffc)
	MASK (ffffffffffffffffffffffffffffffffffffffffffffffffffffffffffffffffffffffffffffffffff);
SIR 30 TDI (2a1fffff);
SDR 13 TDI (03df);
SIR 30 TDI (28cfffff);
STATE IDLE;
RUNTEST 20001E-6 SEC;
SIR 30 TDI (290fffff);
SDR 328 TDI (ffffffdffffffffffffffffffffffffffffff7ffffffffffffffeffffffffffffffffffffffffbfffc)
	TDO (ffffffdffffffffffffffffffffffffffffff7ffffffffffffffeffffffffffffffffffffffffbfffc)
	MASK (ffffffffffffffffffffffffffffffffffffffffffffffffffffffffffffffffffffffffffffffffff);
SIR 30 TDI (2a1fffff);
SDR 13 TDI (03e3);
SIR 30 TDI (28cfffff);
STATE IDLE;
RUNTEST 20001E-6 SEC;
SIR 30 TDI (290fffff);
SDR 328 TDI (ffffffffffffefffffffffffffffffffbfffffffffbffffffffffffffffffffffffffdfffffffffffc)
	TDO (ffffffffffffefffffffffffffffffffbfffffffffbffffffffffffffffffffffffffdfffffffffffc)
	MASK (ffffffffffffffffffffffffffffffffffffffffffffffffffffffffffffffffffffffffffffffffff);
SIR 30 TDI (2a1fffff);
SDR 13 TDI (03e7);
SIR 30 TDI (28cfffff);
STATE IDLE;
RUNTEST 20001E-6 SEC;
SIR 30 TDI (290fffff);
SDR 328 TDI (ffffffffffffffffffff7fffffffffffffffefeffffffffffff7ffffbfffffffffffffdffffffffffc)
	TDO (ffffffffffffffffffff7fffffffffffffffefeffffffffffff7ffffbfffffffffffffdffffffffffc)
	MASK (ffffffffffffffffffffffffffffffffffffffffffffffffffffffffffffffffffffffffffffffffff);
SIR 30 TDI (2a1fffff);
SDR 13 TDI (03eb);
SIR 30 TDI (28cfffff);
STATE IDLE;
RUNTEST 20001E-6 SEC;
SIR 30 TDI (290fffff);
SDR 328 TDI (fddffff3fffffffffefff5df7fbfff7ffefbfbffbeffdffffffddffffffdf57ffffffffdfffffff7fc)
	TDO (fddffff3fffffffffefff5df7fbfff7ffefbfbffbeffdffffffddffffffdf57ffffffffdfffffff7fc)
	MASK (ffffffffffffffffffffffffffffffffffffffffffffffffffffffffffffffffffffffffffffffffff);
STATE IDLE;
SIR 30 TDI (2a1fffff);
SDR 13 TDI (0803);
SIR 30 TDI (28cfffff);
STATE IDLE;
RUNTEST 20001E-6 SEC;
SIR 30 TDI (292fffff);
SDR 6 TDI (3c)
	TDO (3c)
	MASK (3f);
STATE IDLE;
SIR 30 TDI (2a1fffff);
SDR 13 TDI (0c03);
SIR 30 TDI (28cfffff);
STATE IDLE;
RUNTEST 20001E-6 SEC;
SIR 30 TDI (293fffff);
SDR 18 TDI (3fffc)
	TDO (3fffc)
	MASK (3ffff);
STATE IDLE;
SIR 30 TDI (2a1fffff);
SDR 13 TDI (0403);
SIR 30 TDI (28cfffff);
STATE IDLE;
RUNTEST 20001E-6 SEC;
SIR 30 TDI (291fffff);
SDR 34 TDI (1ff7407fc)
	TDO (1ff7407fc)
	MASK (3ffffffff);
STATE IDLE;
SIR 30 TDI (3ffa87ff);
SDR 13 TDI (1019);
SIR 30 TDI (3ffa43ff);
SDR 328 TDI (7fffffffffbfeffbfef807fffffefc031f00000c7fdfe03e0ec41188220ccfeff1f87e1f87e1f87e7e);
SIR 30 TDI (3ffa7bff);
STATE IDLE;
RUNTEST 30001E-6 SEC;
SIR 30 TDI (3ffaffff);
SIR 30 TDI (3ffa87ff);
SDR 13 TDI (101b);
SIR 30 TDI (3ffa43ff);
SDR 328 TDI (7fffffffffbfeffafeb807fffffefc031f00000c7fdfe03e0ec41188220ccfeff1f87e1f87e1f87e7e);
SIR 30 TDI (3ffa7bff);
STATE IDLE;
RUNTEST 30001E-6 SEC;
SIR 30 TDI (3ffaffff);
SIR 30 TDI (3ffa87ff);
SDR 13 TDI (101d);
SIR 30 TDI (3ffa43ff);
SDR 328 TDI (7fffffffffbfeffbfef807fffffefc031f00000c7fdfe03e0ec41188220ccfeff1f87e1f87e1f87e7e);
SIR 30 TDI (3ffa7bff);
STATE IDLE;
RUNTEST 30001E-6 SEC;
SIR 30 TDI (3ffaffff);
SIR 30 TDI (3ffa87ff);
SDR 13 TDI (101f);
SIR 30 TDI (3ffa43ff);
SDR 328 TDI (40400000003feffbfef807fffffefc031f00000c7fdfe03e0ec41188220ccfeff1f87e1f87e1f87e7e);
SIR 30 TDI (3ffa7bff);
STATE IDLE;
RUNTEST 30001E-6 SEC;
SIR 30 TDI (3ffaffff);
SIR 30 TDI (3ffa87ff);
SDR 13 TDI (1021);
SIR 30 TDI (3ffa43ff);
SDR 328 TDI (7fffffffffbfeffbfef807fffffefc031f00000c7fdfe03e0ec41188220ccfeff1f87e1f87e1f87e7e);
SIR 30 TDI (3ffa7bff);
STATE IDLE;
RUNTEST 30001E-6 SEC;
SIR 30 TDI (3ffaffff);
SIR 30 TDI (3ffa87ff);
SDR 13 TDI (1023);
SIR 30 TDI (3ffa43ff);
SDR 328 TDI (75fdbeefdbbfeffbfef807fffffefc031f00000c7fdfe03e0ec41188220ccfeff1f87e1f87e1f87e7e);
SIR 30 TDI (3ffa7bff);
STATE IDLE;
RUNTEST 30001E-6 SEC;
SIR 30 TDI (3ffaffff);
SIR 30 TDI (3ffa87ff);
SDR 13 TDI (1025);
SIR 30 TDI (3ffa43ff);
SDR 328 TDI (7bfe7f5fe7bfeffbfef807fffffefc031f00000c7fdfe03e0ec41188220ccfeff1f87e1f87e1f87e7e);
SIR 30 TDI (3ffa7bff);
STATE IDLE;
RUNTEST 30001E-6 SEC;
SIR 30 TDI (3ffaffff);
SIR 30 TDI (3ffa87ff);
SDR 13 TDI (1027);
SIR 30 TDI (3ffa43ff);
SDR 328 TDI (7fffffffffbe0ff9d06807fffffefc031f00000c7fdfe03e0ec41188220ccfeff1f87e1f87e1f87e7e);
SIR 30 TDI (3ffa7bff);
STATE IDLE;
RUNTEST 30001E-6 SEC;
SIR 30 TDI (3ffaffff);
SIR 30 TDI (3ffa87ff);
SDR 13 TDI (1029);
SIR 30 TDI (3ffa43ff);
SDR 328 TDI (7fffffffffbfeffbfef807fffffefc031f00000c7fdfe03e0ec41188220ccfeff1f87e1f87e1f87e7e);
SIR 30 TDI (3ffa7bff);
STATE IDLE;
RUNTEST 30001E-6 SEC;
SIR 30 TDI (3ffaffff);
SIR 30 TDI (3ffa87ff);
SDR 13 TDI (102b);
SIR 30 TDI (3ffa43ff);
SDR 328 TDI (7fffffffffbfeffbfef807fffff034010200000c7fdfe03e0ec41188220ccfeff1f87e1f87e1f87e7e);
SIR 30 TDI (3ffa7bff);
STATE IDLE;
RUNTEST 30001E-6 SEC;
SIR 30 TDI (3ffaffff);
SIR 30 TDI (3ffa87ff);
SDR 13 TDI (102d);
SIR 30 TDI (3ffa43ff);
SDR 328 TDI (7fffffffffbfeffbfef807fffff6f4031b00000c7fdfe03e0ec41188220ccfeff1f87e1f87e1f87e7e);
SIR 30 TDI (3ffa7bff);
STATE IDLE;
RUNTEST 30001E-6 SEC;
SIR 30 TDI (3ffaffff);
SIR 30 TDI (3ffa87ff);
SDR 13 TDI (102f);
SIR 30 TDI (3ffa43ff);
SDR 328 TDI (7fffffffffbfeffbfef807fffffefc031f00000c7fdfe03e0ec41188220ccfeff1f87e1f87e1f87e7e);
SIR 30 TDI (3ffa7bff);
STATE IDLE;
RUNTEST 30001E-6 SEC;
SIR 30 TDI (3ffaffff);
SIR 30 TDI (3ffa87ff);
SDR 13 TDI (1031);
SIR 30 TDI (3ffa43ff);
SDR 328 TDI (7fffffffffbfeffbfef807fffffefc031f00000c7fdfe0360ec411882204ce0bd1685a1685a1685a7e);
SIR 30 TDI (3ffa7bff);
STATE IDLE;
RUNTEST 30001E-6 SEC;
SIR 30 TDI (3ffaffff);
SIR 30 TDI (3ffa87ff);
SDR 13 TDI (1033);
SIR 30 TDI (3ffa43ff);
SDR 328 TDI (7fffffffffbfeffbfef807fffffefc031f00000c7fdfe03e0ec411882204cfcff1f87e1f87e1f87e7e);
SIR 30 TDI (3ffa7bff);
STATE IDLE;
RUNTEST 30001E-6 SEC;
SIR 30 TDI (3ffaffff);
SIR 30 TDI (3ffa87ff);
SDR 13 TDI (1035);
SIR 30 TDI (3ffa43ff);
SDR 328 TDI (7fffffffffbfeffbfef807fffffefc031f00000c7fcfe03e0ec41188220ccfeff1f87e1f87e1f87e7e);
SIR 30 TDI (3ffa7bff);
STATE IDLE;
RUNTEST 30001E-6 SEC;
SIR 30 TDI (3ffaffff);
SIR 30 TDI (3ffa87ff);
SDR 13 TDI (1037);
SIR 30 TDI (3ffa43ff);
SDR 328 TDI (7fffffffffbfeffbfef807fffffefc031f00000c7fdfe03e0ec41188220cceed31986619866198667e);
SIR 30 TDI (3ffa7bff);
STATE IDLE;
RUNTEST 30001E-6 SEC;
SIR 30 TDI (3ffaffff);
SIR 30 TDI (3ffa87ff);
SDR 13 TDI (1039);
SIR 30 TDI (3ffa43ff);
SDR 328 TDI (7fffffffffbfeffbfe7807bffffefc031f00000c0bc3c03e0ec41188220ccbaff1f87e1f87e1f87e7e);
SIR 30 TDI (3ffa7bff);
STATE IDLE;
RUNTEST 30001E-6 SEC;
SIR 30 TDI (3ffaffff);
SIR 30 TDI (3ffa87ff);
SDR 13 TDI (103b);
SIR 30 TDI (3ffa43ff);
SDR 328 TDI (7fffffffffbfeffbfed807fffffef4031f00000c7fdfe03e0ec41188220c8feff1f87e1f87e1f87e7e);
SIR 30 TDI (3ffa7bff);
STATE IDLE;
RUNTEST 30001E-6 SEC;
SIR 30 TDI (3ffaffff);
SIR 30 TDI (3ffa87ff);
SDR 13 TDI (103d);
SIR 30 TDI (3ffa43ff);
SDR 328 TDI (7fffffffffbfeffbfef805fffffefc031f00000c7edfe03e0ec41188220ccfeff1f87e1f86e1f87e7e);
SIR 30 TDI (3ffa7bff);
STATE IDLE;
RUNTEST 30001E-6 SEC;
SIR 30 TDI (3ffaffff);
SIR 30 TDI (3ffa87ff);
SDR 13 TDI (103f);
SIR 30 TDI (3ffa43ff);
SDR 328 TDI (7fffffffffbfe3fbfef807fffffef4031f00000c7f9f601e06c41188220ccfeff1f87e1f87e1f87e7e);
SIR 30 TDI (3ffa7bff);
STATE IDLE;
RUNTEST 30001E-6 SEC;
SIR 30 TDI (3ffaffff);
SIR 30 TDI (3ffa87ff);
SDR 13 TDI (1041);
SIR 30 TDI (3ffa43ff);
SDR 328 TDI (7fffffffffbfeff9fef803fffffe3c011f00000c7fdfe03e0ec41188220ccfeff1b87e1f87e1f87e7e);
SIR 30 TDI (3ffa7bff);
STATE IDLE;
RUNTEST 30001E-6 SEC;
SIR 30 TDI (3ffaffff);
SIR 30 TDI (3ffa87ff);
SDR 13 TDI (1043);
SIR 30 TDI (3ffa43ff);
SDR 328 TDI (7fffffffffbfeffb7ef807ffffcedc021d00000c7fdfe03c0e040180200c4feff1f87e1f87e1f87e7e);
SIR 30 TDI (3ffa7bff);
STATE IDLE;
RUNTEST 30001E-6 SEC;
SIR 30 TDI (3ffaffff);
SIR 30 TDI (3ffa87ff);
SDR 13 TDI (1045);
SIR 30 TDI (3ffa43ff);
SDR 328 TDI (3fbfffffffbfeffbfef807fffffefc031f0000046fdbe03e0ec41188220ccfeff1f8761f87e1f87e7e);
SIR 30 TDI (3ffa7bff);
STATE IDLE;
RUNTEST 30001E-6 SEC;
SIR 30 TDI (3ffaffff);
SIR 30 TDI (3ffa87ff);
SDR 13 TDI (1047);
SIR 30 TDI (3ffa43ff);
SDR 328 TDI (5f77ebfb7ebfeff9be6807fffffefc031f00000c7fdfe03e0ec41188220ccfeff1f87e1f87e1f87e7e);
SIR 30 TDI (3ffa7bff);
STATE IDLE;
RUNTEST 30001E-6 SEC;
SIR 30 TDI (3ffaffff);
SIR 30 TDI (3ffa87ff);
SDR 13 TDI (1049);
SIR 30 TDI (3ffa43ff);
SDR 328 TDI (7fffffffffbfeffbfef807ff7ffefc031f00000c6fdbe03e0ec41188220ccfeff1f87e1f87e1f81e7e);
SIR 30 TDI (3ffa7bff);
STATE IDLE;
RUNTEST 30001E-6 SEC;
SIR 30 TDI (3ffaffff);
SIR 30 TDI (3ffa87ff);
SDR 13 TDI (104b);
SIR 30 TDI (3ffa43ff);
SDR 328 TDI (7fffffffffbfeffbfef807fffffef4031f00000c7fdfe03e0ec41188220ccfeff1f87e1f87e1f87e7e);
SIR 30 TDI (3ffa7bff);
STATE IDLE;
RUNTEST 30001E-6 SEC;
SIR 30 TDI (3ffaffff);
SIR 30 TDI (3ffa87ff);
SDR 13 TDI (104d);
SIR 30 TDI (3ffa43ff);
SDR 328 TDI (7fffffffffbfeffbfef807f7ffe8fc030f00000c7fdfe03e0ec41188220ccfeff1f8781f87e1f86e7e);
SIR 30 TDI (3ffa7bff);
STATE IDLE;
RUNTEST 30001E-6 SEC;
SIR 30 TDI (3ffaffff);
SIR 30 TDI (3ffa87ff);
SDR 13 TDI (104f);
SIR 30 TDI (3ffa43ff);
SDR 328 TDI (3fbfffffffbfeef9be6807fffff6f4031b00000c7f9f601e06c41188220ccfeff1f87e1f87e1f87e7e);
SIR 30 TDI (3ffa7bff);
STATE IDLE;
RUNTEST 30001E-6 SEC;
SIR 30 TDI (3ffaffff);
SIR 30 TDI (3ffa87ff);
SDR 13 TDI (1051);
SIR 30 TDI (3ffa43ff);
SDR 328 TDI (7fffffffffbfeffbfef807fffffefc031f00000469dfc03e0ec41188220ccfeff1f87e1d87e1f87e7e);
SIR 30 TDI (3ffa7bff);
STATE IDLE;
RUNTEST 30001E-6 SEC;
SIR 30 TDI (3ffaffff);
SIR 30 TDI (3ffa87ff);
SDR 13 TDI (1053);
SIR 30 TDI (3ffa43ff);
SDR 328 TDI (3fbfffffffbfeff9fe7807fffffefc031f00000c7fdfe03e0ec41188220ccfeff1f87e1f87e1f87e7e);
SIR 30 TDI (3ffa7bff);
STATE IDLE;
RUNTEST 30001E-6 SEC;
SIR 30 TDI (3ffaffff);
SIR 30 TDI (3ffa87ff);
SDR 13 TDI (1055);
SIR 30 TDI (3ffa43ff);
SDR 328 TDI (7fffffffffbfc7fbfef806fffffefc031f00000c7fdfe03e0ec41188220ccfeff1d87e1f87e1f87e7e);
SIR 30 TDI (3ffa7bff);
STATE IDLE;
RUNTEST 30001E-6 SEC;
SIR 30 TDI (3ffaffff);
SIR 30 TDI (3ffa87ff);
SDR 13 TDI (1057);
SIR 30 TDI (3ffa43ff);
SDR 328 TDI (7fffffffffbf6ffbeef807fffffef4031f00000c7f9f601e06c41188220ccfeff1f87e1f87e1f87e7e);
SIR 30 TDI (3ffa7bff);
STATE IDLE;
RUNTEST 30001E-6 SEC;
SIR 30 TDI (3ffaffff);
SIR 30 TDI (3ffa87ff);
SDR 13 TDI (1059);
SIR 30 TDI (3ffa43ff);
SDR 328 TDI (7fffffffff9fe7f9fe6807fffffefc031f0000047fdfc03e0ec41188220ccfed31986619866198667e);
SIR 30 TDI (3ffa7bff);
STATE IDLE;
RUNTEST 30001E-6 SEC;
SIR 30 TDI (3ffaffff);
SIR 30 TDI (3ffa87ff);
SDR 13 TDI (105b);
SIR 30 TDI (3ffa43ff);
SDR 328 TDI (7fffffffffbfaffbf6f807fffffefc031f00000c7bd7e03e0ec41188220ccfeff1f87e1f87e1f87e7e);
SIR 30 TDI (3ffa7bff);
STATE IDLE;
RUNTEST 30001E-6 SEC;
SIR 30 TDI (3ffaffff);
SIR 30 TDI (3ffa87ff);
SDR 13 TDI (105d);
SIR 30 TDI (3ffa43ff);
SDR 328 TDI (7fffffffffbfeffbfef807fffffefc031f00000c7f9f601e06c41188220ccfeff0787e1f8761f87e7e);
SIR 30 TDI (3ffa7bff);
STATE IDLE;
RUNTEST 30001E-6 SEC;
SIR 30 TDI (3ffaffff);
SIR 30 TDI (3ffa87ff);
SDR 13 TDI (105f);
SIR 30 TDI (3ffa43ff);
SDR 328 TDI (3fbfffffffbfeef9be6807fffffeec031f00000c7fdfe03e0ec41188220ccfeff1f87e1f87e1f87e7e);
SIR 30 TDI (3ffa7bff);
STATE IDLE;
RUNTEST 30001E-6 SEC;
SIR 30 TDI (3ffaffff);
SIR 30 TDI (3ffa87ff);
SDR 13 TDI (1061);
SIR 30 TDI (3ffa43ff);
SDR 328 TDI (7fffffffffbfeffbfef807fffffefc031f0000047fc3c03e0ec41188220cceedf1f87e1f87e1f87e7e);
SIR 30 TDI (3ffa7bff);
STATE IDLE;
RUNTEST 30001E-6 SEC;
SIR 30 TDI (3ffaffff);
SIR 30 TDI (3ffa87ff);
SDR 13 TDI (1063);
SIR 30 TDI (3ffa43ff);
SDR 328 TDI (3fbfffffffbdeef9be6807fffffefc031f00000c5fdfe03e0ec41188220ccfeff1f87e1f87e1f87e7e);
SIR 30 TDI (3ffa7bff);
STATE IDLE;
RUNTEST 30001E-6 SEC;
SIR 30 TDI (3ffaffff);
SIR 30 TDI (3ffa87ff);
SDR 13 TDI (1065);
SIR 30 TDI (3ffa43ff);
SDR 328 TDI (3fbfffffffbfeef99e6807effffc9c031700000c7fdfe03e0ec41188220ccfefb1f87e1f87e1f87e7e);
SIR 30 TDI (3ffa7bff);
STATE IDLE;
RUNTEST 30001E-6 SEC;
SIR 30 TDI (3ffaffff);
SIR 30 TDI (3ffa87ff);
SDR 13 TDI (1067);
SIR 30 TDI (3ffa43ff);
SDR 328 TDI (7fffffffffbfeffbfef807fffff674031b00000c7f9f601e06c41188220ccfeff1f87e1f87e1f87e7e);
SIR 30 TDI (3ffa7bff);
STATE IDLE;
RUNTEST 30001E-6 SEC;
SIR 30 TDI (3ffaffff);
SIR 30 TDI (3ffa87ff);
SDR 13 TDI (1069);
SIR 30 TDI (3ffa43ff);
SDR 328 TDI (7fffffffffbfeffbfef8077ffffefc031f00000c7fdfe03e0ec41188220ccfeff1f87e1f87e1f8787e);
SIR 30 TDI (3ffa7bff);
STATE IDLE;
RUNTEST 30001E-6 SEC;
SIR 30 TDI (3ffaffff);
SIR 30 TDI (3ffa87ff);
SDR 13 TDI (106b);
SIR 30 TDI (3ffa43ff);
SDR 328 TDI (3fbfffffffbdeef9be6807fffffef4031f00000c7f9e601e06c41188220ccfeff1f87e1f87e1f87e7e);
SIR 30 TDI (3ffa7bff);
STATE IDLE;
RUNTEST 30001E-6 SEC;
SIR 30 TDI (3ffaffff);
SIR 30 TDI (3ffa87ff);
SDR 13 TDI (106d);
SIR 30 TDI (3ffa43ff);
SDR 328 TDI (7fffffffffbfeffbdef807fffbfefc031f00000c7fdfe03e0ec41188020ccfe3f1f87e1b87e1f87e7e);
SIR 30 TDI (3ffa7bff);
STATE IDLE;
RUNTEST 30001E-6 SEC;
SIR 30 TDI (3ffaffff);
SIR 30 TDI (3ffa87ff);
SDR 13 TDI (106f);
SIR 30 TDI (3ffa43ff);
SDR 328 TDI (3fbfffffffbfee79be6807fffffef4031f00000c7fdfe03e0ec41188220ccfeff1f87e1f87e1f87e7e);
SIR 30 TDI (3ffa7bff);
STATE IDLE;
RUNTEST 30001E-6 SEC;
SIR 30 TDI (3ffaffff);
SIR 30 TDI (3ffa87ff);
SDR 13 TDI (1071);
SIR 30 TDI (3ffa43ff);
SDR 328 TDI (7fffffffffbfeffa7ef807fffffefc031f00000c6fdfe03e06c41188220ccfeff1f87e1f87e1e07e7e);
SIR 30 TDI (3ffa7bff);
STATE IDLE;
RUNTEST 30001E-6 SEC;
SIR 30 TDI (3ffaffff);
SIR 30 TDI (3ffa87ff);
SDR 13 TDI (1073);
SIR 30 TDI (3ffa43ff);
SDR 328 TDI (7fffffffffbfeffbfef807fffffefc031f0000047fdbe03e0ec41188220ccfeff1f87e1f87e1f87e7e);
SIR 30 TDI (3ffa7bff);
STATE IDLE;
RUNTEST 30001E-6 SEC;
SIR 30 TDI (3ffaffff);
SIR 30 TDI (3ffa87ff);
SDR 13 TDI (1075);
SIR 30 TDI (3ffa43ff);
SDR 328 TDI (7fffffffffbfeffbfef807fffffefc031f00000c7fdfe03e0ec41188220cceedb1986619866198667e);
SIR 30 TDI (3ffa7bff);
STATE IDLE;
RUNTEST 30001E-6 SEC;
SIR 30 TDI (3ffaffff);
SIR 30 TDI (3ffa87ff);
SDR 13 TDI (1077);
SIR 30 TDI (3ffa43ff);
SDR 328 TDI (3fbfffffffbfeef9be6807fffffeec031f00000c7f9f601e06c41188220ccde7e0f03c0f03c0f03c7e);
SIR 30 TDI (3ffa7bff);
STATE IDLE;
RUNTEST 30001E-6 SEC;
SIR 30 TDI (3ffaffff);
SIR 30 TDI (3ffa87ff);
SDR 13 TDI (1079);
SIR 30 TDI (3ffa43ff);
SDR 328 TDI (7fffffffffbfebfbfef807fffffefc031f00000c7fdfe03e0ec41188220ccd0ff1f87e1f87e1f87e7e);
SIR 30 TDI (3ffa7bff);
STATE IDLE;
RUNTEST 30001E-6 SEC;
SIR 30 TDI (3ffaffff);
SIR 30 TDI (3ffa87ff);
SDR 13 TDI (107b);
SIR 30 TDI (3ffa43ff);
SDR 328 TDI (7fffffffffafeff9fe6807fffffefc031f00000469dfc03e0ec41188220ccfeff1f87e1f87e1f87e7e);
SIR 30 TDI (3ffa7bff);
STATE IDLE;
RUNTEST 30001E-6 SEC;
SIR 30 TDI (3ffaffff);
SIR 30 TDI (3ffa87ff);
SDR 13 TDI (107d);
SIR 30 TDI (3ffa43ff);
SDR 328 TDI (7fffffffffbfeffbdef807fffffefc031f00000c7edfe03e0ec41188220c8feff1f87e1f87e1f87e7e);
SIR 30 TDI (3ffa7bff);
STATE IDLE;
RUNTEST 30001E-6 SEC;
SIR 30 TDI (3ffaffff);
SIR 30 TDI (3ffa87ff);
SDR 13 TDI (107f);
SIR 30 TDI (3ffa43ff);
SDR 328 TDI (3fbfffffffbfeef9be6807fffffeec031f00000c7f9f601e06c41188220ccfeff1f87e1f87e1f87e7e);
SIR 30 TDI (3ffa7bff);
STATE IDLE;
RUNTEST 30001E-6 SEC;
SIR 30 TDI (3ffaffff);
SIR 30 TDI (3ffa87ff);
SDR 13 TDI (1081);
SIR 30 TDI (3ffa43ff);
SDR 328 TDI (7fffffffffbfeffbfef807ffffbabc021e00000c7fdfe03e0ec41188220ccfeff1f87e1f87e0787e7e);
SIR 30 TDI (3ffa7bff);
STATE IDLE;
RUNTEST 30001E-6 SEC;
SIR 30 TDI (3ffaffff);
SIR 30 TDI (3ffa87ff);
SDR 13 TDI (1083);
SIR 30 TDI (3ffa43ff);
SDR 328 TDI (7fffffffffbfeffbfef807fffff674011b00000c7f9f601e06c41188220ccfeff1f87e1f87e1f87e7e);
SIR 30 TDI (3ffa7bff);
STATE IDLE;
RUNTEST 30001E-6 SEC;
SIR 30 TDI (3ffaffff);
SIR 30 TDI (3ffa87ff);
SDR 13 TDI (1085);
SIR 30 TDI (3ffa43ff);
SDR 328 TDI (7fffffffffbfeffbfef807fffffef8031f00000c7fdfe03a0ec41188220ccfeff1f81e1f87e1d87e7e);
SIR 30 TDI (3ffa7bff);
STATE IDLE;
RUNTEST 30001E-6 SEC;
SIR 30 TDI (3ffaffff);
SIR 30 TDI (3ffa87ff);
SDR 13 TDI (1087);
SIR 30 TDI (3ffa43ff);
SDR 328 TDI (7fffffffffbfefbbdef807fffffefc031f00000c7fdfe03e0ec41188220ccfeff1f87e1f87e1f87e7e);
SIR 30 TDI (3ffa7bff);
STATE IDLE;
RUNTEST 30001E-6 SEC;
SIR 30 TDI (3ffaffff);
SIR 30 TDI (3ffa87ff);
SDR 13 TDI (1089);
SIR 30 TDI (3ffa43ff);
SDR 328 TDI (7fffffffffbfeffbfef807ffbffefc031f00000c7fdfe03e0ec41188220ccfeff1f87e1f81e1f87e7e);
SIR 30 TDI (3ffa7bff);
STATE IDLE;
RUNTEST 30001E-6 SEC;
SIR 30 TDI (3ffaffff);
SIR 30 TDI (3ffa87ff);
SDR 13 TDI (108b);
SIR 30 TDI (3ffa43ff);
SDR 328 TDI (7fffffffffbfefdbdef807fffffef4031f00000c69dfc03e0ec41188220ccfeff1f87e1f87e1f87e7e);
SIR 30 TDI (3ffa7bff);
STATE IDLE;
RUNTEST 30001E-6 SEC;
SIR 30 TDI (3ffaffff);
SIR 30 TDI (3ffa87ff);
SDR 13 TDI (108d);
SIR 30 TDI (3ffa43ff);
SDR 328 TDI (3fbfffffffbfeffbfef807fffffefc031f0000087fdfe03e0cc41188220ccfeff1e07e1f87e1f8767e);
SIR 30 TDI (3ffa7bff);
STATE IDLE;
RUNTEST 30001E-6 SEC;
SIR 30 TDI (3ffaffff);
SIR 30 TDI (3ffa87ff);
SDR 13 TDI (108f);
SIR 30 TDI (3ffa43ff);
SDR 328 TDI (6efbddf7bdbfeff9be6807fffffefc031f00000c7fdfe03e0ec41188220ccfeff1f87e1f87e1f87e7e);
SIR 30 TDI (3ffa7bff);
STATE IDLE;
RUNTEST 30001E-6 SEC;
SIR 30 TDI (3ffaffff);
SIR 30 TDI (3ffa87ff);
SDR 13 TDI (1091);
SIR 30 TDI (3ffa43ff);
SDR 328 TDI (7fffffffffbfeffbfef807fffffefc031f00000c3fdfe03e0ac41188220ccfeff1f87e0787e1f87e7e);
SIR 30 TDI (3ffa7bff);
STATE IDLE;
RUNTEST 30001E-6 SEC;
SIR 30 TDI (3ffaffff);
SIR 30 TDI (3ffa87ff);
SDR 13 TDI (1093);
SIR 30 TDI (3ffa43ff);
SDR 328 TDI (3fbfffffffbfeef99e6807fffffefc031f00000c7fc3c03e0ec41188220ccfeff1f87e1f87e1f87e7e);
SIR 30 TDI (3ffa7bff);
STATE IDLE;
RUNTEST 30001E-6 SEC;
SIR 30 TDI (3ffaffff);
SIR 30 TDI (3ffa87ff);
SDR 13 TDI (1095);
SIR 30 TDI (3ffa43ff);
SDR 328 TDI (7fffffffffbfeffbfef807fefffefc031f00000c7fdfe03e0ec41108220ccfeff1f86e1f87e1f87e7e);
SIR 30 TDI (3ffa7bff);
STATE IDLE;
RUNTEST 30001E-6 SEC;
SIR 30 TDI (3ffaffff);
SIR 30 TDI (3ffa87ff);
SDR 13 TDI (1097);
SIR 30 TDI (3ffa43ff);
SDR 328 TDI (7fffffffffbfeffbfef807fffffef4031f00000c7fdfe03e0ec41188220ccfeff1f87e1f87e1f87e7e);
SIR 30 TDI (3ffa7bff);
STATE IDLE;
RUNTEST 30001E-6 SEC;
SIR 30 TDI (3ffaffff);
SIR 30 TDI (3ffa87ff);
SDR 13 TDI (1099);
SIR 30 TDI (3ffa43ff);
SDR 328 TDI (7fffffffffb3edfbfef807fff7fefc031f00000c7fdfe02e0ec41188220ccfeff1f87e1f8781f87e7e);
SIR 30 TDI (3ffa7bff);
STATE IDLE;
RUNTEST 30001E-6 SEC;
SIR 30 TDI (3ffaffff);
SIR 30 TDI (3ffa87ff);
SDR 13 TDI (109b);
SIR 30 TDI (3ffa43ff);
SDR 328 TDI (7fffffffffbfeffbeef807fffffef4031f00000c7fdfe03e0ec41188220ccfeff1f87e1f87e1f87e7e);
SIR 30 TDI (3ffa7bff);
STATE IDLE;
RUNTEST 30001E-6 SEC;
SIR 30 TDI (3ffaffff);
SIR 30 TDI (3ffa87ff);
SDR 13 TDI (109d);
SIR 30 TDI (3ffa43ff);
SDR 328 TDI (7fffffffffbeeffbfef807dffffefc031f00000c7f5fe02e0ac41188220ccfefc1f87e1f87e1b87e7e);
SIR 30 TDI (3ffa7bff);
STATE IDLE;
RUNTEST 30001E-6 SEC;
SIR 30 TDI (3ffaffff);
SIR 30 TDI (3ffa87ff);
SDR 13 TDI (109f);
SIR 30 TDI (3ffa43ff);
SDR 328 TDI (40400000003f6ff9fe6807fffffef4031f00000c7fdfe0360ec411882204cfeff1f87e1f87e1f87e7e);
SIR 30 TDI (3ffa7bff);
STATE IDLE;
RUNTEST 30001E-6 SEC;
SIR 30 TDI (3ffaffff);
SIR 30 TDI (3ffa87ff);
SDR 13 TDI (10a1);
SIR 30 TDI (3ffa43ff);
SDR 328 TDI (7fffffffffbfeffbfef807fbfffefc030400000c7fdfe03e0ec41188220ccfeff1f87e1f87e1f87e7e);
SIR 30 TDI (3ffa7bff);
STATE IDLE;
RUNTEST 30001E-6 SEC;
SIR 30 TDI (3ffaffff);
SIR 30 TDI (3ffa87ff);
SDR 13 TDI (10a3);
SIR 30 TDI (3ffa43ff);
SDR 328 TDI (3fbfffffffbdeef9be6807fffffef4031b00000c7fdfe03e0ec41188220cceec31986619866198667e);
SIR 30 TDI (3ffa7bff);
STATE IDLE;
RUNTEST 30001E-6 SEC;
SIR 30 TDI (3ffaffff);
SIR 30 TDI (3ffa87ff);
SDR 13 TDI (10a5);
SIR 30 TDI (3ffa43ff);
SDR 328 TDI (7fffffffffbfeff3fef807fffffefc031f00000c7fdfe03e0ec41188220ccfeff1f87e1f87e1f87e7e);
SIR 30 TDI (3ffa7bff);
STATE IDLE;
RUNTEST 30001E-6 SEC;
SIR 30 TDI (3ffaffff);
SIR 30 TDI (3ffa87ff);
SDR 13 TDI (10a7);
SIR 30 TDI (3ffa43ff);
SDR 328 TDI (7fffffffffbfeffbfef807fffffeec031f00000c7f9f601e06c41188220ccfeff1f87e1f87e1f87e7e);
SIR 30 TDI (3ffa7bff);
STATE IDLE;
RUNTEST 30001E-6 SEC;
SIR 30 TDI (3ffaffff);
SIR 30 TDI (3ffa87ff);
SDR 13 TDI (10a9);
SIR 30 TDI (3ffa43ff);
SDR 328 TDI (7fffffffffbfeffbfe9807fffdfefc031f00000c7fdfe03e0ec41188220ccfed31986619866198667e);
SIR 30 TDI (3ffa7bff);
STATE IDLE;
RUNTEST 30001E-6 SEC;
SIR 30 TDI (3ffaffff);
SIR 30 TDI (3ffa87ff);
SDR 13 TDI (10ab);
SIR 30 TDI (3ffa43ff);
SDR 328 TDI (7fffffffffbfeffbfef807fffffef4031f00000c7f9e601e06c41188220cceeef1f87e1f87e1f87e7e);
SIR 30 TDI (3ffa7bff);
STATE IDLE;
RUNTEST 30001E-6 SEC;
SIR 30 TDI (3ffaffff);
SIR 30 TDI (3ffa87ff);
SDR 13 TDI (10ad);
SIR 30 TDI (3ffa43ff);
SDR 328 TDI (3fbfffffffbfeff9be6807fffffefc031f00000c7f9f601e06c41188220ccfeff1f87e1f87e1f87e7e);
SIR 30 TDI (3ffa7bff);
STATE IDLE;
RUNTEST 30001E-6 SEC;
SIR 30 TDI (3ffaffff);
SIR 30 TDI (3ffa87ff);
SDR 13 TDI (10af);
SIR 30 TDI (3ffa43ff);
SDR 328 TDI (7fcff7bcff3feffbfef807fffffefc031f00000c7fdfe0360ec41188220ccfed31986619866198667e);
SIR 30 TDI (3ffa7bff);
STATE IDLE;
RUNTEST 30001E-6 SEC;
SIR 30 TDI (3ffaffff);
SIR 30 TDI (3ffa87ff);
SDR 13 TDI (10b1);
SIR 30 TDI (3ffa43ff);
SDR 328 TDI (7fffffffffb3edfbfef807fffffefc031f00000c7fdfe03e0ec41188220ccfeff1f87e1f87e1f87e7e);
SIR 30 TDI (3ffa7bff);
STATE IDLE;
RUNTEST 30001E-6 SEC;
SIR 30 TDI (3ffaffff);
SIR 30 TDI (3ffa87ff);
SDR 13 TDI (10b3);
SIR 30 TDI (3ffa43ff);
SDR 328 TDI (7fffffffffbf6ffbeef807fffffefc031f00000c77dda03e0ec41188220ccfeff1f87e1f87e1f87e7e);
SIR 30 TDI (3ffa7bff);
STATE IDLE;
RUNTEST 30001E-6 SEC;
SIR 30 TDI (3ffaffff);
SIR 30 TDI (3ffa87ff);
SDR 13 TDI (10b5);
SIR 30 TDI (3ffa43ff);
SDR 328 TDI (7fffffffffbfeffbfef807fdfffefc031f00000c7fdfe03e0ec41188220cc7eff1f87e1f87e1f87e7e);
SIR 30 TDI (3ffa7bff);
STATE IDLE;
RUNTEST 30001E-6 SEC;
SIR 30 TDI (3ffaffff);
SIR 30 TDI (3ffa87ff);
SDR 13 TDI (10b7);
SIR 30 TDI (3ffa43ff);
SDR 328 TDI (3fbfffffffbfeef9be6807fffffef4031f00000c7f9f601e06c41188220ccfeff1f87e1f87e1f87e7e);
SIR 30 TDI (3ffa7bff);
STATE IDLE;
RUNTEST 30001E-6 SEC;
SIR 30 TDI (3ffaffff);
SIR 30 TDI (3ffa87ff);
SDR 13 TDI (10b9);
SIR 30 TDI (3ffa43ff);
SDR 328 TDI (7fffffffffbfeffbfef807fffffefc031f00000c7fdfe03e0ec41188220c8f6ff1f87e1f87e1f87e7e);
SIR 30 TDI (3ffa7bff);
STATE IDLE;
RUNTEST 30001E-6 SEC;
SIR 30 TDI (3ffaffff);
SIR 30 TDI (3ffa87ff);
SDR 13 TDI (10bb);
SIR 30 TDI (3ffa43ff);
SDR 328 TDI (7fffffffffbfefebdef807fffffefc031f0000046fdbe03e0ec41188220cceed31986619866198667e);
SIR 30 TDI (3ffa7bff);
STATE IDLE;
RUNTEST 30001E-6 SEC;
SIR 30 TDI (3ffaffff);
SIR 30 TDI (3ffa87ff);
SDR 13 TDI (10bd);
SIR 30 TDI (3ffa43ff);
SDR 328 TDI (7fffffffffbfeffbfef807ffeffefc031f00000c7fdfe03e0ec41088220cceed31986619866198667e);
SIR 30 TDI (3ffa7bff);
STATE IDLE;
RUNTEST 30001E-6 SEC;
SIR 30 TDI (3ffaffff);
SIR 30 TDI (3ffa87ff);
SDR 13 TDI (10bf);
SIR 30 TDI (3ffa43ff);
SDR 328 TDI (7fffffffffbfeffbfef807fffffef4031f00000c7fdfe03e0ec41188220ccfeff1f87e1f87e1f87e7e);
SIR 30 TDI (3ffa7bff);
STATE IDLE;
RUNTEST 30001E-6 SEC;
SIR 30 TDI (3ffaffff);
SIR 30 TDI (3ffa87ff);
SDR 13 TDI (10c1);
SIR 30 TDI (3ffa43ff);
SDR 328 TDI (7fffffffffbfeffbfef807ffdffefc031f00000c7fdfe03c0e040180200c4baff1f87e1f87e1f87e7e);
SIR 30 TDI (3ffa7bff);
STATE IDLE;
RUNTEST 30001E-6 SEC;
SIR 30 TDI (3ffaffff);
SIR 30 TDI (3ffa87ff);
SDR 13 TDI (10c3);
SIR 30 TDI (3ffa43ff);
SDR 328 TDI (7fffffffffbfeffbdef807fffffef4031f00000c7fdfe03e0ec41188220ccfeff1f87e1f87e1f87e7e);
SIR 30 TDI (3ffa7bff);
STATE IDLE;
RUNTEST 30001E-6 SEC;
SIR 30 TDI (3ffaffff);
SIR 30 TDI (3ffa87ff);
SDR 13 TDI (10c5);
SIR 30 TDI (3ffa43ff);
SDR 328 TDI (7fffffffffbfeff9fe6807ffff7efc031f00000c7fdfe03c0e040180200c4feff1f87e1f87e1f87e7e);
SIR 30 TDI (3ffa7bff);
STATE IDLE;
RUNTEST 30001E-6 SEC;
SIR 30 TDI (3ffaffff);
SIR 30 TDI (3ffa87ff);
SDR 13 TDI (10c7);
SIR 30 TDI (3ffa43ff);
SDR 328 TDI (7fffffffffbfeffbfef807fffffef4031f00000c7fdfe03e0ec41188220ccfeff1f87e1f87e1f87e7e);
SIR 30 TDI (3ffa7bff);
STATE IDLE;
RUNTEST 30001E-6 SEC;
SIR 30 TDI (3ffaffff);
SIR 30 TDI (3ffa87ff);
SDR 13 TDI (10c9);
SIR 30 TDI (3ffa43ff);
SDR 328 TDI (7fffffffffbfeffbfef807fffffefc031f00000c7fdfe03e0ec41188220ccfeff1f87e1f87e1f87e7e);
SIR 30 TDI (3ffa7bff);
STATE IDLE;
RUNTEST 30001E-6 SEC;
SIR 30 TDI (3ffaffff);
SIR 30 TDI (3ffa87ff);
SDR 13 TDI (10cb);
SIR 30 TDI (3ffa43ff);
SDR 328 TDI (7fffffffffbfeffbfef00400000edc021d00000c7f9e601e06c41188220cceec31986619866198667e);
SIR 30 TDI (3ffa7bff);
STATE IDLE;
RUNTEST 30001E-6 SEC;
SIR 30 TDI (3ffaffff);
SIR 30 TDI (3ffa87ff);
SDR 13 TDI (10cd);
SIR 30 TDI (3ffa43ff);
SDR 328 TDI (7fffffffffbfeffbfcf80400003efc031f00000c7fdfe03e0ec411882208cfeff1f87e1f87e1f87e7e);
SIR 30 TDI (3ffa7bff);
STATE IDLE;
RUNTEST 30001E-6 SEC;
SIR 30 TDI (3ffaffff);
SIR 30 TDI (3ffa87ff);
SDR 13 TDI (10cf);
SIR 30 TDI (3ffa43ff);
SDR 328 TDI (7fffffffffbfeffbfef807fffffefc031f00000c7fdfe03e0ec41188220ccfeff1f87e1f87e1f87e7e);
SIR 30 TDI (3ffa7bff);
STATE IDLE;
RUNTEST 30001E-6 SEC;
SIR 30 TDI (3ffaffff);
SIR 30 TDI (3ffa87ff);
SDR 13 TDI (10d1);
SIR 30 TDI (3ffa43ff);
SDR 328 TDI (7fffffffffbfeffbfef807fffffefc031f00000c7fdfe01e0ec41188220ccfeff1f87e1e07e1f87e7e);
SIR 30 TDI (3ffa7bff);
STATE IDLE;
RUNTEST 30001E-6 SEC;
SIR 30 TDI (3ffaffff);
SIR 30 TDI (3ffa87ff);
SDR 13 TDI (10d3);
SIR 30 TDI (3ffa43ff);
SDR 328 TDI (7fffffffff8feffbfef807fffffefc031f0000047fdfe03e0ec41188220ccfeff1f87e1f87e1f87e7e);
SIR 30 TDI (3ffa7bff);
STATE IDLE;
RUNTEST 30001E-6 SEC;
SIR 30 TDI (3ffaffff);
SIR 30 TDI (3ffa87ff);
SDR 13 TDI (10d5);
SIR 30 TDI (3ffa43ff);
SDR 328 TDI (7fffffffffbecffbfaf807fffefefc031f00000c7fdfe03e0ec01188220ccfeff1f87e1f87e1f87e7e);
SIR 30 TDI (3ffa7bff);
STATE IDLE;
RUNTEST 30001E-6 SEC;
SIR 30 TDI (3ffaffff);
SIR 30 TDI (3ffa87ff);
SDR 13 TDI (10d7);
SIR 30 TDI (3ffa43ff);
SDR 328 TDI (7fffffffffbfeffbfef807fffffef4031f00000c7fdfe03e0ec41188220ccfeff1f87e1f87e1f87e7e);
SIR 30 TDI (3ffa7bff);
STATE IDLE;
RUNTEST 30001E-6 SEC;
SIR 30 TDI (3ffaffff);
STATE IDLE;
SIR 30 TDI (3ffa87ff);
SDR 13 TDI (1101);
SIR 30 TDI (3ffa43ff);
SDR 328 TDI (7fefe0f03c0c03e0000fffffe3e07c0f8001c0701b1304646927044450cc87e0003fff9ffff800007e);
SIR 30 TDI (3ffa7bff);
STATE IDLE;
RUNTEST 30001E-6 SEC;
SIR 30 TDI (3ffaffff);
SIR 30 TDI (3ffa87ff);
SDR 13 TDI (1103);
SIR 30 TDI (3ffa43ff);
SDR 328 TDI (7fefe0f03c0c03e0000fffffe2e05c0f8001c0507fff07fdff3fe7c7f1ff87e0003fff9ffff800007e);
SIR 30 TDI (3ffa7bff);
STATE IDLE;
RUNTEST 30001E-6 SEC;
SIR 30 TDI (3ffaffff);
SIR 30 TDI (3ffa87ff);
SDR 13 TDI (1105);
SIR 30 TDI (3ffa43ff);
SDR 328 TDI (7fefe0f03c0c03e0000fffffe3e07c0f8001c0707fff07fdff3fe7c7f1ff87e0003fff9ffff800007e);
SIR 30 TDI (3ffa7bff);
STATE IDLE;
RUNTEST 30001E-6 SEC;
SIR 30 TDI (3ffaffff);
SIR 30 TDI (3ffa87ff);
SDR 13 TDI (1107);
SIR 30 TDI (3ffa43ff);
SDR 328 TDI (7fefe0f03c0c03e0000fffffe3e07c0f8001c0707fff07fdff3fe7c7f1ff87e0003fff9ffff800007e);
SIR 30 TDI (3ffa7bff);
STATE IDLE;
RUNTEST 30001E-6 SEC;
SIR 30 TDI (3ffaffff);
SIR 30 TDI (3ffa87ff);
SDR 13 TDI (1109);
SIR 30 TDI (3ffa43ff);
SDR 328 TDI (7fefe0f03c0c03e0000fffffe3e07c0f8001c0707fff07fdff3fe7c7f1ff87e0003fff9ffff800007e);
SIR 30 TDI (3ffa7bff);
STATE IDLE;
RUNTEST 30001E-6 SEC;
SIR 30 TDI (3ffaffff);
SIR 30 TDI (3ffa87ff);
SDR 13 TDI (110b);
SIR 30 TDI (3ffa43ff);
SDR 328 TDI (7fefe0f03c0c03e0000fffffe3e07c0f8001c0707fff07fdff3fe7c7f1ff87e0003fff9ffff800007e);
SIR 30 TDI (3ffa7bff);
STATE IDLE;
RUNTEST 30001E-6 SEC;
SIR 30 TDI (3ffaffff);
SIR 30 TDI (3ffa87ff);
SDR 13 TDI (110d);
SIR 30 TDI (3ffa43ff);
SDR 328 TDI (7fefe0f03c0c03e0000fffffe3e07c0f8001c0707fff07fdff3fe7c7f1ff87e0003fff9ffff800007e);
SIR 30 TDI (3ffa7bff);
STATE IDLE;
RUNTEST 30001E-6 SEC;
SIR 30 TDI (3ffaffff);
SIR 30 TDI (3ffa87ff);
SDR 13 TDI (110f);
SIR 30 TDI (3ffa43ff);
SDR 328 TDI (7fefe0f03c0c03e0000fffffe3e07c0f8001c0707fff07edff3fe747f1ff8760003fbf9fffb800007e);
SIR 30 TDI (3ffa7bff);
STATE IDLE;
RUNTEST 30001E-6 SEC;
SIR 30 TDI (3ffaffff);
SIR 30 TDI (3ffa87ff);
SDR 13 TDI (1111);
SIR 30 TDI (3ffa43ff);
SDR 328 TDI (7fefe0f03c0c03e0000fffffe3e07c0f8001c0707ffb077dfb3fe7c7d1ff87e0002ffd9ffff800007e);
SIR 30 TDI (3ffa7bff);
STATE IDLE;
RUNTEST 30001E-6 SEC;
SIR 30 TDI (3ffaffff);
SIR 30 TDI (3ffa87ff);
SDR 13 TDI (1113);
SIR 30 TDI (3ffa43ff);
SDR 328 TDI (7fefe0f03c0c03e0000fffffe3e07c0f8001c0707fff07fdff3fe7c7f1ff862000233c8f068800007e);
SIR 30 TDI (3ffa7bff);
STATE IDLE;
RUNTEST 30001E-6 SEC;
SIR 30 TDI (3ffaffff);
SIR 30 TDI (3ffa87ff);
SDR 13 TDI (1115);
SIR 30 TDI (3ffa43ff);
SDR 328 TDI (7fefe0f03c0c03e0000fffffe3e07c0f8001c0707fff07fdff37e7c771fd87e0003fff9ffff800007e);
SIR 30 TDI (3ffa7bff);
STATE IDLE;
RUNTEST 30001E-6 SEC;
SIR 30 TDI (3ffaffff);
SIR 30 TDI (3ffa87ff);
SDR 13 TDI (1117);
SIR 30 TDI (3ffa43ff);
SDR 328 TDI (7fefe0f03c0c03e0000fffffa3e07c0f8001c0707fff07fdff3fe7c7f1ff87e0003fff9ffff800007e);
SIR 30 TDI (3ffa7bff);
STATE IDLE;
RUNTEST 30001E-6 SEC;
SIR 30 TDI (3ffaffff);
SIR 30 TDI (3ffa87ff);
SDR 13 TDI (1119);
SIR 30 TDI (3ffa43ff);
SDR 328 TDI (7fefc0f03c0c03e0000fffffa3e07c0f8001c0707fff07fdff3fe7c7f1ff87e0003fff9ffff800007e);
SIR 30 TDI (3ffa7bff);
STATE IDLE;
RUNTEST 30001E-6 SEC;
SIR 30 TDI (3ffaffff);
SIR 30 TDI (3ffa87ff);
SDR 13 TDI (111b);
SIR 30 TDI (3ffa43ff);
SDR 328 TDI (7fefe0f03c0c01e0000ffbf3e340680b0001c0606ad505bdaf3ec6c5b17a87e0003fff9ffff800007e);
SIR 30 TDI (3ffa7bff);
STATE IDLE;
RUNTEST 30001E-6 SEC;
SIR 30 TDI (3ffaffff);
SIR 30 TDI (3ffa87ff);
SDR 13 TDI (111d);
SIR 30 TDI (3ffa43ff);
SDR 328 TDI (7fefe0f03c0c03c0000fffffe3e07c0f8001c0707fff07fdff3fe7c7f1ff87e0003fff9ffff800007e);
SIR 30 TDI (3ffa7bff);
STATE IDLE;
RUNTEST 30001E-6 SEC;
SIR 30 TDI (3ffaffff);
SIR 30 TDI (3ffa87ff);
SDR 13 TDI (111f);
SIR 30 TDI (3ffa43ff);
SDR 328 TDI (7fefe0f03c0c03e0000fffffe3e07c0f8001c0707fff07fdff3fe7c7f1ff85e0001b5a9eda6800007e);
SIR 30 TDI (3ffa7bff);
STATE IDLE;
RUNTEST 30001E-6 SEC;
SIR 30 TDI (3ffaffff);
SIR 30 TDI (3ffa87ff);
SDR 13 TDI (1121);
SIR 30 TDI (3ffa43ff);
SDR 328 TDI (7fefe0f03c0c03e0000ffceee3e07c0f8001c0707fff07fc5f27e7c7f1ff87e0003fff9ffff800007e);
SIR 30 TDI (3ffa7bff);
STATE IDLE;
RUNTEST 30001E-6 SEC;
SIR 30 TDI (3ffaffff);
SIR 30 TDI (3ffa87ff);
SDR 13 TDI (1123);
SIR 30 TDI (3ffa43ff);
SDR 328 TDI (7befe0f03c0c03e0000fffffe3e07c0f8001c0707bd705fde73be7c7f1ff87e0003b7693dee800007e);
SIR 30 TDI (3ffa7bff);
STATE IDLE;
RUNTEST 30001E-6 SEC;
SIR 30 TDI (3ffaffff);
SIR 30 TDI (3ffa87ff);
SDR 13 TDI (1125);
SIR 30 TDI (3ffa43ff);
SDR 328 TDI (7fe7e0f03c0c03e0000fce3fe3406809800140707fff07fdff3fe7c7f17f87e0003fff9ffff800007e);
SIR 30 TDI (3ffa7bff);
STATE IDLE;
RUNTEST 30001E-6 SEC;
SIR 30 TDI (3ffaffff);
SIR 30 TDI (3ffa87ff);
SDR 13 TDI (1127);
SIR 30 TDI (3ffa43ff);
SDR 328 TDI (7fede0f03c0c03e0000ff7ede1e03407800180707fff07fdff3fe7c7f1ff87e0003fff9ffff800007e);
SIR 30 TDI (3ffa7bff);
STATE IDLE;
RUNTEST 30001E-6 SEC;
SIR 30 TDI (3ffaffff);
SIR 30 TDI (3ffa87ff);
SDR 13 TDI (1129);
SIR 30 TDI (3ffa43ff);
SDR 328 TDI (7fefe0f03c0c03e0000fffffe3607c0f8001c0707fff07bdff3fe7c7f1ff87e0003fff87fff800007e);
SIR 30 TDI (3ffa7bff);
STATE IDLE;
RUNTEST 30001E-6 SEC;
SIR 30 TDI (3ffaffff);
SIR 30 TDI (3ffa87ff);
SDR 13 TDI (112b);
SIR 30 TDI (3ffa43ff);
SDR 328 TDI (7fe5e0f03c0c03e0000fffffe3e07c0f8001c0707fff07fdff3fe7c7f1ff83c0003cff1dfdf000007e);
SIR 30 TDI (3ffa7bff);
STATE IDLE;
RUNTEST 30001E-6 SEC;
SIR 30 TDI (3ffaffff);
SIR 30 TDI (3ffa87ff);
SDR 13 TDI (112d);
SIR 30 TDI (3ffa43ff);
SDR 328 TDI (7fefe0f03c0c03e0000fffffe3e0740f8001c0707fff07fdff3fe7c7f1df87e0003fff9ffff800007e);
SIR 30 TDI (3ffa7bff);
STATE IDLE;
RUNTEST 30001E-6 SEC;
SIR 30 TDI (3ffaffff);
SIR 30 TDI (3ffa87ff);
SDR 13 TDI (112f);
SIR 30 TDI (3ffa43ff);
SDR 328 TDI (7c6e60003c0c03e0000fffffe3e07c0f8001c0707bd705dde73bc6c5f1fe87e0003b7693dee800007e);
SIR 30 TDI (3ffa7bff);
STATE IDLE;
RUNTEST 30001E-6 SEC;
SIR 30 TDI (3ffaffff);
SIR 30 TDI (3ffa87ff);
SDR 13 TDI (1131);
SIR 30 TDI (3ffa43ff);
SDR 328 TDI (7fefe0f03c0c03e0000fff3fe3406c0b8001c0607fff07fdff3fe7c7f1ff87e0003fdf9ffff800007e);
SIR 30 TDI (3ffa7bff);
STATE IDLE;
RUNTEST 30001E-6 SEC;
SIR 30 TDI (3ffaffff);
SIR 30 TDI (3ffa87ff);
SDR 13 TDI (1133);
SIR 30 TDI (3ffa43ff);
SDR 328 TDI (7fefe0f03c0c03e0000ffff7e3e07c0f8001c0707fff07fdff3fe7c7f1ff87e0003fff9ffff800007e);
SIR 30 TDI (3ffa7bff);
STATE IDLE;
RUNTEST 30001E-6 SEC;
SIR 30 TDI (3ffaffff);
SIR 30 TDI (3ffa87ff);
SDR 13 TDI (1135);
SIR 30 TDI (3ffa43ff);
SDR 328 TDI (7c6fa0003c0c03e0000fffffe3e07c0f8001c0707fff07fdff2d27c7f1ff87e0003fff9ffff800007e);
SIR 30 TDI (3ffa7bff);
STATE IDLE;
RUNTEST 30001E-6 SEC;
SIR 30 TDI (3ffaffff);
SIR 30 TDI (3ffa87ff);
SDR 13 TDI (1137);
SIR 30 TDI (3ffa43ff);
SDR 328 TDI (7fcee0f03c0c03e0000fffffe3a07c0f8001c0707bd705fde73bc7c7f1ff87e0003fff8ffff800007e);
SIR 30 TDI (3ffa7bff);
STATE IDLE;
RUNTEST 30001E-6 SEC;
SIR 30 TDI (3ffaffff);
SIR 30 TDI (3ffa87ff);
SDR 13 TDI (1139);
SIR 30 TDI (3ffa43ff);
SDR 328 TDI (7fefe0f03c0c03e0000fffffe3e07c078001c0707fff07fdff3fe7c7f1ff87e0003fff9ffff800007e);
SIR 30 TDI (3ffa7bff);
STATE IDLE;
RUNTEST 30001E-6 SEC;
SIR 30 TDI (3ffaffff);
SIR 30 TDI (3ffa87ff);
SDR 13 TDI (113b);
SIR 30 TDI (3ffa43ff);
SDR 328 TDI (7fefe0f03c0c03e0000fffffe3e07c0f8001c0707fff07fdff3fe7c7f1ff87e0003fff9ffff800007e);
SIR 30 TDI (3ffa7bff);
STATE IDLE;
RUNTEST 30001E-6 SEC;
SIR 30 TDI (3ffaffff);
SIR 30 TDI (3ffa87ff);
SDR 13 TDI (113d);
SIR 30 TDI (3ffa43ff);
SDR 328 TDI (7fefe0f0380403e0000fff7fe3e07c0f8001c07017ff07fdf93fe7c7f1ff8600003fff9ffff800007e);
SIR 30 TDI (3ffa7bff);
STATE IDLE;
RUNTEST 30001E-6 SEC;
SIR 30 TDI (3ffaffff);
SIR 30 TDI (3ffa87ff);
SDR 13 TDI (113f);
SIR 30 TDI (3ffa43ff);
SDR 328 TDI (7fefe0f03c0c03e0000ffffbe3c07c0f8001c0707bff07fdff3be7c7f1ff87e0003fff97fff800007e);
SIR 30 TDI (3ffa7bff);
STATE IDLE;
RUNTEST 30001E-6 SEC;
SIR 30 TDI (3ffaffff);
SIR 30 TDI (3ffa87ff);
SDR 13 TDI (1141);
SIR 30 TDI (3ffa43ff);
SDR 328 TDI (7fefe0f03c0c03e0000fffffe3e07c0f8001c0707fff07fdff3fe7c7f1ef87e0003fff9ffff800007e);
SIR 30 TDI (3ffa7bff);
STATE IDLE;
RUNTEST 30001E-6 SEC;
SIR 30 TDI (3ffaffff);
SIR 30 TDI (3ffa87ff);
SDR 13 TDI (1143);
SIR 30 TDI (3ffa43ff);
SDR 328 TDI (7fefe0f03c0c03e0000fffffe3a07c0f8001c0707bd705dde73bc6c5f1fe87e0003b7693dee800007e);
SIR 30 TDI (3ffa7bff);
STATE IDLE;
RUNTEST 30001E-6 SEC;
SIR 30 TDI (3ffaffff);
SIR 30 TDI (3ffa87ff);
SDR 13 TDI (1145);
SIR 30 TDI (3ffa43ff);
SDR 328 TDI (7defe0f03c0c03e0000fffffe3e07c0f8001c0307fff07fdff3fe7c7f1ff87e0003fff9ffff800007e);
SIR 30 TDI (3ffa7bff);
STATE IDLE;
RUNTEST 30001E-6 SEC;
SIR 30 TDI (3ffaffff);
SIR 30 TDI (3ffa87ff);
SDR 13 TDI (1147);
SIR 30 TDI (3ffa43ff);
SDR 328 TDI (7e4ee0003c0c03e0000fffffe3e07c0f8001c0706efd07bdbf3ee7c7b17385e0001fcb9efb7800007e);
SIR 30 TDI (3ffa7bff);
STATE IDLE;
RUNTEST 30001E-6 SEC;
SIR 30 TDI (3ffaffff);
SIR 30 TDI (3ffa87ff);
SDR 13 TDI (1149);
SIR 30 TDI (3ffa43ff);
SDR 328 TDI (7e6fe0f03c0c03e0000ffdffe3e07c0f0001c0707fff07fdff3fe787f1ff87e0003ffb9ffff800007e);
SIR 30 TDI (3ffa7bff);
STATE IDLE;
RUNTEST 30001E-6 SEC;
SIR 30 TDI (3ffaffff);
SIR 30 TDI (3ffa87ff);
SDR 13 TDI (114b);
SIR 30 TDI (3ffa43ff);
SDR 328 TDI (7fcfe0303c0c03e0000fa7f1e3e07c0f800100707fff07fdff3fe7c7f1ff87e0003fff9ffff800007e);
SIR 30 TDI (3ffa7bff);
STATE IDLE;
RUNTEST 30001E-6 SEC;
SIR 30 TDI (3ffaffff);
SIR 30 TDI (3ffa87ff);
SDR 13 TDI (114d);
SIR 30 TDI (3ffa43ff);
SDR 328 TDI (7eefe0902c0c03e00007ffffe3e07c0f8001c0707fff07fdff3fe7c7b1ff87e0003fff97fff800007e);
SIR 30 TDI (3ffa7bff);
STATE IDLE;
RUNTEST 30001E-6 SEC;
SIR 30 TDI (3ffaffff);
SIR 30 TDI (3ffa87ff);
SDR 13 TDI (114f);
SIR 30 TDI (3ffa43ff);
SDR 328 TDI (6f4fe0601c0c03e0000bffffe3a07c0f8001c0707fff07fdff3fe7c7f1ff87e0003fff9ffff800007e);
SIR 30 TDI (3ffa7bff);
STATE IDLE;
RUNTEST 30001E-6 SEC;
SIR 30 TDI (3ffaffff);
SIR 30 TDI (3ffa87ff);
SDR 13 TDI (1151);
SIR 30 TDI (3ffa43ff);
SDR 328 TDI (7fefe0f03c0c03e0000fffffe3e0780f8001c0707d3f07fdfd3fe7c7d1ff87e0003fff9efff800007e);
SIR 30 TDI (3ffa7bff);
STATE IDLE;
RUNTEST 30001E-6 SEC;
SIR 30 TDI (3ffaffff);
SIR 30 TDI (3ffa87ff);
SDR 13 TDI (1153);
SIR 30 TDI (3ffa43ff);
SDR 328 TDI (7fefe0f03c0c03e0000fffffe3e07c0f8001c0707bdf07fdff3be7c7f1ff87e0003fff9ffff800007e);
SIR 30 TDI (3ffa7bff);
STATE IDLE;
RUNTEST 30001E-6 SEC;
SIR 30 TDI (3ffaffff);
SIR 30 TDI (3ffa87ff);
SDR 13 TDI (1155);
SIR 30 TDI (3ffa43ff);
SDR 328 TDI (7f6fe0601c0c03e00007ffffe3e07c0f8001c0703f6b06fdff3fe7c7f1ff87e00025ff9fb7f800007e);
SIR 30 TDI (3ffa7bff);
STATE IDLE;
RUNTEST 30001E-6 SEC;
SIR 30 TDI (3ffaffff);
SIR 30 TDI (3ffa87ff);
SDR 13 TDI (1157);
SIR 30 TDI (3ffa43ff);
SDR 328 TDI (7ecfe0902c0c03e0000bffff63e07c0f8001c0707bd705fdff3be7c7f1ff87e0003b7f93dee800007e);
SIR 30 TDI (3ffa7bff);
STATE IDLE;
RUNTEST 30001E-6 SEC;
SIR 30 TDI (3ffaffff);
SIR 30 TDI (3ffa87ff);
SDR 13 TDI (1159);
SIR 30 TDI (3ffa43ff);
SDR 328 TDI (77efe0f03c0c03e0000fffffc3e07c0f8001c0707fff07fdff3fe7c7f0ff87e0003fff9ffff800007e);
SIR 30 TDI (3ffa7bff);
STATE IDLE;
RUNTEST 30001E-6 SEC;
SIR 30 TDI (3ffaffff);
SIR 30 TDI (3ffa87ff);
SDR 13 TDI (115b);
SIR 30 TDI (3ffa43ff);
SDR 328 TDI (7fefe0f03c0c03e0000fffffe3e07c0f8001c0707bd705dde73bc6c5f1fe87e0003b7693dee800007e);
SIR 30 TDI (3ffa7bff);
STATE IDLE;
RUNTEST 30001E-6 SEC;
SIR 30 TDI (3ffaffff);
SIR 30 TDI (3ffa87ff);
SDR 13 TDI (115d);
SIR 30 TDI (3ffa43ff);
SDR 328 TDI (7fefe0f03c0c03e0000fffffe3e01c0f8001c0707fff07fdff3fe5c7f1ff87e0003fff9ffff800007e);
SIR 30 TDI (3ffa7bff);
STATE IDLE;
RUNTEST 30001E-6 SEC;
SIR 30 TDI (3ffaffff);
SIR 30 TDI (3ffa87ff);
SDR 13 TDI (115f);
SIR 30 TDI (3ffa43ff);
SDR 328 TDI (7c4e60003c0c03e0000fffffe3e07c0f8001c0707bd705dde73bc6c5f1fe87e0003b7693dee800007e);
SIR 30 TDI (3ffa7bff);
STATE IDLE;
RUNTEST 30001E-6 SEC;
SIR 30 TDI (3ffaffff);
SIR 30 TDI (3ffa87ff);
SDR 13 TDI (1161);
SIR 30 TDI (3ffa43ff);
SDR 328 TDI (7fefe0f03c0c03e0000fffffe3e07c0f8001c0707eff07fdff3fe7c7f1ff87e0003fff9ffff800007e);
SIR 30 TDI (3ffa7bff);
STATE IDLE;
RUNTEST 30001E-6 SEC;
SIR 30 TDI (3ffaffff);
SIR 30 TDI (3ffa87ff);
SDR 13 TDI (1163);
SIR 30 TDI (3ffa43ff);
SDR 328 TDI (7e4fe0303c0c03e0000fffffe3606c0b8001c0607fff07fdff3fe7c7f1ff87e0003b7693dee800007e);
SIR 30 TDI (3ffa7bff);
STATE IDLE;
RUNTEST 30001E-6 SEC;
SIR 30 TDI (3ffaffff);
SIR 30 TDI (3ffa87ff);
SDR 13 TDI (1165);
SIR 30 TDI (3ffa43ff);
SDR 328 TDI (7e6fe0000c0c03e0000ff7ffe3e07c0e8001c0707fff07fdff3fe7c7f1ff87e0003fff9ffff800007e);
SIR 30 TDI (3ffa7bff);
STATE IDLE;
RUNTEST 30001E-6 SEC;
SIR 30 TDI (3ffaffff);
SIR 30 TDI (3ffa87ff);
SDR 13 TDI (1167);
SIR 30 TDI (3ffa43ff);
SDR 328 TDI (7fefe0f03c0c03e0000effffe3e07c0f8001c0706efd07bdbf3ee7c7b17385e0001fcb9efb7800007e);
SIR 30 TDI (3ffa7bff);
STATE IDLE;
RUNTEST 30001E-6 SEC;
SIR 30 TDI (3ffaffff);
SIR 30 TDI (3ffa87ff);
SDR 13 TDI (1169);
SIR 30 TDI (3ffa43ff);
SDR 328 TDI (7fefe0f03c0c03e0000fffffe3e07c0f8001c0707fff07fd7f3fa7c271ff87e0001fff9ffff800007e);
SIR 30 TDI (3ffa7bff);
STATE IDLE;
RUNTEST 30001E-6 SEC;
SIR 30 TDI (3ffaffff);
SIR 30 TDI (3ffa87ff);
SDR 13 TDI (116b);
SIR 30 TDI (3ffa43ff);
SDR 328 TDI (7fefe0f03c0c03e0000fffffe3a07c0f8001c0707bd705fde73bc7c5f1ff87e0003fff9ffff800007e);
SIR 30 TDI (3ffa7bff);
STATE IDLE;
RUNTEST 30001E-6 SEC;
SIR 30 TDI (3ffaffff);
SIR 30 TDI (3ffa87ff);
SDR 13 TDI (116d);
SIR 30 TDI (3ffa43ff);
SDR 328 TDI (7fe9e0f03c0c03e0000fffffa3e07c0f8001c0707fff07fdff3fe7c7f1ff87e0003fff9ffff800007e);
SIR 30 TDI (3ffa7bff);
STATE IDLE;
RUNTEST 30001E-6 SEC;
SIR 30 TDI (3ffaffff);
SIR 30 TDI (3ffa87ff);
SDR 13 TDI (116f);
SIR 30 TDI (3ffa43ff);
SDR 328 TDI (7fefe0f03c0c03e0000fffffe3e07c0f8001c0706efd07bdbf3ee7c7b17385e0001fcb9efb7800007e);
SIR 30 TDI (3ffa7bff);
STATE IDLE;
RUNTEST 30001E-6 SEC;
SIR 30 TDI (3ffaffff);
SIR 30 TDI (3ffa87ff);
SDR 13 TDI (1171);
SIR 30 TDI (3ffa43ff);
SDR 328 TDI (7fefe0f03c0c03e0000fffffe3e07c0f8001c0707fff07f9ff3fe7c7f1ff87e0003fff9ffff800007e);
SIR 30 TDI (3ffa7bff);
STATE IDLE;
RUNTEST 30001E-6 SEC;
SIR 30 TDI (3ffaffff);
SIR 30 TDI (3ffa87ff);
SDR 13 TDI (1173);
SIR 30 TDI (3ffa43ff);
SDR 328 TDI (7e4fe0303c0c03e0000fffffe3606c0b8001c0607fff07fdff3fe7c7f1ff87e0003b7693dee800007e);
SIR 30 TDI (3ffa7bff);
STATE IDLE;
RUNTEST 30001E-6 SEC;
SIR 30 TDI (3ffaffff);
SIR 30 TDI (3ffa87ff);
SDR 13 TDI (1175);
SIR 30 TDI (3ffa43ff);
SDR 328 TDI (7fefe0f03c0c03e0000fffffe3e07c0f800140707fff07fdff3ee7c7f1ff87e0003fff9ffff800007e);
SIR 30 TDI (3ffa7bff);
STATE IDLE;
RUNTEST 30001E-6 SEC;
SIR 30 TDI (3ffaffff);
SIR 30 TDI (3ffa87ff);
SDR 13 TDI (1177);
SIR 30 TDI (3ffa43ff);
SDR 328 TDI (7c6e60003c0c03e0000fffffe3e07c0f8000c0707fff07fdff3fe7c7f1ff87e0003b7693dee800007e);
SIR 30 TDI (3ffa7bff);
STATE IDLE;
RUNTEST 30001E-6 SEC;
SIR 30 TDI (3ffaffff);
SIR 30 TDI (3ffa87ff);
SDR 13 TDI (1179);
SIR 30 TDI (3ffa43ff);
SDR 328 TDI (3fefe0f03c0c03e0000f6fffe3e07c0d8001c0706fff07fdff3fe7c7f1ff87e0003fff8ffff800007e);
SIR 30 TDI (3ffa7bff);
STATE IDLE;
RUNTEST 30001E-6 SEC;
SIR 30 TDI (3ffaffff);
SIR 30 TDI (3ffa87ff);
SDR 13 TDI (117b);
SIR 30 TDI (3ffa43ff);
SDR 328 TDI (7e4fe0000c0c03e0000fdfffe3e07c0f8001c0707fff07fdff3fe7c7f1ff87e0003fff9ffff800007e);
SIR 30 TDI (3ffa7bff);
STATE IDLE;
RUNTEST 30001E-6 SEC;
SIR 30 TDI (3ffaffff);
SIR 30 TDI (3ffa87ff);
SDR 13 TDI (117d);
SIR 30 TDI (3ffa43ff);
SDR 328 TDI (7fe7e0f03c0c03e0000fffffe3e07c0f8001c0707fff07fdbf3fe7c7f1ff87e0003fff9ffff800007e);
SIR 30 TDI (3ffa7bff);
STATE IDLE;
RUNTEST 30001E-6 SEC;
SIR 30 TDI (3ffaffff);
SIR 30 TDI (3ffa87ff);
SDR 13 TDI (117f);
SIR 30 TDI (3ffa43ff);
SDR 328 TDI (7febe0f03c0c03e0000fffff63e07c0f8001c0707fff07fdff3fe7c7f1ff87e0003b7693dee800007e);
SIR 30 TDI (3ffa7bff);
STATE IDLE;
RUNTEST 30001E-6 SEC;
SIR 30 TDI (3ffaffff);
SIR 30 TDI (3ffa87ff);
SDR 13 TDI (1181);
SIR 30 TDI (3ffa43ff);
SDR 328 TDI (77efe0f03c0c03e0000fffffe3e07c0f8001c0507fff07fdff3fe7c7f1ff87e0003fff9ffff800007e);
SIR 30 TDI (3ffa7bff);
STATE IDLE;
RUNTEST 30001E-6 SEC;
SIR 30 TDI (3ffaffff);
SIR 30 TDI (3ffa87ff);
SDR 13 TDI (1183);
SIR 30 TDI (3ffa43ff);
SDR 328 TDI (7fefe0f03c0c03e0000fffffe3e07c0f8001c0707fff07fdff3fe7c7f1ff87e0003fff9ffff800007e);
SIR 30 TDI (3ffa7bff);
STATE IDLE;
RUNTEST 30001E-6 SEC;
SIR 30 TDI (3ffaffff);
SIR 30 TDI (3ffa87ff);
SDR 13 TDI (1185);
SIR 30 TDI (3ffa43ff);
SDR 328 TDI (7fee60f03c0c03e0000fffbfe3e0780f8001c0707fff07e5ff3fe7c7f1ff87e0003fff9ffff800007e);
SIR 30 TDI (3ffa7bff);
STATE IDLE;
RUNTEST 30001E-6 SEC;
SIR 30 TDI (3ffaffff);
SIR 30 TDI (3ffa87ff);
SDR 13 TDI (1187);
SIR 30 TDI (3ffa43ff);
SDR 328 TDI (7fefe0f03c0c0360000ffffbe3406c0b8001c0607fff07fdff3fe7c7f1ff87e0003b7693dee800007e);
SIR 30 TDI (3ffa7bff);
STATE IDLE;
RUNTEST 30001E-6 SEC;
SIR 30 TDI (3ffaffff);
SIR 30 TDI (3ffa87ff);
SDR 13 TDI (1189);
SIR 30 TDI (3ffa43ff);
SDR 328 TDI (7fefe0f03c0c03e0000fffffe3e07c0f8001c0707fff07fcff3f67c6f1fd06e0003fff9fff9000007e);
SIR 30 TDI (3ffa7bff);
STATE IDLE;
RUNTEST 30001E-6 SEC;
SIR 30 TDI (3ffaffff);
SIR 30 TDI (3ffa87ff);
SDR 13 TDI (118b);
SIR 30 TDI (3ffa43ff);
SDR 328 TDI (7fefe0f03c0c03e0000fffffe3a07c0f8001c0707bd705fde73bc7c5f1fe87e0003fff97ffe800007e);
SIR 30 TDI (3ffa7bff);
STATE IDLE;
RUNTEST 30001E-6 SEC;
SIR 30 TDI (3ffaffff);
SIR 30 TDI (3ffa87ff);
SDR 13 TDI (118d);
SIR 30 TDI (3ffa43ff);
SDR 328 TDI (7fcfe0f03c0c03e0000fffffe3e07c0f8001c0707fff07fdff3fe7c7f1ff87e0003fff9fe5f800007e);
SIR 30 TDI (3ffa7bff);
STATE IDLE;
RUNTEST 30001E-6 SEC;
SIR 30 TDI (3ffaffff);
SIR 30 TDI (3ffa87ff);
SDR 13 TDI (118f);
SIR 30 TDI (3ffa43ff);
SDR 328 TDI (5fefe0f03c0c03e0000fffff63e07c0f8001c0706efd07bdbf3ee7c7b17387e0003f7f93fee800007e);
SIR 30 TDI (3ffa7bff);
STATE IDLE;
RUNTEST 30001E-6 SEC;
SIR 30 TDI (3ffaffff);
SIR 30 TDI (3ffa87ff);
SDR 13 TDI (1191);
SIR 30 TDI (3ffa43ff);
SDR 328 TDI (7fefe0f03c0803e0000fffffe3606c0b8001c0607fff07f5ff3fe747f1ff87e0003fff9d3ff800007e);
SIR 30 TDI (3ffa7bff);
STATE IDLE;
RUNTEST 30001E-6 SEC;
SIR 30 TDI (3ffaffff);
SIR 30 TDI (3ffa87ff);
SDR 13 TDI (1193);
SIR 30 TDI (3ffa43ff);
SDR 328 TDI (7c6f6000340c03e0000fffffe3e07c0f8001c0707fff07fdff3fe7c7f1ff87e0003f7f93dee800007e);
SIR 30 TDI (3ffa7bff);
STATE IDLE;
RUNTEST 30001E-6 SEC;
SIR 30 TDI (3ffaffff);
SIR 30 TDI (3ffa87ff);
SDR 13 TDI (1195);
SIR 30 TDI (3ffa43ff);
SDR 328 TDI (7fcfe0f03c0c03e0000fffffe3e07c0f8001c0707ffd07fdff3fe7c7f1ff87e0003fff9fff7800007e);
SIR 30 TDI (3ffa7bff);
STATE IDLE;
RUNTEST 30001E-6 SEC;
SIR 30 TDI (3ffaffff);
SIR 30 TDI (3ffa87ff);
SDR 13 TDI (1197);
SIR 30 TDI (3ffa43ff);
SDR 328 TDI (7c6e60003c0c03e0000fff3fe3e07c0f8001c0707fff07fdff3fe7c7f1ff87e0003fff9ffff800007e);
SIR 30 TDI (3ffa7bff);
STATE IDLE;
RUNTEST 30001E-6 SEC;
SIR 30 TDI (3ffaffff);
SIR 30 TDI (3ffa87ff);
SDR 13 TDI (1199);
SIR 30 TDI (3ffa43ff);
SDR 328 TDI (7fefe0f03c0c03e0000ffceee3c07c0f8001c0707fff07fdff3fe7c7f1ff87e0003fff9ffff800007e);
SIR 30 TDI (3ffa7bff);
STATE IDLE;
RUNTEST 30001E-6 SEC;
SIR 30 TDI (3ffaffff);
SIR 30 TDI (3ffa87ff);
SDR 13 TDI (119b);
SIR 30 TDI (3ffa43ff);
SDR 328 TDI (7fefe0f03c0c03e0000fffffe3e07c0f8001c07075ee03fddf3de7c3f1bf07e0003b7693dee800007e);
SIR 30 TDI (3ffa7bff);
STATE IDLE;
RUNTEST 30001E-6 SEC;
SIR 30 TDI (3ffaffff);
SIR 30 TDI (3ffa87ff);
SDR 13 TDI (119d);
SIR 30 TDI (3ffa43ff);
SDR 328 TDI (7fefe0f03c0c03a0000fffffe3e07c0f8001c0705fbf027dff3fe7c7f1ff87e0003fff9ffff800007e);
SIR 30 TDI (3ffa7bff);
STATE IDLE;
RUNTEST 30001E-6 SEC;
SIR 30 TDI (3ffaffff);
SIR 30 TDI (3ffa87ff);
SDR 13 TDI (119f);
SIR 30 TDI (3ffa43ff);
SDR 328 TDI (7e4f60003c0c02e0000fffff63e07c0f8001c0707bdf05fdff3be7c7f1ff87e0003b7693dee800007e);
SIR 30 TDI (3ffa7bff);
STATE IDLE;
RUNTEST 30001E-6 SEC;
SIR 30 TDI (3ffaffff);
SIR 30 TDI (3ffa87ff);
SDR 13 TDI (11a1);
SIR 30 TDI (3ffa43ff);
SDR 328 TDI (7fefe0f03c0c03e0000fffffe3e0780f800140707fff07fdff3fe3c7f1ff87e0003fff9ffbf800007e);
SIR 30 TDI (3ffa7bff);
STATE IDLE;
RUNTEST 30001E-6 SEC;
SIR 30 TDI (3ffaffff);
SIR 30 TDI (3ffa87ff);
SDR 13 TDI (11a3);
SIR 30 TDI (3ffa43ff);
SDR 328 TDI (7fe7e0f03c0c03e0000fffffe3606c0b8001c0607fff07fdff3fe7c7f1ff87e0003fff9ffff800007e);
SIR 30 TDI (3ffa7bff);
STATE IDLE;
RUNTEST 30001E-6 SEC;
SIR 30 TDI (3ffaffff);
SIR 30 TDI (3ffa87ff);
SDR 13 TDI (11a5);
SIR 30 TDI (3ffa43ff);
SDR 328 TDI (7fefe0f03c0c03e0000f9bffe3e07c0f8001c0707fff07fdfe3fe7c7f1ff87a0003ebf9fffd800007e);
SIR 30 TDI (3ffa7bff);
STATE IDLE;
RUNTEST 30001E-6 SEC;
SIR 30 TDI (3ffaffff);
SIR 30 TDI (3ffa87ff);
SDR 13 TDI (11a7);
SIR 30 TDI (3ffa43ff);
SDR 328 TDI (7e6fe0000c0c03e0000dffffe3e07c0f8001c0707fff07fdff3fe7c7f1ff87e0003f7f97ffe800007e);
SIR 30 TDI (3ffa7bff);
STATE IDLE;
RUNTEST 30001E-6 SEC;
SIR 30 TDI (3ffaffff);
SIR 30 TDI (3ffa87ff);
SDR 13 TDI (11a9);
SIR 30 TDI (3ffa43ff);
SDR 328 TDI (7fefe0f03c0c03e0000fffffe3e07c0f800080707fff07fdff3fe5c7f08f87e0003fff9ffff800007e);
SIR 30 TDI (3ffa7bff);
STATE IDLE;
RUNTEST 30001E-6 SEC;
SIR 30 TDI (3ffaffff);
SIR 30 TDI (3ffa87ff);
SDR 13 TDI (11ab);
SIR 30 TDI (3ffa43ff);
SDR 328 TDI (7fefe0f03c0c03e0000fffffe3e07c0f8001c0707bd705dde73bc6c5f1fe87e0003b7693dee800007e);
SIR 30 TDI (3ffa7bff);
STATE IDLE;
RUNTEST 30001E-6 SEC;
SIR 30 TDI (3ffaffff);
SIR 30 TDI (3ffa87ff);
SDR 13 TDI (11ad);
SIR 30 TDI (3ffa43ff);
SDR 328 TDI (7fefe0f03c0c03e0000fffffe3606c0b8001c0607fff07fdff1fe7c7f1ff87e0003fff9ffff800007e);
SIR 30 TDI (3ffa7bff);
STATE IDLE;
RUNTEST 30001E-6 SEC;
SIR 30 TDI (3ffaffff);
SIR 30 TDI (3ffa87ff);
SDR 13 TDI (11af);
SIR 30 TDI (3ffa43ff);
SDR 328 TDI (7fefe0f03c0c03e0000fffffe3e07c0f8001c0507fff07fdff3fe7c7f1ff85e0001fcb9efb7800007e);
SIR 30 TDI (3ffa7bff);
STATE IDLE;
RUNTEST 30001E-6 SEC;
SIR 30 TDI (3ffaffff);
SIR 30 TDI (3ffa87ff);
SDR 13 TDI (11b1);
SIR 30 TDI (3ffa43ff);
SDR 328 TDI (7fefe0f03c0c03e0000fffffe3e07c0f8001c0707fff07fdff3fe7c7f1ff87e0003fff9ffff800007e);
SIR 30 TDI (3ffa7bff);
STATE IDLE;
RUNTEST 30001E-6 SEC;
SIR 30 TDI (3ffaffff);
SIR 30 TDI (3ffa87ff);
SDR 13 TDI (11b3);
SIR 30 TDI (3ffa43ff);
SDR 328 TDI (7fefe0f03c0c03e0000fffdfe3e07c0f8001c07075ee03fddf3de7c3f1bf03c0003cff15fdf000007e);
SIR 30 TDI (3ffa7bff);
STATE IDLE;
RUNTEST 30001E-6 SEC;
SIR 30 TDI (3ffaffff);
SIR 30 TDI (3ffa87ff);
SDR 13 TDI (11b5);
SIR 30 TDI (3ffa43ff);
SDR 328 TDI (7f8fe0f03c0c03e0000fffffe0e07c0f8001c0707fff07fdff3fe7c7e1ff87e00037fd1f6ff800007e);
SIR 30 TDI (3ffa7bff);
STATE IDLE;
RUNTEST 30001E-6 SEC;
SIR 30 TDI (3ffaffff);
SIR 30 TDI (3ffa87ff);
SDR 13 TDI (11b7);
SIR 30 TDI (3ffa43ff);
SDR 328 TDI (7fefe0f03c0c03e0000fffffe3e07c0f8001c0707fff07fdff3fe7c7f1ff87e0003b7e93dee800007e);
SIR 30 TDI (3ffa7bff);
STATE IDLE;
RUNTEST 30001E-6 SEC;
SIR 30 TDI (3ffaffff);
SIR 30 TDI (3ffa87ff);
SDR 13 TDI (11b9);
SIR 30 TDI (3ffa43ff);
SDR 328 TDI (7fefe0f03c0c03e0000fffffe3e06c0f8001c0707fff07fdff3fe7c7f1ff87e0003fff9ffff800007e);
SIR 30 TDI (3ffa7bff);
STATE IDLE;
RUNTEST 30001E-6 SEC;
SIR 30 TDI (3ffaffff);
SIR 30 TDI (3ffa87ff);
SDR 13 TDI (11bb);
SIR 30 TDI (3ffa43ff);
SDR 328 TDI (7fefe0f03c0c03e0000fffffe3e07c0f8001c0707fff07fdff3fe7c7f1ff87e0003fff9ffff800007e);
SIR 30 TDI (3ffa7bff);
STATE IDLE;
RUNTEST 30001E-6 SEC;
SIR 30 TDI (3ffaffff);
SIR 30 TDI (3ffa87ff);
SDR 13 TDI (11bd);
SIR 30 TDI (3ffa43ff);
SDR 328 TDI (7fafe0f03c0c03e0000fffffe3e07c0f8001c0707fff07fdff3fe7c7f1fb85e0003fff9ffff800007e);
SIR 30 TDI (3ffa7bff);
STATE IDLE;
RUNTEST 30001E-6 SEC;
SIR 30 TDI (3ffaffff);
SIR 30 TDI (3ffa87ff);
SDR 13 TDI (11bf);
SIR 30 TDI (3ffa43ff);
SDR 328 TDI (7fefe0f03c0c03e0000fffffe3e07c0f8001c0707fff07fdff3fe7c7f1ff87e0003fff9ffff800007e);
SIR 30 TDI (3ffa7bff);
STATE IDLE;
RUNTEST 30001E-6 SEC;
SIR 30 TDI (3ffaffff);
STATE IDLE;
SIR 30 TDI (3ffa87ff);
SDR 13 TDI (1001);
SIR 30 TDI (3ffa43ff);
SDR 328 TDI (7fffe000000000004444ffffe665c000c004c888ffffe679a0200888c488ffff80000001c4ccccccfe);
SIR 30 TDI (3ffa7bff);
STATE IDLE;
RUNTEST 30001E-6 SEC;
SIR 30 TDI (3ffaffff);
SIR 30 TDI (3ffa87ff);
SDR 13 TDI (1003);
SIR 30 TDI (3ffa43ff);
SDR 328 TDI (7fff888c8000000000007fff82210c00000000007fff8000004c000000007fff80000048800000007e);
SIR 30 TDI (3ffa7bff);
STATE IDLE;
RUNTEST 30001E-6 SEC;
SIR 30 TDI (3ffaffff);
SIR 30 TDI (3ffa87ff);
SDR 13 TDI (1005);
SIR 30 TDI (3ffa43ff);
SDR 328 TDI (7fffa2333333000000007fffb3210132000021327fffb3333333002210227fff80000003000000007e);
SIR 30 TDI (3ffa7bff);
STATE IDLE;
RUNTEST 30001E-6 SEC;
SIR 30 TDI (3ffaffff);
SIR 30 TDI (3ffa87ff);
SDR 13 TDI (1007);
SIR 30 TDI (3ffa43ff);
SDR 328 TDI (7fff998000007fffbb557fff801e7e01dfecedff7fff800000007b773b777ffffffffff83cccccccfe);
SIR 30 TDI (3ffa7bff);
STATE IDLE;
RUNTEST 30001E-6 SEC;
SIR 30 TDI (3ffaffff);
SIR 30 TDI (3ffa87ff);
SDR 13 TDI (1009);
SIR 30 TDI (3ffa43ff);
SDR 328 TDI (7fffffffffffffffffddfffff77fffffdfecedfffffff77bf77ffffffffffffffffffffffcccccccfe);
SIR 30 TDI (3ffa7bff);
STATE IDLE;
RUNTEST 30001E-6 SEC;
SIR 30 TDI (3ffaffff);
SIR 30 TDI (3ffa87ff);
SDR 13 TDI (100b);
SIR 30 TDI (3ffa43ff);
SDR 328 TDI (7fffffff9986102277bbffffe006198610221045ffffe679e67e17d52b557fff99861987b02210227e);
SIR 30 TDI (3ffa7bff);
STATE IDLE;
RUNTEST 30001E-6 SEC;
SIR 30 TDI (3ffaffff);
SIR 30 TDI (3ffa87ff);
SDR 13 TDI (100d);
SIR 30 TDI (3ffa43ff);
SDR 328 TDI (7fff8039ffa004ccc4807fff8000c40008ccc8447fff844000000008c4887fffe6000079c4804008fe);
SIR 30 TDI (3ffa7bff);
STATE IDLE;
RUNTEST 30001E-6 SEC;
SIR 30 TDI (3ffaffff);
SIR 30 TDI (3ffa87ff);
SDR 13 TDI (100f);
SIR 30 TDI (3ffa43ff);
SDR 328 TDI (7fff8000004c000000007fff880000c8000000007fffc000c408000000007fffa200c831800000007e);
SIR 30 TDI (3ffa7bff);
STATE IDLE;
RUNTEST 30001E-6 SEC;
SIR 30 TDI (3ffaffff);
SIR 30 TDI (3ffa87ff);
SDR 13 TDI (1011);
SIR 30 TDI (3ffa43ff);
SDR 328 TDI (7fffb3333323000010327fffa2300010000003117fff90021023010000007fffb3120133032000337e);
SIR 30 TDI (3ffa7bff);
STATE IDLE;
RUNTEST 30001E-6 SEC;
SIR 30 TDI (3ffaffff);
SIR 30 TDI (3ffa87ff);
SDR 13 TDI (1013);
SIR 30 TDI (3ffa43ff);
SDR 328 TDI (7fff800000187d7f3b7f7fff9987ffe7cecccfddffffe7f9e7987dcedcceffff8061fe007fecdefffe);
SIR 30 TDI (3ffa7bff);
STATE IDLE;
RUNTEST 30001E-6 SEC;
SIR 30 TDI (3ffaffff);
SIR 30 TDI (3ffa87ff);
SDR 13 TDI (1015);
SIR 30 TDI (3ffa43ff);
SDR 328 TDI (7ffff37bfffffdffffffffffbbb7ffffdecccfddffffffffffbffdcedccefffff77fff7fffecdefffe);
SIR 30 TDI (3ffa7bff);
STATE IDLE;
RUNTEST 30001E-6 SEC;
SIR 30 TDI (3ffaffff);
SIR 30 TDI (3ffa87ff);
SDR 13 TDI (1017);
SIR 30 TDI (3ffa43ff);
SDR 328 TDI (7fffe079f9e611a3efcdffff9987fffe1b3334aaffffffffff9e12b333337fff80061807b04210447e);
SIR 30 TDI (3ffa7bff);
STATE IDLE;
RUNTEST 30001E-6 SEC;
SIR 30 TDI (3ffaffff);
STATE IDLE;
SIR 30 TDI (3ffa87ff);
SDR 13 TDI (11c1);
SIR 30 TDI (3ffa43ff);
SDR 328 TDI (7ffffffffffdf7fffff5ffffdfffffdfdfffdffffffffffffffff7fffffffffffffffffffff7fffffe);
SIR 30 TDI (3ffa7bff);
STATE IDLE;
RUNTEST 30001E-6 SEC;
SIR 30 TDI (3ffaffff);
SIR 30 TDI (3ffa87ff);
SDR 13 TDI (11c3);
SIR 30 TDI (3ffa43ff);
SDR 328 TDI (7fffffffffffdfbffffffffffffffffeffdffdfffffffffffffffffffffffffffffffffffffff7fffe);
SIR 30 TDI (3ffa7bff);
STATE IDLE;
RUNTEST 30001E-6 SEC;
SIR 30 TDI (3ffaffff);
SIR 30 TDI (3ffa87ff);
SDR 13 TDI (11c5);
SIR 30 TDI (3ffa43ff);
SDR 328 TDI (77fffffbfdffff7fffff7fffffffffffffffffdbfffffffbffffffffff7bfffffffff7ffffdffffffe);
SIR 30 TDI (3ffa7bff);
STATE IDLE;
RUNTEST 30001E-6 SEC;
SIR 30 TDI (3ffaffff);
SIR 30 TDI (3ffa87ff);
SDR 13 TDI (11c7);
SIR 30 TDI (3ffa43ff);
SDR 328 TDI (7ffffffffffffffffffffffffffffffffffffffffffffff7ffbf7fffffffffffffffffffffff7ffffe);
SIR 30 TDI (3ffa7bff);
STATE IDLE;
RUNTEST 30001E-6 SEC;
SIR 30 TDI (3ffaffff);
SIR 30 TDI (3ffa87ff);
SDR 13 TDI (11c9);
SIR 30 TDI (3ffa43ff);
SDR 328 TDI (7fffbfffffffffffffffffefffdfbfffffffbeffffffffffbff7ffffffffffffbffffffffffffdfffe);
SIR 30 TDI (3ffa7bff);
STATE IDLE;
RUNTEST 30001E-6 SEC;
SIR 30 TDI (3ffaffff);
SIR 30 TDI (3ffa87ff);
SDR 13 TDI (11cb);
SIR 30 TDI (3ffa43ff);
SDR 328 TDI (7ffffffffffffffffffbfbfbfbff77fdef7dffffffbbdfffdfffbffefffffeffffff9ffffffffffffe);
SIR 30 TDI (3ffa7bff);
STATE IDLE;
RUNTEST 30001E-6 SEC;
SIR 30 TDI (3ffaffff);
SIR 30 TDI (3ffa87ff);
SDR 13 TDI (11cd);
SIR 30 TDI (3ffa43ff);
SDR 328 TDI (7fffffffffffffffffffbfffffffffffffff7ff7efffbfdffdffffffffffeffffdfffdfffffdfffffe);
SIR 30 TDI (3ffa7bff);
STATE IDLE;
RUNTEST 30001E-6 SEC;
SIR 30 TDI (3ffaffff);
SIR 30 TDI (3ffa87ff);
SDR 13 TDI (11cf);
SIR 30 TDI (3ffa43ff);
SDR 328 TDI (7ffffffff7ffffffffffff7ffffefffffefffbffff7ffffffffffffffefff7fffffffffffffffefffe);
SIR 30 TDI (3ffa7bff);
STATE IDLE;
RUNTEST 30001E-6 SEC;
SIR 30 TDI (3ffaffff);
SIR 30 TDI (3ffa87ff);
SDR 13 TDI (11d1);
SIR 30 TDI (3ffa43ff);
SDR 328 TDI (7ffffdd7ffffffffffffffffffffffffffbfffffdfffff7fffffff6ffffffffffffffffff7effffffe);
SIR 30 TDI (3ffa7bff);
STATE IDLE;
RUNTEST 30001E-6 SEC;
SIR 30 TDI (3ffaffff);
SIR 30 TDI (3ffa87ff);
SDR 13 TDI (11d3);
SIR 30 TDI (3ffa43ff);
SDR 328 TDI (7d7ffffffffffffffffffffffffffffffffffffffffffdfff7fffffffffffffffff3ffff7ffffffffe);
SIR 30 TDI (3ffa7bff);
STATE IDLE;
RUNTEST 30001E-6 SEC;
SIR 30 TDI (3ffaffff);
SIR 30 TDI (3ffa87ff);
SDR 13 TDI (11d5);
SIR 30 TDI (3ffa43ff);
SDR 328 TDI (7fffffffff97ffd7bffffffffffffffffffffffff7fffffffffffff7ffffffeffffffafffffffffffe);
SIR 30 TDI (3ffa7bff);
STATE IDLE;
RUNTEST 30001E-6 SEC;
SIR 30 TDI (3ffaffff);
SIR 30 TDI (3ffa87ff);
SDR 13 TDI (11d7);
SIR 30 TDI (3ffa43ff);
SDR 328 TDI (7fffffffffffffffffffffff7fffff7ffffffffffffdfffffffffffffdffffbfffafffdfffffeffffe);
SIR 30 TDI (3ffa7bff);
STATE IDLE;
RUNTEST 30001E-6 SEC;
SIR 30 TDI (3ffaffff);
SIR 30 TDI (3ffa87ff);
SDR 13 TDI (11d9);
SIR 30 TDI (3ffa43ff);
SDR 328 TDI (7ffbffbfcf7fffefdfffffffffffefffffffffffffffffbfffffdffffffffffffffffffffbfffffffe);
SIR 30 TDI (3ffa7bff);
STATE IDLE;
RUNTEST 30001E-6 SEC;
SIR 30 TDI (3ffaffff);
SIR 30 TDI (3ffa87ff);
SDR 13 TDI (11db);
SIR 30 TDI (3ffa43ff);
SDR 328 TDI (7fffffffffffffffff7fefffffffffff77ffffff7ffffffffffffffdffffbfffffff7ffdddfffffffe);
SIR 30 TDI (3ffa7bff);
STATE IDLE;
RUNTEST 30001E-6 SEC;
SIR 30 TDI (3ffaffff);
SIR 30 TDI (3ffa87ff);
SDR 13 TDI (11dd);
SIR 30 TDI (3ffa43ff);
SDR 328 TDI (5ffffffeffffaffbffffdffffffffdfffffefffffbdffffffffffffffffffffffffffffffffffbfffe);
SIR 30 TDI (3ffa7bff);
STATE IDLE;
RUNTEST 30001E-6 SEC;
SIR 30 TDI (3ffaffff);
SIR 30 TDI (3ffa87ff);
SDR 13 TDI (11df);
SIR 30 TDI (3ffa43ff);
SDR 328 TDI (7ffffffffffffffffffffffffffffffffffffffffffffffffffffffff7fffffffffffffffffffffffe);
SIR 30 TDI (3ffa7bff);
STATE IDLE;
RUNTEST 30001E-6 SEC;
SIR 30 TDI (3ffaffff);
SIR 30 TDI (3ffa87ff);
SDR 13 TDI (11e1);
SIR 30 TDI (3ffa43ff);
SDR 328 TDI (7ffffffffffffffffffffffffffbffffffffff7fffffffffff7fffffbff77ffffffffffffffffffffe);
SIR 30 TDI (3ffa7bff);
STATE IDLE;
RUNTEST 30001E-6 SEC;
SIR 30 TDI (3ffaffff);
SIR 30 TDI (3ffa87ff);
SDR 13 TDI (11e3);
SIR 30 TDI (3ffa43ff);
SDR 328 TDI (7fffffffffffffffffffffd6bc7fffffffffffbfbffffffdffffffffffeffffdfffdefffffffffeffe);
SIR 30 TDI (3ffa7bff);
STATE IDLE;
RUNTEST 30001E-6 SEC;
SIR 30 TDI (3ffaffff);
SIR 30 TDI (3ffa87ff);
SDR 13 TDI (11e5);
SIR 30 TDI (3ffa43ff);
SDR 328 TDI (7efd7fffffffffffffffffbdf7fffffffdfff7fefdfffbffeefffdfffffffdffdfffffffffffdffbfe);
SIR 30 TDI (3ffa7bff);
STATE IDLE;
RUNTEST 30001E-6 SEC;
SIR 30 TDI (3ffaffff);
SIR 30 TDI (3ffa87ff);
SDR 13 TDI (11e7);
SIR 30 TDI (3ffa43ff);
SDR 328 TDI (7fffff7ffffffdffffdffffffffffffffffffffffffff7ffffffffffffffff7ffffffffffffffffffe);
SIR 30 TDI (3ffa7bff);
STATE IDLE;
RUNTEST 30001E-6 SEC;
SIR 30 TDI (3ffaffff);
SIR 30 TDI (3ffa87ff);
SDR 13 TDI (11e9);
SIR 30 TDI (3ffa43ff);
SDR 328 TDI (7fffffffffffffffffffffffffbfffb7ffffffffffffffeffff9feffeffffff7ffffff6efffefffffe);
SIR 30 TDI (3ffa7bff);
STATE IDLE;
RUNTEST 30001E-6 SEC;
SIR 30 TDI (3ffaffff);
SIR 30 TDI (3ffa87ff);
SDR 13 TDI (11eb);
SIR 30 TDI (3ffa43ff);
SDR 328 TDI (7fd7fffffffffffffbfff7ffffeffffffffffffffff7feffffffffdfffffffff77fffffffefffffffe);
SIR 30 TDI (3ffa7bff);
STATE IDLE;
RUNTEST 30001E-6 SEC;
SIR 30 TDI (3ffaffff);
SIR 30 TDI (3ffa87ff);
SDR 13 TDI (11ed);
SIR 30 TDI (3ffa43ff);
SDR 328 TDI (6fffd7ffbfffffffefffffffffffffffbfffefffffffffffffcefffb7bfdffffff7ffff3ffffbfdffe);
SIR 30 TDI (3ffa7bff);
STATE IDLE;
RUNTEST 30001E-6 SEC;
SIR 30 TDI (3ffaffff);
SIR 30 TDI (3ffa87ff);
SDR 13 TDI (11ef);
SIR 30 TDI (3ffa43ff);
SDR 328 TDI (7ffffffd7ffffffffffffefffff7fffffffffffffeff7fff7ffffffffffffffbfedfffbfbffffffffe);
SIR 30 TDI (3ffa7bff);
STATE IDLE;
RUNTEST 30001E-6 SEC;
SIR 30 TDI (3ffaffff);
SIR 30 TDI (3ffa87ff);
SDR 13 TDI (11f1);
SIR 30 TDI (3ffa43ff);
SDR 328 TDI (3bfffaffffeffbfd7fffffffffffffefffefffffffffffffffffffbfffbffbffffffffffffbfffbffe);
SIR 30 TDI (3ffa7bff);
STATE IDLE;
RUNTEST 30001E-6 SEC;
SIR 30 TDI (3ffaffff);
SIR 30 TDI (3ffa87ff);
SDR 13 TDI (11f3);
SIR 30 TDI (3ffa43ff);
SDR 328 TDI (7ffffffffffffffffffffdfffffdfafffffffffffffffffeffffffffdfdfffdffffefffffffffffffe);
SIR 30 TDI (3ffa7bff);
STATE IDLE;
RUNTEST 30001E-6 SEC;
SIR 30 TDI (3ffaffff);
SIR 30 TDI (3ffa87ff);
SDR 13 TDI (11f5);
SIR 30 TDI (3ffa43ff);
SDR 328 TDI (7ffffffffffaffffffbfffffefffdffffbffffefffffeffffbffffffffffffffebfffffffffffffdfe);
SIR 30 TDI (3ffa7bff);
STATE IDLE;
RUNTEST 30001E-6 SEC;
SIR 30 TDI (3ffaffff);
STATE IDLE;
SIR 30 TDI (3ffa87ff);
SDR 13 TDI (1401);
SIR 30 TDI (3ffa4bff);
SDR 6 TDI (1e);
SIR 30 TDI (3ffa7bff);
STATE IDLE;
RUNTEST 30001E-6 SEC;
SIR 30 TDI (3ffaffff);
STATE IDLE;
SIR 30 TDI (3ffa87ff);
SDR 13 TDI (1601);
SIR 30 TDI (3ffa4fff);
SDR 18 TDI (1fffe);
SIR 30 TDI (3ffa7bff);
STATE IDLE;
RUNTEST 30001E-6 SEC;
SIR 30 TDI (3ffaffff);
STATE IDLE;
SIR 30 TDI (3ffa87ff);
SDR 13 TDI (1201);
SIR 30 TDI (3ffa47ff);
SDR 34 TDI (0ff9a03fe);
SIR 30 TDI (3ffa7bff);
STATE IDLE;
RUNTEST 30001E-6 SEC;
SIR 30 TDI (3ffaffff);
STATE IDLE;
SIR 30 TDI (3ffa87ff);
SDR 13 TDI (1019);
SIR 30 TDI (3ffa33ff);
STATE IDLE;
RUNTEST 20001E-6 SEC;
SIR 30 TDI (3ffa43ff);
SDR 328 TDI (7fffffffffbfeffbfef807fffffefc031f00000c7fdfe03e0ec41188220ccfeff1f87e1f87e1f87e7e)
	TDO (7fffffffffbfeffbfef807fffffefc031f00000c7fdfe03e0ec41188220ccfeff1f87e1f87e1f87e7e)
	MASK (ffffffffffffffffffffffffffffffffffffffffffffffffffffffffffffffffffffffffffffffffff);
SIR 30 TDI (3ffa87ff);
SDR 13 TDI (101b);
SIR 30 TDI (3ffa33ff);
STATE IDLE;
RUNTEST 20001E-6 SEC;
SIR 30 TDI (3ffa43ff);
SDR 328 TDI (7fffffffffbfeffafeb807fffffefc031f00000c7fdfe03e0ec41188220ccfeff1f87e1f87e1f87e7e)
	TDO (7fffffffffbfeffafeb807fffffefc031f00000c7fdfe03e0ec41188220ccfeff1f87e1f87e1f87e7e)
	MASK (ffffffffffffffffffffffffffffffffffffffffffffffffffffffffffffffffffffffffffffffffff);
SIR 30 TDI (3ffa87ff);
SDR 13 TDI (101d);
SIR 30 TDI (3ffa33ff);
STATE IDLE;
RUNTEST 20001E-6 SEC;
SIR 30 TDI (3ffa43ff);
SDR 328 TDI (7fffffffffbfeffbfef807fffffefc031f00000c7fdfe03e0ec41188220ccfeff1f87e1f87e1f87e7e)
	TDO (7fffffffffbfeffbfef807fffffefc031f00000c7fdfe03e0ec41188220ccfeff1f87e1f87e1f87e7e)
	MASK (ffffffffffffffffffffffffffffffffffffffffffffffffffffffffffffffffffffffffffffffffff);
SIR 30 TDI (3ffa87ff);
SDR 13 TDI (101f);
SIR 30 TDI (3ffa33ff);
STATE IDLE;
RUNTEST 20001E-6 SEC;
SIR 30 TDI (3ffa43ff);
SDR 328 TDI (40400000003feffbfef807fffffefc031f00000c7fdfe03e0ec41188220ccfeff1f87e1f87e1f87e7e)
	TDO (40400000003feffbfef807fffffefc031f00000c7fdfe03e0ec41188220ccfeff1f87e1f87e1f87e7e)
	MASK (ffffffffffffffffffffffffffffffffffffffffffffffffffffffffffffffffffffffffffffffffff);
SIR 30 TDI (3ffa87ff);
SDR 13 TDI (1021);
SIR 30 TDI (3ffa33ff);
STATE IDLE;
RUNTEST 20001E-6 SEC;
SIR 30 TDI (3ffa43ff);
SDR 328 TDI (7fffffffffbfeffbfef807fffffefc031f00000c7fdfe03e0ec41188220ccfeff1f87e1f87e1f87e7e)
	TDO (7fffffffffbfeffbfef807fffffefc031f00000c7fdfe03e0ec41188220ccfeff1f87e1f87e1f87e7e)
	MASK (ffffffffffffffffffffffffffffffffffffffffffffffffffffffffffffffffffffffffffffffffff);
SIR 30 TDI (3ffa87ff);
SDR 13 TDI (1023);
SIR 30 TDI (3ffa33ff);
STATE IDLE;
RUNTEST 20001E-6 SEC;
SIR 30 TDI (3ffa43ff);
SDR 328 TDI (75fdbeefdbbfeffbfef807fffffefc031f00000c7fdfe03e0ec41188220ccfeff1f87e1f87e1f87e7e)
	TDO (75fdbeefdbbfeffbfef807fffffefc031f00000c7fdfe03e0ec41188220ccfeff1f87e1f87e1f87e7e)
	MASK (ffffffffffffffffffffffffffffffffffffffffffffffffffffffffffffffffffffffffffffffffff);
SIR 30 TDI (3ffa87ff);
SDR 13 TDI (1025);
SIR 30 TDI (3ffa33ff);
STATE IDLE;
RUNTEST 20001E-6 SEC;
SIR 30 TDI (3ffa43ff);
SDR 328 TDI (7bfe7f5fe7bfeffbfef807fffffefc031f00000c7fdfe03e0ec41188220ccfeff1f87e1f87e1f87e7e)
	TDO (7bfe7f5fe7bfeffbfef807fffffefc031f00000c7fdfe03e0ec41188220ccfeff1f87e1f87e1f87e7e)
	MASK (ffffffffffffffffffffffffffffffffffffffffffffffffffffffffffffffffffffffffffffffffff);
SIR 30 TDI (3ffa87ff);
SDR 13 TDI (1027);
SIR 30 TDI (3ffa33ff);
STATE IDLE;
RUNTEST 20001E-6 SEC;
SIR 30 TDI (3ffa43ff);
SDR 328 TDI (7fffffffffbe0ff9d06807fffffefc031f00000c7fdfe03e0ec41188220ccfeff1f87e1f87e1f87e7e)
	TDO (7fffffffffbe0ff9d06807fffffefc031f00000c7fdfe03e0ec41188220ccfeff1f87e1f87e1f87e7e)
	MASK (ffffffffffffffffffffffffffffffffffffffffffffffffffffffffffffffffffffffffffffffffff);
SIR 30 TDI (3ffa87ff);
SDR 13 TDI (1029);
SIR 30 TDI (3ffa33ff);
STATE IDLE;
RUNTEST 20001E-6 SEC;
SIR 30 TDI (3ffa43ff);
SDR 328 TDI (7fffffffffbfeffbfef807fffffefc031f00000c7fdfe03e0ec41188220ccfeff1f87e1f87e1f87e7e)
	TDO (7fffffffffbfeffbfef807fffffefc031f00000c7fdfe03e0ec41188220ccfeff1f87e1f87e1f87e7e)
	MASK (ffffffffffffffffffffffffffffffffffffffffffffffffffffffffffffffffffffffffffffffffff);
SIR 30 TDI (3ffa87ff);
SDR 13 TDI (102b);
SIR 30 TDI (3ffa33ff);
STATE IDLE;
RUNTEST 20001E-6 SEC;
SIR 30 TDI (3ffa43ff);
SDR 328 TDI (7fffffffffbfeffbfef807fffff034010200000c7fdfe03e0ec41188220ccfeff1f87e1f87e1f87e7e)
	TDO (7fffffffffbfeffbfef807fffff034010200000c7fdfe03e0ec41188220ccfeff1f87e1f87e1f87e7e)
	MASK (ffffffffffffffffffffffffffffffffffffffffffffffffffffffffffffffffffffffffffffffffff);
SIR 30 TDI (3ffa87ff);
SDR 13 TDI (102d);
SIR 30 TDI (3ffa33ff);
STATE IDLE;
RUNTEST 20001E-6 SEC;
SIR 30 TDI (3ffa43ff);
SDR 328 TDI (7fffffffffbfeffbfef807fffff6f4031b00000c7fdfe03e0ec41188220ccfeff1f87e1f87e1f87e7e)
	TDO (7fffffffffbfeffbfef807fffff6f4031b00000c7fdfe03e0ec41188220ccfeff1f87e1f87e1f87e7e)
	MASK (ffffffffffffffffffffffffffffffffffffffffffffffffffffffffffffffffffffffffffffffffff);
SIR 30 TDI (3ffa87ff);
SDR 13 TDI (102f);
SIR 30 TDI (3ffa33ff);
STATE IDLE;
RUNTEST 20001E-6 SEC;
SIR 30 TDI (3ffa43ff);
SDR 328 TDI (7fffffffffbfeffbfef807fffffefc031f00000c7fdfe03e0ec41188220ccfeff1f87e1f87e1f87e7e)
	TDO (7fffffffffbfeffbfef807fffffefc031f00000c7fdfe03e0ec41188220ccfeff1f87e1f87e1f87e7e)
	MASK (ffffffffffffffffffffffffffffffffffffffffffffffffffffffffffffffffffffffffffffffffff);
SIR 30 TDI (3ffa87ff);
SDR 13 TDI (1031);
SIR 30 TDI (3ffa33ff);
STATE IDLE;
RUNTEST 20001E-6 SEC;
SIR 30 TDI (3ffa43ff);
SDR 328 TDI (7fffffffffbfeffbfef807fffffefc031f00000c7fdfe0360ec411882204ce0bd1685a1685a1685a7e)
	TDO (7fffffffffbfeffbfef807fffffefc031f00000c7fdfe0360ec411882204ce0bd1685a1685a1685a7e)
	MASK (ffffffffffffffffffffffffffffffffffffffffffffffffffffffffffffffffffffffffffffffffff);
SIR 30 TDI (3ffa87ff);
SDR 13 TDI (1033);
SIR 30 TDI (3ffa33ff);
STATE IDLE;
RUNTEST 20001E-6 SEC;
SIR 30 TDI (3ffa43ff);
SDR 328 TDI (7fffffffffbfeffbfef807fffffefc031f00000c7fdfe03e0ec411882204cfcff1f87e1f87e1f87e7e)
	TDO (7fffffffffbfeffbfef807fffffefc031f00000c7fdfe03e0ec411882204cfcff1f87e1f87e1f87e7e)
	MASK (ffffffffffffffffffffffffffffffffffffffffffffffffffffffffffffffffffffffffffffffffff);
SIR 30 TDI (3ffa87ff);
SDR 13 TDI (1035);
SIR 30 TDI (3ffa33ff);
STATE IDLE;
RUNTEST 20001E-6 SEC;
SIR 30 TDI (3ffa43ff);
SDR 328 TDI (7fffffffffbfeffbfef807fffffefc031f00000c7fcfe03e0ec41188220ccfeff1f87e1f87e1f87e7e)
	TDO (7fffffffffbfeffbfef807fffffefc031f00000c7fcfe03e0ec41188220ccfeff1f87e1f87e1f87e7e)
	MASK (ffffffffffffffffffffffffffffffffffffffffffffffffffffffffffffffffffffffffffffffffff);
SIR 30 TDI (3ffa87ff);
SDR 13 TDI (1037);
SIR 30 TDI (3ffa33ff);
STATE IDLE;
RUNTEST 20001E-6 SEC;
SIR 30 TDI (3ffa43ff);
SDR 328 TDI (7fffffffffbfeffbfef807fffffefc031f00000c7fdfe03e0ec41188220cceed31986619866198667e)
	TDO (7fffffffffbfeffbfef807fffffefc031f00000c7fdfe03e0ec41188220cceed31986619866198667e)
	MASK (ffffffffffffffffffffffffffffffffffffffffffffffffffffffffffffffffffffffffffffffffff);
SIR 30 TDI (3ffa87ff);
SDR 13 TDI (1039);
SIR 30 TDI (3ffa33ff);
STATE IDLE;
RUNTEST 20001E-6 SEC;
SIR 30 TDI (3ffa43ff);
SDR 328 TDI (7fffffffffbfeffbfe7807bffffefc031f00000c0bc3c03e0ec41188220ccbaff1f87e1f87e1f87e7e)
	TDO (7fffffffffbfeffbfe7807bffffefc031f00000c0bc3c03e0ec41188220ccbaff1f87e1f87e1f87e7e)
	MASK (ffffffffffffffffffffffffffffffffffffffffffffffffffffffffffffffffffffffffffffffffff);
SIR 30 TDI (3ffa87ff);
SDR 13 TDI (103b);
SIR 30 TDI (3ffa33ff);
STATE IDLE;
RUNTEST 20001E-6 SEC;
SIR 30 TDI (3ffa43ff);
SDR 328 TDI (7fffffffffbfeffbfed807fffffef4031f00000c7fdfe03e0ec41188220c8feff1f87e1f87e1f87e7e)
	TDO (7fffffffffbfeffbfed807fffffef4031f00000c7fdfe03e0ec41188220c8feff1f87e1f87e1f87e7e)
	MASK (ffffffffffffffffffffffffffffffffffffffffffffffffffffffffffffffffffffffffffffffffff);
SIR 30 TDI (3ffa87ff);
SDR 13 TDI (103d);
SIR 30 TDI (3ffa33ff);
STATE IDLE;
RUNTEST 20001E-6 SEC;
SIR 30 TDI (3ffa43ff);
SDR 328 TDI (7fffffffffbfeffbfef805fffffefc031f00000c7edfe03e0ec41188220ccfeff1f87e1f86e1f87e7e)
	TDO (7fffffffffbfeffbfef805fffffefc031f00000c7edfe03e0ec41188220ccfeff1f87e1f86e1f87e7e)
	MASK (ffffffffffffffffffffffffffffffffffffffffffffffffffffffffffffffffffffffffffffffffff);
SIR 30 TDI (3ffa87ff);
SDR 13 TDI (103f);
SIR 30 TDI (3ffa33ff);
STATE IDLE;
RUNTEST 20001E-6 SEC;
SIR 30 TDI (3ffa43ff);
SDR 328 TDI (7fffffffffbfe3fbfef807fffffef4031f00000c7f9f601e06c41188220ccfeff1f87e1f87e1f87e7e)
	TDO (7fffffffffbfe3fbfef807fffffef4031f00000c7f9f601e06c41188220ccfeff1f87e1f87e1f87e7e)
	MASK (ffffffffffffffffffffffffffffffffffffffffffffffffffffffffffffffffffffffffffffffffff);
SIR 30 TDI (3ffa87ff);
SDR 13 TDI (1041);
SIR 30 TDI (3ffa33ff);
STATE IDLE;
RUNTEST 20001E-6 SEC;
SIR 30 TDI (3ffa43ff);
SDR 328 TDI (7fffffffffbfeff9fef803fffffe3c011f00000c7fdfe03e0ec41188220ccfeff1b87e1f87e1f87e7e)
	TDO (7fffffffffbfeff9fef803fffffe3c011f00000c7fdfe03e0ec41188220ccfeff1b87e1f87e1f87e7e)
	MASK (ffffffffffffffffffffffffffffffffffffffffffffffffffffffffffffffffffffffffffffffffff);
SIR 30 TDI (3ffa87ff);
SDR 13 TDI (1043);
SIR 30 TDI (3ffa33ff);
STATE IDLE;
RUNTEST 20001E-6 SEC;
SIR 30 TDI (3ffa43ff);
SDR 328 TDI (7fffffffffbfeffb7ef807ffffcedc021d00000c7fdfe03c0e040180200c4feff1f87e1f87e1f87e7e)
	TDO (7fffffffffbfeffb7ef807ffffcedc021d00000c7fdfe03c0e040180200c4feff1f87e1f87e1f87e7e)
	MASK (ffffffffffffffffffffffffffffffffffffffffffffffffffffffffffffffffffffffffffffffffff);
SIR 30 TDI (3ffa87ff);
SDR 13 TDI (1045);
SIR 30 TDI (3ffa33ff);
STATE IDLE;
RUNTEST 20001E-6 SEC;
SIR 30 TDI (3ffa43ff);
SDR 328 TDI (3fbfffffffbfeffbfef807fffffefc031f0000046fdbe03e0ec41188220ccfeff1f8761f87e1f87e7e)
	TDO (3fbfffffffbfeffbfef807fffffefc031f0000046fdbe03e0ec41188220ccfeff1f8761f87e1f87e7e)
	MASK (ffffffffffffffffffffffffffffffffffffffffffffffffffffffffffffffffffffffffffffffffff);
SIR 30 TDI (3ffa87ff);
SDR 13 TDI (1047);
SIR 30 TDI (3ffa33ff);
STATE IDLE;
RUNTEST 20001E-6 SEC;
SIR 30 TDI (3ffa43ff);
SDR 328 TDI (5f77ebfb7ebfeff9be6807fffffefc031f00000c7fdfe03e0ec41188220ccfeff1f87e1f87e1f87e7e)
	TDO (5f77ebfb7ebfeff9be6807fffffefc031f00000c7fdfe03e0ec41188220ccfeff1f87e1f87e1f87e7e)
	MASK (ffffffffffffffffffffffffffffffffffffffffffffffffffffffffffffffffffffffffffffffffff);
SIR 30 TDI (3ffa87ff);
SDR 13 TDI (1049);
SIR 30 TDI (3ffa33ff);
STATE IDLE;
RUNTEST 20001E-6 SEC;
SIR 30 TDI (3ffa43ff);
SDR 328 TDI (7fffffffffbfeffbfef807ff7ffefc031f00000c6fdbe03e0ec41188220ccfeff1f87e1f87e1f81e7e)
	TDO (7fffffffffbfeffbfef807ff7ffefc031f00000c6fdbe03e0ec41188220ccfeff1f87e1f87e1f81e7e)
	MASK (ffffffffffffffffffffffffffffffffffffffffffffffffffffffffffffffffffffffffffffffffff);
SIR 30 TDI (3ffa87ff);
SDR 13 TDI (104b);
SIR 30 TDI (3ffa33ff);
STATE IDLE;
RUNTEST 20001E-6 SEC;
SIR 30 TDI (3ffa43ff);
SDR 328 TDI (7fffffffffbfeffbfef807fffffef4031f00000c7fdfe03e0ec41188220ccfeff1f87e1f87e1f87e7e)
	TDO (7fffffffffbfeffbfef807fffffef4031f00000c7fdfe03e0ec41188220ccfeff1f87e1f87e1f87e7e)
	MASK (ffffffffffffffffffffffffffffffffffffffffffffffffffffffffffffffffffffffffffffffffff);
SIR 30 TDI (3ffa87ff);
SDR 13 TDI (104d);
SIR 30 TDI (3ffa33ff);
STATE IDLE;
RUNTEST 20001E-6 SEC;
SIR 30 TDI (3ffa43ff);
SDR 328 TDI (7fffffffffbfeffbfef807f7ffe8fc030f00000c7fdfe03e0ec41188220ccfeff1f8781f87e1f86e7e)
	TDO (7fffffffffbfeffbfef807f7ffe8fc030f00000c7fdfe03e0ec41188220ccfeff1f8781f87e1f86e7e)
	MASK (ffffffffffffffffffffffffffffffffffffffffffffffffffffffffffffffffffffffffffffffffff);
SIR 30 TDI (3ffa87ff);
SDR 13 TDI (104f);
SIR 30 TDI (3ffa33ff);
STATE IDLE;
RUNTEST 20001E-6 SEC;
SIR 30 TDI (3ffa43ff);
SDR 328 TDI (3fbfffffffbfeef9be6807fffff6f4031b00000c7f9f601e06c41188220ccfeff1f87e1f87e1f87e7e)
	TDO (3fbfffffffbfeef9be6807fffff6f4031b00000c7f9f601e06c41188220ccfeff1f87e1f87e1f87e7e)
	MASK (ffffffffffffffffffffffffffffffffffffffffffffffffffffffffffffffffffffffffffffffffff);
SIR 30 TDI (3ffa87ff);
SDR 13 TDI (1051);
SIR 30 TDI (3ffa33ff);
STATE IDLE;
RUNTEST 20001E-6 SEC;
SIR 30 TDI (3ffa43ff);
SDR 328 TDI (7fffffffffbfeffbfef807fffffefc031f00000469dfc03e0ec41188220ccfeff1f87e1d87e1f87e7e)
	TDO (7fffffffffbfeffbfef807fffffefc031f00000469dfc03e0ec41188220ccfeff1f87e1d87e1f87e7e)
	MASK (ffffffffffffffffffffffffffffffffffffffffffffffffffffffffffffffffffffffffffffffffff);
SIR 30 TDI (3ffa87ff);
SDR 13 TDI (1053);
SIR 30 TDI (3ffa33ff);
STATE IDLE;
RUNTEST 20001E-6 SEC;
SIR 30 TDI (3ffa43ff);
SDR 328 TDI (3fbfffffffbfeff9fe7807fffffefc031f00000c7fdfe03e0ec41188220ccfeff1f87e1f87e1f87e7e)
	TDO (3fbfffffffbfeff9fe7807fffffefc031f00000c7fdfe03e0ec41188220ccfeff1f87e1f87e1f87e7e)
	MASK (ffffffffffffffffffffffffffffffffffffffffffffffffffffffffffffffffffffffffffffffffff);
SIR 30 TDI (3ffa87ff);
SDR 13 TDI (1055);
SIR 30 TDI (3ffa33ff);
STATE IDLE;
RUNTEST 20001E-6 SEC;
SIR 30 TDI (3ffa43ff);
SDR 328 TDI (7fffffffffbfc7fbfef806fffffefc031f00000c7fdfe03e0ec41188220ccfeff1d87e1f87e1f87e7e)
	TDO (7fffffffffbfc7fbfef806fffffefc031f00000c7fdfe03e0ec41188220ccfeff1d87e1f87e1f87e7e)
	MASK (ffffffffffffffffffffffffffffffffffffffffffffffffffffffffffffffffffffffffffffffffff);
SIR 30 TDI (3ffa87ff);
SDR 13 TDI (1057);
SIR 30 TDI (3ffa33ff);
STATE IDLE;
RUNTEST 20001E-6 SEC;
SIR 30 TDI (3ffa43ff);
SDR 328 TDI (7fffffffffbf6ffbeef807fffffef4031f00000c7f9f601e06c41188220ccfeff1f87e1f87e1f87e7e)
	TDO (7fffffffffbf6ffbeef807fffffef4031f00000c7f9f601e06c41188220ccfeff1f87e1f87e1f87e7e)
	MASK (ffffffffffffffffffffffffffffffffffffffffffffffffffffffffffffffffffffffffffffffffff);
SIR 30 TDI (3ffa87ff);
SDR 13 TDI (1059);
SIR 30 TDI (3ffa33ff);
STATE IDLE;
RUNTEST 20001E-6 SEC;
SIR 30 TDI (3ffa43ff);
SDR 328 TDI (7fffffffff9fe7f9fe6807fffffefc031f0000047fdfc03e0ec41188220ccfed31986619866198667e)
	TDO (7fffffffff9fe7f9fe6807fffffefc031f0000047fdfc03e0ec41188220ccfed31986619866198667e)
	MASK (ffffffffffffffffffffffffffffffffffffffffffffffffffffffffffffffffffffffffffffffffff);
SIR 30 TDI (3ffa87ff);
SDR 13 TDI (105b);
SIR 30 TDI (3ffa33ff);
STATE IDLE;
RUNTEST 20001E-6 SEC;
SIR 30 TDI (3ffa43ff);
SDR 328 TDI (7fffffffffbfaffbf6f807fffffefc031f00000c7bd7e03e0ec41188220ccfeff1f87e1f87e1f87e7e)
	TDO (7fffffffffbfaffbf6f807fffffefc031f00000c7bd7e03e0ec41188220ccfeff1f87e1f87e1f87e7e)
	MASK (ffffffffffffffffffffffffffffffffffffffffffffffffffffffffffffffffffffffffffffffffff);
SIR 30 TDI (3ffa87ff);
SDR 13 TDI (105d);
SIR 30 TDI (3ffa33ff);
STATE IDLE;
RUNTEST 20001E-6 SEC;
SIR 30 TDI (3ffa43ff);
SDR 328 TDI (7fffffffffbfeffbfef807fffffefc031f00000c7f9f601e06c41188220ccfeff0787e1f8761f87e7e)
	TDO (7fffffffffbfeffbfef807fffffefc031f00000c7f9f601e06c41188220ccfeff0787e1f8761f87e7e)
	MASK (ffffffffffffffffffffffffffffffffffffffffffffffffffffffffffffffffffffffffffffffffff);
SIR 30 TDI (3ffa87ff);
SDR 13 TDI (105f);
SIR 30 TDI (3ffa33ff);
STATE IDLE;
RUNTEST 20001E-6 SEC;
SIR 30 TDI (3ffa43ff);
SDR 328 TDI (3fbfffffffbfeef9be6807fffffeec031f00000c7fdfe03e0ec41188220ccfeff1f87e1f87e1f87e7e)
	TDO (3fbfffffffbfeef9be6807fffffeec031f00000c7fdfe03e0ec41188220ccfeff1f87e1f87e1f87e7e)
	MASK (ffffffffffffffffffffffffffffffffffffffffffffffffffffffffffffffffffffffffffffffffff);
SIR 30 TDI (3ffa87ff);
SDR 13 TDI (1061);
SIR 30 TDI (3ffa33ff);
STATE IDLE;
RUNTEST 20001E-6 SEC;
SIR 30 TDI (3ffa43ff);
SDR 328 TDI (7fffffffffbfeffbfef807fffffefc031f0000047fc3c03e0ec41188220cceedf1f87e1f87e1f87e7e)
	TDO (7fffffffffbfeffbfef807fffffefc031f0000047fc3c03e0ec41188220cceedf1f87e1f87e1f87e7e)
	MASK (ffffffffffffffffffffffffffffffffffffffffffffffffffffffffffffffffffffffffffffffffff);
SIR 30 TDI (3ffa87ff);
SDR 13 TDI (1063);
SIR 30 TDI (3ffa33ff);
STATE IDLE;
RUNTEST 20001E-6 SEC;
SIR 30 TDI (3ffa43ff);
SDR 328 TDI (3fbfffffffbdeef9be6807fffffefc031f00000c5fdfe03e0ec41188220ccfeff1f87e1f87e1f87e7e)
	TDO (3fbfffffffbdeef9be6807fffffefc031f00000c5fdfe03e0ec41188220ccfeff1f87e1f87e1f87e7e)
	MASK (ffffffffffffffffffffffffffffffffffffffffffffffffffffffffffffffffffffffffffffffffff);
SIR 30 TDI (3ffa87ff);
SDR 13 TDI (1065);
SIR 30 TDI (3ffa33ff);
STATE IDLE;
RUNTEST 20001E-6 SEC;
SIR 30 TDI (3ffa43ff);
SDR 328 TDI (3fbfffffffbfeef99e6807effffc9c031700000c7fdfe03e0ec41188220ccfefb1f87e1f87e1f87e7e)
	TDO (3fbfffffffbfeef99e6807effffc9c031700000c7fdfe03e0ec41188220ccfefb1f87e1f87e1f87e7e)
	MASK (ffffffffffffffffffffffffffffffffffffffffffffffffffffffffffffffffffffffffffffffffff);
SIR 30 TDI (3ffa87ff);
SDR 13 TDI (1067);
SIR 30 TDI (3ffa33ff);
STATE IDLE;
RUNTEST 20001E-6 SEC;
SIR 30 TDI (3ffa43ff);
SDR 328 TDI (7fffffffffbfeffbfef807fffff674031b00000c7f9f601e06c41188220ccfeff1f87e1f87e1f87e7e)
	TDO (7fffffffffbfeffbfef807fffff674031b00000c7f9f601e06c41188220ccfeff1f87e1f87e1f87e7e)
	MASK (ffffffffffffffffffffffffffffffffffffffffffffffffffffffffffffffffffffffffffffffffff);
SIR 30 TDI (3ffa87ff);
SDR 13 TDI (1069);
SIR 30 TDI (3ffa33ff);
STATE IDLE;
RUNTEST 20001E-6 SEC;
SIR 30 TDI (3ffa43ff);
SDR 328 TDI (7fffffffffbfeffbfef8077ffffefc031f00000c7fdfe03e0ec41188220ccfeff1f87e1f87e1f8787e)
	TDO (7fffffffffbfeffbfef8077ffffefc031f00000c7fdfe03e0ec41188220ccfeff1f87e1f87e1f8787e)
	MASK (ffffffffffffffffffffffffffffffffffffffffffffffffffffffffffffffffffffffffffffffffff);
SIR 30 TDI (3ffa87ff);
SDR 13 TDI (106b);
SIR 30 TDI (3ffa33ff);
STATE IDLE;
RUNTEST 20001E-6 SEC;
SIR 30 TDI (3ffa43ff);
SDR 328 TDI (3fbfffffffbdeef9be6807fffffef4031f00000c7f9e601e06c41188220ccfeff1f87e1f87e1f87e7e)
	TDO (3fbfffffffbdeef9be6807fffffef4031f00000c7f9e601e06c41188220ccfeff1f87e1f87e1f87e7e)
	MASK (ffffffffffffffffffffffffffffffffffffffffffffffffffffffffffffffffffffffffffffffffff);
SIR 30 TDI (3ffa87ff);
SDR 13 TDI (106d);
SIR 30 TDI (3ffa33ff);
STATE IDLE;
RUNTEST 20001E-6 SEC;
SIR 30 TDI (3ffa43ff);
SDR 328 TDI (7fffffffffbfeffbdef807fffbfefc031f00000c7fdfe03e0ec41188020ccfe3f1f87e1b87e1f87e7e)
	TDO (7fffffffffbfeffbdef807fffbfefc031f00000c7fdfe03e0ec41188020ccfe3f1f87e1b87e1f87e7e)
	MASK (ffffffffffffffffffffffffffffffffffffffffffffffffffffffffffffffffffffffffffffffffff);
SIR 30 TDI (3ffa87ff);
SDR 13 TDI (106f);
SIR 30 TDI (3ffa33ff);
STATE IDLE;
RUNTEST 20001E-6 SEC;
SIR 30 TDI (3ffa43ff);
SDR 328 TDI (3fbfffffffbfee79be6807fffffef4031f00000c7fdfe03e0ec41188220ccfeff1f87e1f87e1f87e7e)
	TDO (3fbfffffffbfee79be6807fffffef4031f00000c7fdfe03e0ec41188220ccfeff1f87e1f87e1f87e7e)
	MASK (ffffffffffffffffffffffffffffffffffffffffffffffffffffffffffffffffffffffffffffffffff);
SIR 30 TDI (3ffa87ff);
SDR 13 TDI (1071);
SIR 30 TDI (3ffa33ff);
STATE IDLE;
RUNTEST 20001E-6 SEC;
SIR 30 TDI (3ffa43ff);
SDR 328 TDI (7fffffffffbfeffa7ef807fffffefc031f00000c6fdfe03e06c41188220ccfeff1f87e1f87e1e07e7e)
	TDO (7fffffffffbfeffa7ef807fffffefc031f00000c6fdfe03e06c41188220ccfeff1f87e1f87e1e07e7e)
	MASK (ffffffffffffffffffffffffffffffffffffffffffffffffffffffffffffffffffffffffffffffffff);
SIR 30 TDI (3ffa87ff);
SDR 13 TDI (1073);
SIR 30 TDI (3ffa33ff);
STATE IDLE;
RUNTEST 20001E-6 SEC;
SIR 30 TDI (3ffa43ff);
SDR 328 TDI (7fffffffffbfeffbfef807fffffefc031f0000047fdbe03e0ec41188220ccfeff1f87e1f87e1f87e7e)
	TDO (7fffffffffbfeffbfef807fffffefc031f0000047fdbe03e0ec41188220ccfeff1f87e1f87e1f87e7e)
	MASK (ffffffffffffffffffffffffffffffffffffffffffffffffffffffffffffffffffffffffffffffffff);
SIR 30 TDI (3ffa87ff);
SDR 13 TDI (1075);
SIR 30 TDI (3ffa33ff);
STATE IDLE;
RUNTEST 20001E-6 SEC;
SIR 30 TDI (3ffa43ff);
SDR 328 TDI (7fffffffffbfeffbfef807fffffefc031f00000c7fdfe03e0ec41188220cceedb1986619866198667e)
	TDO (7fffffffffbfeffbfef807fffffefc031f00000c7fdfe03e0ec41188220cceedb1986619866198667e)
	MASK (ffffffffffffffffffffffffffffffffffffffffffffffffffffffffffffffffffffffffffffffffff);
SIR 30 TDI (3ffa87ff);
SDR 13 TDI (1077);
SIR 30 TDI (3ffa33ff);
STATE IDLE;
RUNTEST 20001E-6 SEC;
SIR 30 TDI (3ffa43ff);
SDR 328 TDI (3fbfffffffbfeef9be6807fffffeec031f00000c7f9f601e06c41188220ccde7e0f03c0f03c0f03c7e)
	TDO (3fbfffffffbfeef9be6807fffffeec031f00000c7f9f601e06c41188220ccde7e0f03c0f03c0f03c7e)
	MASK (ffffffffffffffffffffffffffffffffffffffffffffffffffffffffffffffffffffffffffffffffff);
SIR 30 TDI (3ffa87ff);
SDR 13 TDI (1079);
SIR 30 TDI (3ffa33ff);
STATE IDLE;
RUNTEST 20001E-6 SEC;
SIR 30 TDI (3ffa43ff);
SDR 328 TDI (7fffffffffbfebfbfef807fffffefc031f00000c7fdfe03e0ec41188220ccd0ff1f87e1f87e1f87e7e)
	TDO (7fffffffffbfebfbfef807fffffefc031f00000c7fdfe03e0ec41188220ccd0ff1f87e1f87e1f87e7e)
	MASK (ffffffffffffffffffffffffffffffffffffffffffffffffffffffffffffffffffffffffffffffffff);
SIR 30 TDI (3ffa87ff);
SDR 13 TDI (107b);
SIR 30 TDI (3ffa33ff);
STATE IDLE;
RUNTEST 20001E-6 SEC;
SIR 30 TDI (3ffa43ff);
SDR 328 TDI (7fffffffffafeff9fe6807fffffefc031f00000469dfc03e0ec41188220ccfeff1f87e1f87e1f87e7e)
	TDO (7fffffffffafeff9fe6807fffffefc031f00000469dfc03e0ec41188220ccfeff1f87e1f87e1f87e7e)
	MASK (ffffffffffffffffffffffffffffffffffffffffffffffffffffffffffffffffffffffffffffffffff);
SIR 30 TDI (3ffa87ff);
SDR 13 TDI (107d);
SIR 30 TDI (3ffa33ff);
STATE IDLE;
RUNTEST 20001E-6 SEC;
SIR 30 TDI (3ffa43ff);
SDR 328 TDI (7fffffffffbfeffbdef807fffffefc031f00000c7edfe03e0ec41188220c8feff1f87e1f87e1f87e7e)
	TDO (7fffffffffbfeffbdef807fffffefc031f00000c7edfe03e0ec41188220c8feff1f87e1f87e1f87e7e)
	MASK (ffffffffffffffffffffffffffffffffffffffffffffffffffffffffffffffffffffffffffffffffff);
SIR 30 TDI (3ffa87ff);
SDR 13 TDI (107f);
SIR 30 TDI (3ffa33ff);
STATE IDLE;
RUNTEST 20001E-6 SEC;
SIR 30 TDI (3ffa43ff);
SDR 328 TDI (3fbfffffffbfeef9be6807fffffeec031f00000c7f9f601e06c41188220ccfeff1f87e1f87e1f87e7e)
	TDO (3fbfffffffbfeef9be6807fffffeec031f00000c7f9f601e06c41188220ccfeff1f87e1f87e1f87e7e)
	MASK (ffffffffffffffffffffffffffffffffffffffffffffffffffffffffffffffffffffffffffffffffff);
SIR 30 TDI (3ffa87ff);
SDR 13 TDI (1081);
SIR 30 TDI (3ffa33ff);
STATE IDLE;
RUNTEST 20001E-6 SEC;
SIR 30 TDI (3ffa43ff);
SDR 328 TDI (7fffffffffbfeffbfef807ffffbabc021e00000c7fdfe03e0ec41188220ccfeff1f87e1f87e0787e7e)
	TDO (7fffffffffbfeffbfef807ffffbabc021e00000c7fdfe03e0ec41188220ccfeff1f87e1f87e0787e7e)
	MASK (ffffffffffffffffffffffffffffffffffffffffffffffffffffffffffffffffffffffffffffffffff);
SIR 30 TDI (3ffa87ff);
SDR 13 TDI (1083);
SIR 30 TDI (3ffa33ff);
STATE IDLE;
RUNTEST 20001E-6 SEC;
SIR 30 TDI (3ffa43ff);
SDR 328 TDI (7fffffffffbfeffbfef807fffff674011b00000c7f9f601e06c41188220ccfeff1f87e1f87e1f87e7e)
	TDO (7fffffffffbfeffbfef807fffff674011b00000c7f9f601e06c41188220ccfeff1f87e1f87e1f87e7e)
	MASK (ffffffffffffffffffffffffffffffffffffffffffffffffffffffffffffffffffffffffffffffffff);
SIR 30 TDI (3ffa87ff);
SDR 13 TDI (1085);
SIR 30 TDI (3ffa33ff);
STATE IDLE;
RUNTEST 20001E-6 SEC;
SIR 30 TDI (3ffa43ff);
SDR 328 TDI (7fffffffffbfeffbfef807fffffef8031f00000c7fdfe03a0ec41188220ccfeff1f81e1f87e1d87e7e)
	TDO (7fffffffffbfeffbfef807fffffef8031f00000c7fdfe03a0ec41188220ccfeff1f81e1f87e1d87e7e)
	MASK (ffffffffffffffffffffffffffffffffffffffffffffffffffffffffffffffffffffffffffffffffff);
SIR 30 TDI (3ffa87ff);
SDR 13 TDI (1087);
SIR 30 TDI (3ffa33ff);
STATE IDLE;
RUNTEST 20001E-6 SEC;
SIR 30 TDI (3ffa43ff);
SDR 328 TDI (7fffffffffbfefbbdef807fffffefc031f00000c7fdfe03e0ec41188220ccfeff1f87e1f87e1f87e7e)
	TDO (7fffffffffbfefbbdef807fffffefc031f00000c7fdfe03e0ec41188220ccfeff1f87e1f87e1f87e7e)
	MASK (ffffffffffffffffffffffffffffffffffffffffffffffffffffffffffffffffffffffffffffffffff);
SIR 30 TDI (3ffa87ff);
SDR 13 TDI (1089);
SIR 30 TDI (3ffa33ff);
STATE IDLE;
RUNTEST 20001E-6 SEC;
SIR 30 TDI (3ffa43ff);
SDR 328 TDI (7fffffffffbfeffbfef807ffbffefc031f00000c7fdfe03e0ec41188220ccfeff1f87e1f81e1f87e7e)
	TDO (7fffffffffbfeffbfef807ffbffefc031f00000c7fdfe03e0ec41188220ccfeff1f87e1f81e1f87e7e)
	MASK (ffffffffffffffffffffffffffffffffffffffffffffffffffffffffffffffffffffffffffffffffff);
SIR 30 TDI (3ffa87ff);
SDR 13 TDI (108b);
SIR 30 TDI (3ffa33ff);
STATE IDLE;
RUNTEST 20001E-6 SEC;
SIR 30 TDI (3ffa43ff);
SDR 328 TDI (7fffffffffbfefdbdef807fffffef4031f00000c69dfc03e0ec41188220ccfeff1f87e1f87e1f87e7e)
	TDO (7fffffffffbfefdbdef807fffffef4031f00000c69dfc03e0ec41188220ccfeff1f87e1f87e1f87e7e)
	MASK (ffffffffffffffffffffffffffffffffffffffffffffffffffffffffffffffffffffffffffffffffff);
SIR 30 TDI (3ffa87ff);
SDR 13 TDI (108d);
SIR 30 TDI (3ffa33ff);
STATE IDLE;
RUNTEST 20001E-6 SEC;
SIR 30 TDI (3ffa43ff);
SDR 328 TDI (3fbfffffffbfeffbfef807fffffefc031f0000087fdfe03e0cc41188220ccfeff1e07e1f87e1f8767e)
	TDO (3fbfffffffbfeffbfef807fffffefc031f0000087fdfe03e0cc41188220ccfeff1e07e1f87e1f8767e)
	MASK (ffffffffffffffffffffffffffffffffffffffffffffffffffffffffffffffffffffffffffffffffff);
SIR 30 TDI (3ffa87ff);
SDR 13 TDI (108f);
SIR 30 TDI (3ffa33ff);
STATE IDLE;
RUNTEST 20001E-6 SEC;
SIR 30 TDI (3ffa43ff);
SDR 328 TDI (6efbddf7bdbfeff9be6807fffffefc031f00000c7fdfe03e0ec41188220ccfeff1f87e1f87e1f87e7e)
	TDO (6efbddf7bdbfeff9be6807fffffefc031f00000c7fdfe03e0ec41188220ccfeff1f87e1f87e1f87e7e)
	MASK (ffffffffffffffffffffffffffffffffffffffffffffffffffffffffffffffffffffffffffffffffff);
SIR 30 TDI (3ffa87ff);
SDR 13 TDI (1091);
SIR 30 TDI (3ffa33ff);
STATE IDLE;
RUNTEST 20001E-6 SEC;
SIR 30 TDI (3ffa43ff);
SDR 328 TDI (7fffffffffbfeffbfef807fffffefc031f00000c3fdfe03e0ac41188220ccfeff1f87e0787e1f87e7e)
	TDO (7fffffffffbfeffbfef807fffffefc031f00000c3fdfe03e0ac41188220ccfeff1f87e0787e1f87e7e)
	MASK (ffffffffffffffffffffffffffffffffffffffffffffffffffffffffffffffffffffffffffffffffff);
SIR 30 TDI (3ffa87ff);
SDR 13 TDI (1093);
SIR 30 TDI (3ffa33ff);
STATE IDLE;
RUNTEST 20001E-6 SEC;
SIR 30 TDI (3ffa43ff);
SDR 328 TDI (3fbfffffffbfeef99e6807fffffefc031f00000c7fc3c03e0ec41188220ccfeff1f87e1f87e1f87e7e)
	TDO (3fbfffffffbfeef99e6807fffffefc031f00000c7fc3c03e0ec41188220ccfeff1f87e1f87e1f87e7e)
	MASK (ffffffffffffffffffffffffffffffffffffffffffffffffffffffffffffffffffffffffffffffffff);
SIR 30 TDI (3ffa87ff);
SDR 13 TDI (1095);
SIR 30 TDI (3ffa33ff);
STATE IDLE;
RUNTEST 20001E-6 SEC;
SIR 30 TDI (3ffa43ff);
SDR 328 TDI (7fffffffffbfeffbfef807fefffefc031f00000c7fdfe03e0ec41108220ccfeff1f86e1f87e1f87e7e)
	TDO (7fffffffffbfeffbfef807fefffefc031f00000c7fdfe03e0ec41108220ccfeff1f86e1f87e1f87e7e)
	MASK (ffffffffffffffffffffffffffffffffffffffffffffffffffffffffffffffffffffffffffffffffff);
SIR 30 TDI (3ffa87ff);
SDR 13 TDI (1097);
SIR 30 TDI (3ffa33ff);
STATE IDLE;
RUNTEST 20001E-6 SEC;
SIR 30 TDI (3ffa43ff);
SDR 328 TDI (7fffffffffbfeffbfef807fffffef4031f00000c7fdfe03e0ec41188220ccfeff1f87e1f87e1f87e7e)
	TDO (7fffffffffbfeffbfef807fffffef4031f00000c7fdfe03e0ec41188220ccfeff1f87e1f87e1f87e7e)
	MASK (ffffffffffffffffffffffffffffffffffffffffffffffffffffffffffffffffffffffffffffffffff);
SIR 30 TDI (3ffa87ff);
SDR 13 TDI (1099);
SIR 30 TDI (3ffa33ff);
STATE IDLE;
RUNTEST 20001E-6 SEC;
SIR 30 TDI (3ffa43ff);
SDR 328 TDI (7fffffffffb3edfbfef807fff7fefc031f00000c7fdfe02e0ec41188220ccfeff1f87e1f8781f87e7e)
	TDO (7fffffffffb3edfbfef807fff7fefc031f00000c7fdfe02e0ec41188220ccfeff1f87e1f8781f87e7e)
	MASK (ffffffffffffffffffffffffffffffffffffffffffffffffffffffffffffffffffffffffffffffffff);
SIR 30 TDI (3ffa87ff);
SDR 13 TDI (109b);
SIR 30 TDI (3ffa33ff);
STATE IDLE;
RUNTEST 20001E-6 SEC;
SIR 30 TDI (3ffa43ff);
SDR 328 TDI (7fffffffffbfeffbeef807fffffef4031f00000c7fdfe03e0ec41188220ccfeff1f87e1f87e1f87e7e)
	TDO (7fffffffffbfeffbeef807fffffef4031f00000c7fdfe03e0ec41188220ccfeff1f87e1f87e1f87e7e)
	MASK (ffffffffffffffffffffffffffffffffffffffffffffffffffffffffffffffffffffffffffffffffff);
SIR 30 TDI (3ffa87ff);
SDR 13 TDI (109d);
SIR 30 TDI (3ffa33ff);
STATE IDLE;
RUNTEST 20001E-6 SEC;
SIR 30 TDI (3ffa43ff);
SDR 328 TDI (7fffffffffbeeffbfef807dffffefc031f00000c7f5fe02e0ac41188220ccfefc1f87e1f87e1b87e7e)
	TDO (7fffffffffbeeffbfef807dffffefc031f00000c7f5fe02e0ac41188220ccfefc1f87e1f87e1b87e7e)
	MASK (ffffffffffffffffffffffffffffffffffffffffffffffffffffffffffffffffffffffffffffffffff);
SIR 30 TDI (3ffa87ff);
SDR 13 TDI (109f);
SIR 30 TDI (3ffa33ff);
STATE IDLE;
RUNTEST 20001E-6 SEC;
SIR 30 TDI (3ffa43ff);
SDR 328 TDI (40400000003f6ff9fe6807fffffef4031f00000c7fdfe0360ec411882204cfeff1f87e1f87e1f87e7e)
	TDO (40400000003f6ff9fe6807fffffef4031f00000c7fdfe0360ec411882204cfeff1f87e1f87e1f87e7e)
	MASK (ffffffffffffffffffffffffffffffffffffffffffffffffffffffffffffffffffffffffffffffffff);
SIR 30 TDI (3ffa87ff);
SDR 13 TDI (10a1);
SIR 30 TDI (3ffa33ff);
STATE IDLE;
RUNTEST 20001E-6 SEC;
SIR 30 TDI (3ffa43ff);
SDR 328 TDI (7fffffffffbfeffbfef807fbfffefc030400000c7fdfe03e0ec41188220ccfeff1f87e1f87e1f87e7e)
	TDO (7fffffffffbfeffbfef807fbfffefc030400000c7fdfe03e0ec41188220ccfeff1f87e1f87e1f87e7e)
	MASK (ffffffffffffffffffffffffffffffffffffffffffffffffffffffffffffffffffffffffffffffffff);
SIR 30 TDI (3ffa87ff);
SDR 13 TDI (10a3);
SIR 30 TDI (3ffa33ff);
STATE IDLE;
RUNTEST 20001E-6 SEC;
SIR 30 TDI (3ffa43ff);
SDR 328 TDI (3fbfffffffbdeef9be6807fffffef4031b00000c7fdfe03e0ec41188220cceec31986619866198667e)
	TDO (3fbfffffffbdeef9be6807fffffef4031b00000c7fdfe03e0ec41188220cceec31986619866198667e)
	MASK (ffffffffffffffffffffffffffffffffffffffffffffffffffffffffffffffffffffffffffffffffff);
SIR 30 TDI (3ffa87ff);
SDR 13 TDI (10a5);
SIR 30 TDI (3ffa33ff);
STATE IDLE;
RUNTEST 20001E-6 SEC;
SIR 30 TDI (3ffa43ff);
SDR 328 TDI (7fffffffffbfeff3fef807fffffefc031f00000c7fdfe03e0ec41188220ccfeff1f87e1f87e1f87e7e)
	TDO (7fffffffffbfeff3fef807fffffefc031f00000c7fdfe03e0ec41188220ccfeff1f87e1f87e1f87e7e)
	MASK (ffffffffffffffffffffffffffffffffffffffffffffffffffffffffffffffffffffffffffffffffff);
SIR 30 TDI (3ffa87ff);
SDR 13 TDI (10a7);
SIR 30 TDI (3ffa33ff);
STATE IDLE;
RUNTEST 20001E-6 SEC;
SIR 30 TDI (3ffa43ff);
SDR 328 TDI (7fffffffffbfeffbfef807fffffeec031f00000c7f9f601e06c41188220ccfeff1f87e1f87e1f87e7e)
	TDO (7fffffffffbfeffbfef807fffffeec031f00000c7f9f601e06c41188220ccfeff1f87e1f87e1f87e7e)
	MASK (ffffffffffffffffffffffffffffffffffffffffffffffffffffffffffffffffffffffffffffffffff);
SIR 30 TDI (3ffa87ff);
SDR 13 TDI (10a9);
SIR 30 TDI (3ffa33ff);
STATE IDLE;
RUNTEST 20001E-6 SEC;
SIR 30 TDI (3ffa43ff);
SDR 328 TDI (7fffffffffbfeffbfe9807fffdfefc031f00000c7fdfe03e0ec41188220ccfed31986619866198667e)
	TDO (7fffffffffbfeffbfe9807fffdfefc031f00000c7fdfe03e0ec41188220ccfed31986619866198667e)
	MASK (ffffffffffffffffffffffffffffffffffffffffffffffffffffffffffffffffffffffffffffffffff);
SIR 30 TDI (3ffa87ff);
SDR 13 TDI (10ab);
SIR 30 TDI (3ffa33ff);
STATE IDLE;
RUNTEST 20001E-6 SEC;
SIR 30 TDI (3ffa43ff);
SDR 328 TDI (7fffffffffbfeffbfef807fffffef4031f00000c7f9e601e06c41188220cceeef1f87e1f87e1f87e7e)
	TDO (7fffffffffbfeffbfef807fffffef4031f00000c7f9e601e06c41188220cceeef1f87e1f87e1f87e7e)
	MASK (ffffffffffffffffffffffffffffffffffffffffffffffffffffffffffffffffffffffffffffffffff);
SIR 30 TDI (3ffa87ff);
SDR 13 TDI (10ad);
SIR 30 TDI (3ffa33ff);
STATE IDLE;
RUNTEST 20001E-6 SEC;
SIR 30 TDI (3ffa43ff);
SDR 328 TDI (3fbfffffffbfeff9be6807fffffefc031f00000c7f9f601e06c41188220ccfeff1f87e1f87e1f87e7e)
	TDO (3fbfffffffbfeff9be6807fffffefc031f00000c7f9f601e06c41188220ccfeff1f87e1f87e1f87e7e)
	MASK (ffffffffffffffffffffffffffffffffffffffffffffffffffffffffffffffffffffffffffffffffff);
SIR 30 TDI (3ffa87ff);
SDR 13 TDI (10af);
SIR 30 TDI (3ffa33ff);
STATE IDLE;
RUNTEST 20001E-6 SEC;
SIR 30 TDI (3ffa43ff);
SDR 328 TDI (7fcff7bcff3feffbfef807fffffefc031f00000c7fdfe0360ec41188220ccfed31986619866198667e)
	TDO (7fcff7bcff3feffbfef807fffffefc031f00000c7fdfe0360ec41188220ccfed31986619866198667e)
	MASK (ffffffffffffffffffffffffffffffffffffffffffffffffffffffffffffffffffffffffffffffffff);
SIR 30 TDI (3ffa87ff);
SDR 13 TDI (10b1);
SIR 30 TDI (3ffa33ff);
STATE IDLE;
RUNTEST 20001E-6 SEC;
SIR 30 TDI (3ffa43ff);
SDR 328 TDI (7fffffffffb3edfbfef807fffffefc031f00000c7fdfe03e0ec41188220ccfeff1f87e1f87e1f87e7e)
	TDO (7fffffffffb3edfbfef807fffffefc031f00000c7fdfe03e0ec41188220ccfeff1f87e1f87e1f87e7e)
	MASK (ffffffffffffffffffffffffffffffffffffffffffffffffffffffffffffffffffffffffffffffffff);
SIR 30 TDI (3ffa87ff);
SDR 13 TDI (10b3);
SIR 30 TDI (3ffa33ff);
STATE IDLE;
RUNTEST 20001E-6 SEC;
SIR 30 TDI (3ffa43ff);
SDR 328 TDI (7fffffffffbf6ffbeef807fffffefc031f00000c77dda03e0ec41188220ccfeff1f87e1f87e1f87e7e)
	TDO (7fffffffffbf6ffbeef807fffffefc031f00000c77dda03e0ec41188220ccfeff1f87e1f87e1f87e7e)
	MASK (ffffffffffffffffffffffffffffffffffffffffffffffffffffffffffffffffffffffffffffffffff);
SIR 30 TDI (3ffa87ff);
SDR 13 TDI (10b5);
SIR 30 TDI (3ffa33ff);
STATE IDLE;
RUNTEST 20001E-6 SEC;
SIR 30 TDI (3ffa43ff);
SDR 328 TDI (7fffffffffbfeffbfef807fdfffefc031f00000c7fdfe03e0ec41188220cc7eff1f87e1f87e1f87e7e)
	TDO (7fffffffffbfeffbfef807fdfffefc031f00000c7fdfe03e0ec41188220cc7eff1f87e1f87e1f87e7e)
	MASK (ffffffffffffffffffffffffffffffffffffffffffffffffffffffffffffffffffffffffffffffffff);
SIR 30 TDI (3ffa87ff);
SDR 13 TDI (10b7);
SIR 30 TDI (3ffa33ff);
STATE IDLE;
RUNTEST 20001E-6 SEC;
SIR 30 TDI (3ffa43ff);
SDR 328 TDI (3fbfffffffbfeef9be6807fffffef4031f00000c7f9f601e06c41188220ccfeff1f87e1f87e1f87e7e)
	TDO (3fbfffffffbfeef9be6807fffffef4031f00000c7f9f601e06c41188220ccfeff1f87e1f87e1f87e7e)
	MASK (ffffffffffffffffffffffffffffffffffffffffffffffffffffffffffffffffffffffffffffffffff);
SIR 30 TDI (3ffa87ff);
SDR 13 TDI (10b9);
SIR 30 TDI (3ffa33ff);
STATE IDLE;
RUNTEST 20001E-6 SEC;
SIR 30 TDI (3ffa43ff);
SDR 328 TDI (7fffffffffbfeffbfef807fffffefc031f00000c7fdfe03e0ec41188220c8f6ff1f87e1f87e1f87e7e)
	TDO (7fffffffffbfeffbfef807fffffefc031f00000c7fdfe03e0ec41188220c8f6ff1f87e1f87e1f87e7e)
	MASK (ffffffffffffffffffffffffffffffffffffffffffffffffffffffffffffffffffffffffffffffffff);
SIR 30 TDI (3ffa87ff);
SDR 13 TDI (10bb);
SIR 30 TDI (3ffa33ff);
STATE IDLE;
RUNTEST 20001E-6 SEC;
SIR 30 TDI (3ffa43ff);
SDR 328 TDI (7fffffffffbfefebdef807fffffefc031f0000046fdbe03e0ec41188220cceed31986619866198667e)
	TDO (7fffffffffbfefebdef807fffffefc031f0000046fdbe03e0ec41188220cceed31986619866198667e)
	MASK (ffffffffffffffffffffffffffffffffffffffffffffffffffffffffffffffffffffffffffffffffff);
SIR 30 TDI (3ffa87ff);
SDR 13 TDI (10bd);
SIR 30 TDI (3ffa33ff);
STATE IDLE;
RUNTEST 20001E-6 SEC;
SIR 30 TDI (3ffa43ff);
SDR 328 TDI (7fffffffffbfeffbfef807ffeffefc031f00000c7fdfe03e0ec41088220cceed31986619866198667e)
	TDO (7fffffffffbfeffbfef807ffeffefc031f00000c7fdfe03e0ec41088220cceed31986619866198667e)
	MASK (ffffffffffffffffffffffffffffffffffffffffffffffffffffffffffffffffffffffffffffffffff);
SIR 30 TDI (3ffa87ff);
SDR 13 TDI (10bf);
SIR 30 TDI (3ffa33ff);
STATE IDLE;
RUNTEST 20001E-6 SEC;
SIR 30 TDI (3ffa43ff);
SDR 328 TDI (7fffffffffbfeffbfef807fffffef4031f00000c7fdfe03e0ec41188220ccfeff1f87e1f87e1f87e7e)
	TDO (7fffffffffbfeffbfef807fffffef4031f00000c7fdfe03e0ec41188220ccfeff1f87e1f87e1f87e7e)
	MASK (ffffffffffffffffffffffffffffffffffffffffffffffffffffffffffffffffffffffffffffffffff);
SIR 30 TDI (3ffa87ff);
SDR 13 TDI (10c1);
SIR 30 TDI (3ffa33ff);
STATE IDLE;
RUNTEST 20001E-6 SEC;
SIR 30 TDI (3ffa43ff);
SDR 328 TDI (7fffffffffbfeffbfef807ffdffefc031f00000c7fdfe03c0e040180200c4baff1f87e1f87e1f87e7e)
	TDO (7fffffffffbfeffbfef807ffdffefc031f00000c7fdfe03c0e040180200c4baff1f87e1f87e1f87e7e)
	MASK (ffffffffffffffffffffffffffffffffffffffffffffffffffffffffffffffffffffffffffffffffff);
SIR 30 TDI (3ffa87ff);
SDR 13 TDI (10c3);
SIR 30 TDI (3ffa33ff);
STATE IDLE;
RUNTEST 20001E-6 SEC;
SIR 30 TDI (3ffa43ff);
SDR 328 TDI (7fffffffffbfeffbdef807fffffef4031f00000c7fdfe03e0ec41188220ccfeff1f87e1f87e1f87e7e)
	TDO (7fffffffffbfeffbdef807fffffef4031f00000c7fdfe03e0ec41188220ccfeff1f87e1f87e1f87e7e)
	MASK (ffffffffffffffffffffffffffffffffffffffffffffffffffffffffffffffffffffffffffffffffff);
SIR 30 TDI (3ffa87ff);
SDR 13 TDI (10c5);
SIR 30 TDI (3ffa33ff);
STATE IDLE;
RUNTEST 20001E-6 SEC;
SIR 30 TDI (3ffa43ff);
SDR 328 TDI (7fffffffffbfeff9fe6807ffff7efc031f00000c7fdfe03c0e040180200c4feff1f87e1f87e1f87e7e)
	TDO (7fffffffffbfeff9fe6807ffff7efc031f00000c7fdfe03c0e040180200c4feff1f87e1f87e1f87e7e)
	MASK (ffffffffffffffffffffffffffffffffffffffffffffffffffffffffffffffffffffffffffffffffff);
SIR 30 TDI (3ffa87ff);
SDR 13 TDI (10c7);
SIR 30 TDI (3ffa33ff);
STATE IDLE;
RUNTEST 20001E-6 SEC;
SIR 30 TDI (3ffa43ff);
SDR 328 TDI (7fffffffffbfeffbfef807fffffef4031f00000c7fdfe03e0ec41188220ccfeff1f87e1f87e1f87e7e)
	TDO (7fffffffffbfeffbfef807fffffef4031f00000c7fdfe03e0ec41188220ccfeff1f87e1f87e1f87e7e)
	MASK (ffffffffffffffffffffffffffffffffffffffffffffffffffffffffffffffffffffffffffffffffff);
SIR 30 TDI (3ffa87ff);
SDR 13 TDI (10c9);
SIR 30 TDI (3ffa33ff);
STATE IDLE;
RUNTEST 20001E-6 SEC;
SIR 30 TDI (3ffa43ff);
SDR 328 TDI (7fffffffffbfeffbfef807fffffefc031f00000c7fdfe03e0ec41188220ccfeff1f87e1f87e1f87e7e)
	TDO (7fffffffffbfeffbfef807fffffefc031f00000c7fdfe03e0ec41188220ccfeff1f87e1f87e1f87e7e)
	MASK (ffffffffffffffffffffffffffffffffffffffffffffffffffffffffffffffffffffffffffffffffff);
SIR 30 TDI (3ffa87ff);
SDR 13 TDI (10cb);
SIR 30 TDI (3ffa33ff);
STATE IDLE;
RUNTEST 20001E-6 SEC;
SIR 30 TDI (3ffa43ff);
SDR 328 TDI (7fffffffffbfeffbfef00400000edc021d00000c7f9e601e06c41188220cceec31986619866198667e)
	TDO (7fffffffffbfeffbfef00400000edc021d00000c7f9e601e06c41188220cceec31986619866198667e)
	MASK (ffffffffffffffffffffffffffffffffffffffffffffffffffffffffffffffffffffffffffffffffff);
SIR 30 TDI (3ffa87ff);
SDR 13 TDI (10cd);
SIR 30 TDI (3ffa33ff);
STATE IDLE;
RUNTEST 20001E-6 SEC;
SIR 30 TDI (3ffa43ff);
SDR 328 TDI (7fffffffffbfeffbfcf80400003efc031f00000c7fdfe03e0ec411882208cfeff1f87e1f87e1f87e7e)
	TDO (7fffffffffbfeffbfcf80400003efc031f00000c7fdfe03e0ec411882208cfeff1f87e1f87e1f87e7e)
	MASK (ffffffffffffffffffffffffffffffffffffffffffffffffffffffffffffffffffffffffffffffffff);
SIR 30 TDI (3ffa87ff);
SDR 13 TDI (10cf);
SIR 30 TDI (3ffa33ff);
STATE IDLE;
RUNTEST 20001E-6 SEC;
SIR 30 TDI (3ffa43ff);
SDR 328 TDI (7fffffffffbfeffbfef807fffffefc031f00000c7fdfe03e0ec41188220ccfeff1f87e1f87e1f87e7e)
	TDO (7fffffffffbfeffbfef807fffffefc031f00000c7fdfe03e0ec41188220ccfeff1f87e1f87e1f87e7e)
	MASK (ffffffffffffffffffffffffffffffffffffffffffffffffffffffffffffffffffffffffffffffffff);
SIR 30 TDI (3ffa87ff);
SDR 13 TDI (10d1);
SIR 30 TDI (3ffa33ff);
STATE IDLE;
RUNTEST 20001E-6 SEC;
SIR 30 TDI (3ffa43ff);
SDR 328 TDI (7fffffffffbfeffbfef807fffffefc031f00000c7fdfe01e0ec41188220ccfeff1f87e1e07e1f87e7e)
	TDO (7fffffffffbfeffbfef807fffffefc031f00000c7fdfe01e0ec41188220ccfeff1f87e1e07e1f87e7e)
	MASK (ffffffffffffffffffffffffffffffffffffffffffffffffffffffffffffffffffffffffffffffffff);
SIR 30 TDI (3ffa87ff);
SDR 13 TDI (10d3);
SIR 30 TDI (3ffa33ff);
STATE IDLE;
RUNTEST 20001E-6 SEC;
SIR 30 TDI (3ffa43ff);
SDR 328 TDI (7fffffffff8feffbfef807fffffefc031f0000047fdfe03e0ec41188220ccfeff1f87e1f87e1f87e7e)
	TDO (7fffffffff8feffbfef807fffffefc031f0000047fdfe03e0ec41188220ccfeff1f87e1f87e1f87e7e)
	MASK (ffffffffffffffffffffffffffffffffffffffffffffffffffffffffffffffffffffffffffffffffff);
SIR 30 TDI (3ffa87ff);
SDR 13 TDI (10d5);
SIR 30 TDI (3ffa33ff);
STATE IDLE;
RUNTEST 20001E-6 SEC;
SIR 30 TDI (3ffa43ff);
SDR 328 TDI (7fffffffffbecffbfaf807fffefefc031f00000c7fdfe03e0ec01188220ccfeff1f87e1f87e1f87e7e)
	TDO (7fffffffffbecffbfaf807fffefefc031f00000c7fdfe03e0ec01188220ccfeff1f87e1f87e1f87e7e)
	MASK (ffffffffffffffffffffffffffffffffffffffffffffffffffffffffffffffffffffffffffffffffff);
SIR 30 TDI (3ffa87ff);
SDR 13 TDI (10d7);
SIR 30 TDI (3ffa33ff);
STATE IDLE;
RUNTEST 20001E-6 SEC;
SIR 30 TDI (3ffa43ff);
SDR 328 TDI (7fffffffffbfeffbfef807fffffef4031f00000c7fdfe03e0ec41188220ccfeff1f87e1f87e1f87e7e)
	TDO (7fffffffffbfeffbfef807fffffef4031f00000c7fdfe03e0ec41188220ccfeff1f87e1f87e1f87e7e)
	MASK (ffffffffffffffffffffffffffffffffffffffffffffffffffffffffffffffffffffffffffffffffff);
STATE IDLE;
SIR 30 TDI (3ffa87ff);
SDR 13 TDI (1101);
SIR 30 TDI (3ffa33ff);
STATE IDLE;
RUNTEST 20001E-6 SEC;
SIR 30 TDI (3ffa43ff);
SDR 328 TDI (7fefe0f03c0c03e0000fffffe3e07c0f8001c0701b1304646927044450cc87e0003fff9ffff800007e)
	TDO (7fefe0f03c0c03e0000fffffe3e07c0f8001c0701b1304646927044450cc87e0003fff9ffff800007e)
	MASK (ffffffffffffffffffffffffffffffffffffffffffffffffffffffffffffffffffffffffffffffffff);
SIR 30 TDI (3ffa87ff);
SDR 13 TDI (1103);
SIR 30 TDI (3ffa33ff);
STATE IDLE;
RUNTEST 20001E-6 SEC;
SIR 30 TDI (3ffa43ff);
SDR 328 TDI (7fefe0f03c0c03e0000fffffe2e05c0f8001c0507fff07fdff3fe7c7f1ff87e0003fff9ffff800007e)
	TDO (7fefe0f03c0c03e0000fffffe2e05c0f8001c0507fff07fdff3fe7c7f1ff87e0003fff9ffff800007e)
	MASK (ffffffffffffffffffffffffffffffffffffffffffffffffffffffffffffffffffffffffffffffffff);
SIR 30 TDI (3ffa87ff);
SDR 13 TDI (1105);
SIR 30 TDI (3ffa33ff);
STATE IDLE;
RUNTEST 20001E-6 SEC;
SIR 30 TDI (3ffa43ff);
SDR 328 TDI (7fefe0f03c0c03e0000fffffe3e07c0f8001c0707fff07fdff3fe7c7f1ff87e0003fff9ffff800007e)
	TDO (7fefe0f03c0c03e0000fffffe3e07c0f8001c0707fff07fdff3fe7c7f1ff87e0003fff9ffff800007e)
	MASK (ffffffffffffffffffffffffffffffffffffffffffffffffffffffffffffffffffffffffffffffffff);
SIR 30 TDI (3ffa87ff);
SDR 13 TDI (1107);
SIR 30 TDI (3ffa33ff);
STATE IDLE;
RUNTEST 20001E-6 SEC;
SIR 30 TDI (3ffa43ff);
SDR 328 TDI (7fefe0f03c0c03e0000fffffe3e07c0f8001c0707fff07fdff3fe7c7f1ff87e0003fff9ffff800007e)
	TDO (7fefe0f03c0c03e0000fffffe3e07c0f8001c0707fff07fdff3fe7c7f1ff87e0003fff9ffff800007e)
	MASK (ffffffffffffffffffffffffffffffffffffffffffffffffffffffffffffffffffffffffffffffffff);
SIR 30 TDI (3ffa87ff);
SDR 13 TDI (1109);
SIR 30 TDI (3ffa33ff);
STATE IDLE;
RUNTEST 20001E-6 SEC;
SIR 30 TDI (3ffa43ff);
SDR 328 TDI (7fefe0f03c0c03e0000fffffe3e07c0f8001c0707fff07fdff3fe7c7f1ff87e0003fff9ffff800007e)
	TDO (7fefe0f03c0c03e0000fffffe3e07c0f8001c0707fff07fdff3fe7c7f1ff87e0003fff9ffff800007e)
	MASK (ffffffffffffffffffffffffffffffffffffffffffffffffffffffffffffffffffffffffffffffffff);
SIR 30 TDI (3ffa87ff);
SDR 13 TDI (110b);
SIR 30 TDI (3ffa33ff);
STATE IDLE;
RUNTEST 20001E-6 SEC;
SIR 30 TDI (3ffa43ff);
SDR 328 TDI (7fefe0f03c0c03e0000fffffe3e07c0f8001c0707fff07fdff3fe7c7f1ff87e0003fff9ffff800007e)
	TDO (7fefe0f03c0c03e0000fffffe3e07c0f8001c0707fff07fdff3fe7c7f1ff87e0003fff9ffff800007e)
	MASK (ffffffffffffffffffffffffffffffffffffffffffffffffffffffffffffffffffffffffffffffffff);
SIR 30 TDI (3ffa87ff);
SDR 13 TDI (110d);
SIR 30 TDI (3ffa33ff);
STATE IDLE;
RUNTEST 20001E-6 SEC;
SIR 30 TDI (3ffa43ff);
SDR 328 TDI (7fefe0f03c0c03e0000fffffe3e07c0f8001c0707fff07fdff3fe7c7f1ff87e0003fff9ffff800007e)
	TDO (7fefe0f03c0c03e0000fffffe3e07c0f8001c0707fff07fdff3fe7c7f1ff87e0003fff9ffff800007e)
	MASK (ffffffffffffffffffffffffffffffffffffffffffffffffffffffffffffffffffffffffffffffffff);
SIR 30 TDI (3ffa87ff);
SDR 13 TDI (110f);
SIR 30 TDI (3ffa33ff);
STATE IDLE;
RUNTEST 20001E-6 SEC;
SIR 30 TDI (3ffa43ff);
SDR 328 TDI (7fefe0f03c0c03e0000fffffe3e07c0f8001c0707fff07edff3fe747f1ff8760003fbf9fffb800007e)
	TDO (7fefe0f03c0c03e0000fffffe3e07c0f8001c0707fff07edff3fe747f1ff8760003fbf9fffb800007e)
	MASK (ffffffffffffffffffffffffffffffffffffffffffffffffffffffffffffffffffffffffffffffffff);
SIR 30 TDI (3ffa87ff);
SDR 13 TDI (1111);
SIR 30 TDI (3ffa33ff);
STATE IDLE;
RUNTEST 20001E-6 SEC;
SIR 30 TDI (3ffa43ff);
SDR 328 TDI (7fefe0f03c0c03e0000fffffe3e07c0f8001c0707ffb077dfb3fe7c7d1ff87e0002ffd9ffff800007e)
	TDO (7fefe0f03c0c03e0000fffffe3e07c0f8001c0707ffb077dfb3fe7c7d1ff87e0002ffd9ffff800007e)
	MASK (ffffffffffffffffffffffffffffffffffffffffffffffffffffffffffffffffffffffffffffffffff);
SIR 30 TDI (3ffa87ff);
SDR 13 TDI (1113);
SIR 30 TDI (3ffa33ff);
STATE IDLE;
RUNTEST 20001E-6 SEC;
SIR 30 TDI (3ffa43ff);
SDR 328 TDI (7fefe0f03c0c03e0000fffffe3e07c0f8001c0707fff07fdff3fe7c7f1ff862000233c8f068800007e)
	TDO (7fefe0f03c0c03e0000fffffe3e07c0f8001c0707fff07fdff3fe7c7f1ff862000233c8f068800007e)
	MASK (ffffffffffffffffffffffffffffffffffffffffffffffffffffffffffffffffffffffffffffffffff);
SIR 30 TDI (3ffa87ff);
SDR 13 TDI (1115);
SIR 30 TDI (3ffa33ff);
STATE IDLE;
RUNTEST 20001E-6 SEC;
SIR 30 TDI (3ffa43ff);
SDR 328 TDI (7fefe0f03c0c03e0000fffffe3e07c0f8001c0707fff07fdff37e7c771fd87e0003fff9ffff800007e)
	TDO (7fefe0f03c0c03e0000fffffe3e07c0f8001c0707fff07fdff37e7c771fd87e0003fff9ffff800007e)
	MASK (ffffffffffffffffffffffffffffffffffffffffffffffffffffffffffffffffffffffffffffffffff);
SIR 30 TDI (3ffa87ff);
SDR 13 TDI (1117);
SIR 30 TDI (3ffa33ff);
STATE IDLE;
RUNTEST 20001E-6 SEC;
SIR 30 TDI (3ffa43ff);
SDR 328 TDI (7fefe0f03c0c03e0000fffffa3e07c0f8001c0707fff07fdff3fe7c7f1ff87e0003fff9ffff800007e)
	TDO (7fefe0f03c0c03e0000fffffa3e07c0f8001c0707fff07fdff3fe7c7f1ff87e0003fff9ffff800007e)
	MASK (ffffffffffffffffffffffffffffffffffffffffffffffffffffffffffffffffffffffffffffffffff);
SIR 30 TDI (3ffa87ff);
SDR 13 TDI (1119);
SIR 30 TDI (3ffa33ff);
STATE IDLE;
RUNTEST 20001E-6 SEC;
SIR 30 TDI (3ffa43ff);
SDR 328 TDI (7fefc0f03c0c03e0000fffffa3e07c0f8001c0707fff07fdff3fe7c7f1ff87e0003fff9ffff800007e)
	TDO (7fefc0f03c0c03e0000fffffa3e07c0f8001c0707fff07fdff3fe7c7f1ff87e0003fff9ffff800007e)
	MASK (ffffffffffffffffffffffffffffffffffffffffffffffffffffffffffffffffffffffffffffffffff);
SIR 30 TDI (3ffa87ff);
SDR 13 TDI (111b);
SIR 30 TDI (3ffa33ff);
STATE IDLE;
RUNTEST 20001E-6 SEC;
SIR 30 TDI (3ffa43ff);
SDR 328 TDI (7fefe0f03c0c01e0000ffbf3e340680b0001c0606ad505bdaf3ec6c5b17a87e0003fff9ffff800007e)
	TDO (7fefe0f03c0c01e0000ffbf3e340680b0001c0606ad505bdaf3ec6c5b17a87e0003fff9ffff800007e)
	MASK (ffffffffffffffffffffffffffffffffffffffffffffffffffffffffffffffffffffffffffffffffff);
SIR 30 TDI (3ffa87ff);
SDR 13 TDI (111d);
SIR 30 TDI (3ffa33ff);
STATE IDLE;
RUNTEST 20001E-6 SEC;
SIR 30 TDI (3ffa43ff);
SDR 328 TDI (7fefe0f03c0c03c0000fffffe3e07c0f8001c0707fff07fdff3fe7c7f1ff87e0003fff9ffff800007e)
	TDO (7fefe0f03c0c03c0000fffffe3e07c0f8001c0707fff07fdff3fe7c7f1ff87e0003fff9ffff800007e)
	MASK (ffffffffffffffffffffffffffffffffffffffffffffffffffffffffffffffffffffffffffffffffff);
SIR 30 TDI (3ffa87ff);
SDR 13 TDI (111f);
SIR 30 TDI (3ffa33ff);
STATE IDLE;
RUNTEST 20001E-6 SEC;
SIR 30 TDI (3ffa43ff);
SDR 328 TDI (7fefe0f03c0c03e0000fffffe3e07c0f8001c0707fff07fdff3fe7c7f1ff85e0001b5a9eda6800007e)
	TDO (7fefe0f03c0c03e0000fffffe3e07c0f8001c0707fff07fdff3fe7c7f1ff85e0001b5a9eda6800007e)
	MASK (ffffffffffffffffffffffffffffffffffffffffffffffffffffffffffffffffffffffffffffffffff);
SIR 30 TDI (3ffa87ff);
SDR 13 TDI (1121);
SIR 30 TDI (3ffa33ff);
STATE IDLE;
RUNTEST 20001E-6 SEC;
SIR 30 TDI (3ffa43ff);
SDR 328 TDI (7fefe0f03c0c03e0000ffceee3e07c0f8001c0707fff07fc5f27e7c7f1ff87e0003fff9ffff800007e)
	TDO (7fefe0f03c0c03e0000ffceee3e07c0f8001c0707fff07fc5f27e7c7f1ff87e0003fff9ffff800007e)
	MASK (ffffffffffffffffffffffffffffffffffffffffffffffffffffffffffffffffffffffffffffffffff);
SIR 30 TDI (3ffa87ff);
SDR 13 TDI (1123);
SIR 30 TDI (3ffa33ff);
STATE IDLE;
RUNTEST 20001E-6 SEC;
SIR 30 TDI (3ffa43ff);
SDR 328 TDI (7befe0f03c0c03e0000fffffe3e07c0f8001c0707bd705fde73be7c7f1ff87e0003b7693dee800007e)
	TDO (7befe0f03c0c03e0000fffffe3e07c0f8001c0707bd705fde73be7c7f1ff87e0003b7693dee800007e)
	MASK (ffffffffffffffffffffffffffffffffffffffffffffffffffffffffffffffffffffffffffffffffff);
SIR 30 TDI (3ffa87ff);
SDR 13 TDI (1125);
SIR 30 TDI (3ffa33ff);
STATE IDLE;
RUNTEST 20001E-6 SEC;
SIR 30 TDI (3ffa43ff);
SDR 328 TDI (7fe7e0f03c0c03e0000fce3fe3406809800140707fff07fdff3fe7c7f17f87e0003fff9ffff800007e)
	TDO (7fe7e0f03c0c03e0000fce3fe3406809800140707fff07fdff3fe7c7f17f87e0003fff9ffff800007e)
	MASK (ffffffffffffffffffffffffffffffffffffffffffffffffffffffffffffffffffffffffffffffffff);
SIR 30 TDI (3ffa87ff);
SDR 13 TDI (1127);
SIR 30 TDI (3ffa33ff);
STATE IDLE;
RUNTEST 20001E-6 SEC;
SIR 30 TDI (3ffa43ff);
SDR 328 TDI (7fede0f03c0c03e0000ff7ede1e03407800180707fff07fdff3fe7c7f1ff87e0003fff9ffff800007e)
	TDO (7fede0f03c0c03e0000ff7ede1e03407800180707fff07fdff3fe7c7f1ff87e0003fff9ffff800007e)
	MASK (ffffffffffffffffffffffffffffffffffffffffffffffffffffffffffffffffffffffffffffffffff);
SIR 30 TDI (3ffa87ff);
SDR 13 TDI (1129);
SIR 30 TDI (3ffa33ff);
STATE IDLE;
RUNTEST 20001E-6 SEC;
SIR 30 TDI (3ffa43ff);
SDR 328 TDI (7fefe0f03c0c03e0000fffffe3607c0f8001c0707fff07bdff3fe7c7f1ff87e0003fff87fff800007e)
	TDO (7fefe0f03c0c03e0000fffffe3607c0f8001c0707fff07bdff3fe7c7f1ff87e0003fff87fff800007e)
	MASK (ffffffffffffffffffffffffffffffffffffffffffffffffffffffffffffffffffffffffffffffffff);
SIR 30 TDI (3ffa87ff);
SDR 13 TDI (112b);
SIR 30 TDI (3ffa33ff);
STATE IDLE;
RUNTEST 20001E-6 SEC;
SIR 30 TDI (3ffa43ff);
SDR 328 TDI (7fe5e0f03c0c03e0000fffffe3e07c0f8001c0707fff07fdff3fe7c7f1ff83c0003cff1dfdf000007e)
	TDO (7fe5e0f03c0c03e0000fffffe3e07c0f8001c0707fff07fdff3fe7c7f1ff83c0003cff1dfdf000007e)
	MASK (ffffffffffffffffffffffffffffffffffffffffffffffffffffffffffffffffffffffffffffffffff);
SIR 30 TDI (3ffa87ff);
SDR 13 TDI (112d);
SIR 30 TDI (3ffa33ff);
STATE IDLE;
RUNTEST 20001E-6 SEC;
SIR 30 TDI (3ffa43ff);
SDR 328 TDI (7fefe0f03c0c03e0000fffffe3e0740f8001c0707fff07fdff3fe7c7f1df87e0003fff9ffff800007e)
	TDO (7fefe0f03c0c03e0000fffffe3e0740f8001c0707fff07fdff3fe7c7f1df87e0003fff9ffff800007e)
	MASK (ffffffffffffffffffffffffffffffffffffffffffffffffffffffffffffffffffffffffffffffffff);
SIR 30 TDI (3ffa87ff);
SDR 13 TDI (112f);
SIR 30 TDI (3ffa33ff);
STATE IDLE;
RUNTEST 20001E-6 SEC;
SIR 30 TDI (3ffa43ff);
SDR 328 TDI (7c6e60003c0c03e0000fffffe3e07c0f8001c0707bd705dde73bc6c5f1fe87e0003b7693dee800007e)
	TDO (7c6e60003c0c03e0000fffffe3e07c0f8001c0707bd705dde73bc6c5f1fe87e0003b7693dee800007e)
	MASK (ffffffffffffffffffffffffffffffffffffffffffffffffffffffffffffffffffffffffffffffffff);
SIR 30 TDI (3ffa87ff);
SDR 13 TDI (1131);
SIR 30 TDI (3ffa33ff);
STATE IDLE;
RUNTEST 20001E-6 SEC;
SIR 30 TDI (3ffa43ff);
SDR 328 TDI (7fefe0f03c0c03e0000fff3fe3406c0b8001c0607fff07fdff3fe7c7f1ff87e0003fdf9ffff800007e)
	TDO (7fefe0f03c0c03e0000fff3fe3406c0b8001c0607fff07fdff3fe7c7f1ff87e0003fdf9ffff800007e)
	MASK (ffffffffffffffffffffffffffffffffffffffffffffffffffffffffffffffffffffffffffffffffff);
SIR 30 TDI (3ffa87ff);
SDR 13 TDI (1133);
SIR 30 TDI (3ffa33ff);
STATE IDLE;
RUNTEST 20001E-6 SEC;
SIR 30 TDI (3ffa43ff);
SDR 328 TDI (7fefe0f03c0c03e0000ffff7e3e07c0f8001c0707fff07fdff3fe7c7f1ff87e0003fff9ffff800007e)
	TDO (7fefe0f03c0c03e0000ffff7e3e07c0f8001c0707fff07fdff3fe7c7f1ff87e0003fff9ffff800007e)
	MASK (ffffffffffffffffffffffffffffffffffffffffffffffffffffffffffffffffffffffffffffffffff);
SIR 30 TDI (3ffa87ff);
SDR 13 TDI (1135);
SIR 30 TDI (3ffa33ff);
STATE IDLE;
RUNTEST 20001E-6 SEC;
SIR 30 TDI (3ffa43ff);
SDR 328 TDI (7c6fa0003c0c03e0000fffffe3e07c0f8001c0707fff07fdff2d27c7f1ff87e0003fff9ffff800007e)
	TDO (7c6fa0003c0c03e0000fffffe3e07c0f8001c0707fff07fdff2d27c7f1ff87e0003fff9ffff800007e)
	MASK (ffffffffffffffffffffffffffffffffffffffffffffffffffffffffffffffffffffffffffffffffff);
SIR 30 TDI (3ffa87ff);
SDR 13 TDI (1137);
SIR 30 TDI (3ffa33ff);
STATE IDLE;
RUNTEST 20001E-6 SEC;
SIR 30 TDI (3ffa43ff);
SDR 328 TDI (7fcee0f03c0c03e0000fffffe3a07c0f8001c0707bd705fde73bc7c7f1ff87e0003fff8ffff800007e)
	TDO (7fcee0f03c0c03e0000fffffe3a07c0f8001c0707bd705fde73bc7c7f1ff87e0003fff8ffff800007e)
	MASK (ffffffffffffffffffffffffffffffffffffffffffffffffffffffffffffffffffffffffffffffffff);
SIR 30 TDI (3ffa87ff);
SDR 13 TDI (1139);
SIR 30 TDI (3ffa33ff);
STATE IDLE;
RUNTEST 20001E-6 SEC;
SIR 30 TDI (3ffa43ff);
SDR 328 TDI (7fefe0f03c0c03e0000fffffe3e07c078001c0707fff07fdff3fe7c7f1ff87e0003fff9ffff800007e)
	TDO (7fefe0f03c0c03e0000fffffe3e07c078001c0707fff07fdff3fe7c7f1ff87e0003fff9ffff800007e)
	MASK (ffffffffffffffffffffffffffffffffffffffffffffffffffffffffffffffffffffffffffffffffff);
SIR 30 TDI (3ffa87ff);
SDR 13 TDI (113b);
SIR 30 TDI (3ffa33ff);
STATE IDLE;
RUNTEST 20001E-6 SEC;
SIR 30 TDI (3ffa43ff);
SDR 328 TDI (7fefe0f03c0c03e0000fffffe3e07c0f8001c0707fff07fdff3fe7c7f1ff87e0003fff9ffff800007e)
	TDO (7fefe0f03c0c03e0000fffffe3e07c0f8001c0707fff07fdff3fe7c7f1ff87e0003fff9ffff800007e)
	MASK (ffffffffffffffffffffffffffffffffffffffffffffffffffffffffffffffffffffffffffffffffff);
SIR 30 TDI (3ffa87ff);
SDR 13 TDI (113d);
SIR 30 TDI (3ffa33ff);
STATE IDLE;
RUNTEST 20001E-6 SEC;
SIR 30 TDI (3ffa43ff);
SDR 328 TDI (7fefe0f0380403e0000fff7fe3e07c0f8001c07017ff07fdf93fe7c7f1ff8600003fff9ffff800007e)
	TDO (7fefe0f0380403e0000fff7fe3e07c0f8001c07017ff07fdf93fe7c7f1ff8600003fff9ffff800007e)
	MASK (ffffffffffffffffffffffffffffffffffffffffffffffffffffffffffffffffffffffffffffffffff);
SIR 30 TDI (3ffa87ff);
SDR 13 TDI (113f);
SIR 30 TDI (3ffa33ff);
STATE IDLE;
RUNTEST 20001E-6 SEC;
SIR 30 TDI (3ffa43ff);
SDR 328 TDI (7fefe0f03c0c03e0000ffffbe3c07c0f8001c0707bff07fdff3be7c7f1ff87e0003fff97fff800007e)
	TDO (7fefe0f03c0c03e0000ffffbe3c07c0f8001c0707bff07fdff3be7c7f1ff87e0003fff97fff800007e)
	MASK (ffffffffffffffffffffffffffffffffffffffffffffffffffffffffffffffffffffffffffffffffff);
SIR 30 TDI (3ffa87ff);
SDR 13 TDI (1141);
SIR 30 TDI (3ffa33ff);
STATE IDLE;
RUNTEST 20001E-6 SEC;
SIR 30 TDI (3ffa43ff);
SDR 328 TDI (7fefe0f03c0c03e0000fffffe3e07c0f8001c0707fff07fdff3fe7c7f1ef87e0003fff9ffff800007e)
	TDO (7fefe0f03c0c03e0000fffffe3e07c0f8001c0707fff07fdff3fe7c7f1ef87e0003fff9ffff800007e)
	MASK (ffffffffffffffffffffffffffffffffffffffffffffffffffffffffffffffffffffffffffffffffff);
SIR 30 TDI (3ffa87ff);
SDR 13 TDI (1143);
SIR 30 TDI (3ffa33ff);
STATE IDLE;
RUNTEST 20001E-6 SEC;
SIR 30 TDI (3ffa43ff);
SDR 328 TDI (7fefe0f03c0c03e0000fffffe3a07c0f8001c0707bd705dde73bc6c5f1fe87e0003b7693dee800007e)
	TDO (7fefe0f03c0c03e0000fffffe3a07c0f8001c0707bd705dde73bc6c5f1fe87e0003b7693dee800007e)
	MASK (ffffffffffffffffffffffffffffffffffffffffffffffffffffffffffffffffffffffffffffffffff);
SIR 30 TDI (3ffa87ff);
SDR 13 TDI (1145);
SIR 30 TDI (3ffa33ff);
STATE IDLE;
RUNTEST 20001E-6 SEC;
SIR 30 TDI (3ffa43ff);
SDR 328 TDI (7defe0f03c0c03e0000fffffe3e07c0f8001c0307fff07fdff3fe7c7f1ff87e0003fff9ffff800007e)
	TDO (7defe0f03c0c03e0000fffffe3e07c0f8001c0307fff07fdff3fe7c7f1ff87e0003fff9ffff800007e)
	MASK (ffffffffffffffffffffffffffffffffffffffffffffffffffffffffffffffffffffffffffffffffff);
SIR 30 TDI (3ffa87ff);
SDR 13 TDI (1147);
SIR 30 TDI (3ffa33ff);
STATE IDLE;
RUNTEST 20001E-6 SEC;
SIR 30 TDI (3ffa43ff);
SDR 328 TDI (7e4ee0003c0c03e0000fffffe3e07c0f8001c0706efd07bdbf3ee7c7b17385e0001fcb9efb7800007e)
	TDO (7e4ee0003c0c03e0000fffffe3e07c0f8001c0706efd07bdbf3ee7c7b17385e0001fcb9efb7800007e)
	MASK (ffffffffffffffffffffffffffffffffffffffffffffffffffffffffffffffffffffffffffffffffff);
SIR 30 TDI (3ffa87ff);
SDR 13 TDI (1149);
SIR 30 TDI (3ffa33ff);
STATE IDLE;
RUNTEST 20001E-6 SEC;
SIR 30 TDI (3ffa43ff);
SDR 328 TDI (7e6fe0f03c0c03e0000ffdffe3e07c0f0001c0707fff07fdff3fe787f1ff87e0003ffb9ffff800007e)
	TDO (7e6fe0f03c0c03e0000ffdffe3e07c0f0001c0707fff07fdff3fe787f1ff87e0003ffb9ffff800007e)
	MASK (ffffffffffffffffffffffffffffffffffffffffffffffffffffffffffffffffffffffffffffffffff);
SIR 30 TDI (3ffa87ff);
SDR 13 TDI (114b);
SIR 30 TDI (3ffa33ff);
STATE IDLE;
RUNTEST 20001E-6 SEC;
SIR 30 TDI (3ffa43ff);
SDR 328 TDI (7fcfe0303c0c03e0000fa7f1e3e07c0f800100707fff07fdff3fe7c7f1ff87e0003fff9ffff800007e)
	TDO (7fcfe0303c0c03e0000fa7f1e3e07c0f800100707fff07fdff3fe7c7f1ff87e0003fff9ffff800007e)
	MASK (ffffffffffffffffffffffffffffffffffffffffffffffffffffffffffffffffffffffffffffffffff);
SIR 30 TDI (3ffa87ff);
SDR 13 TDI (114d);
SIR 30 TDI (3ffa33ff);
STATE IDLE;
RUNTEST 20001E-6 SEC;
SIR 30 TDI (3ffa43ff);
SDR 328 TDI (7eefe0902c0c03e00007ffffe3e07c0f8001c0707fff07fdff3fe7c7b1ff87e0003fff97fff800007e)
	TDO (7eefe0902c0c03e00007ffffe3e07c0f8001c0707fff07fdff3fe7c7b1ff87e0003fff97fff800007e)
	MASK (ffffffffffffffffffffffffffffffffffffffffffffffffffffffffffffffffffffffffffffffffff);
SIR 30 TDI (3ffa87ff);
SDR 13 TDI (114f);
SIR 30 TDI (3ffa33ff);
STATE IDLE;
RUNTEST 20001E-6 SEC;
SIR 30 TDI (3ffa43ff);
SDR 328 TDI (6f4fe0601c0c03e0000bffffe3a07c0f8001c0707fff07fdff3fe7c7f1ff87e0003fff9ffff800007e)
	TDO (6f4fe0601c0c03e0000bffffe3a07c0f8001c0707fff07fdff3fe7c7f1ff87e0003fff9ffff800007e)
	MASK (ffffffffffffffffffffffffffffffffffffffffffffffffffffffffffffffffffffffffffffffffff);
SIR 30 TDI (3ffa87ff);
SDR 13 TDI (1151);
SIR 30 TDI (3ffa33ff);
STATE IDLE;
RUNTEST 20001E-6 SEC;
SIR 30 TDI (3ffa43ff);
SDR 328 TDI (7fefe0f03c0c03e0000fffffe3e0780f8001c0707d3f07fdfd3fe7c7d1ff87e0003fff9efff800007e)
	TDO (7fefe0f03c0c03e0000fffffe3e0780f8001c0707d3f07fdfd3fe7c7d1ff87e0003fff9efff800007e)
	MASK (ffffffffffffffffffffffffffffffffffffffffffffffffffffffffffffffffffffffffffffffffff);
SIR 30 TDI (3ffa87ff);
SDR 13 TDI (1153);
SIR 30 TDI (3ffa33ff);
STATE IDLE;
RUNTEST 20001E-6 SEC;
SIR 30 TDI (3ffa43ff);
SDR 328 TDI (7fefe0f03c0c03e0000fffffe3e07c0f8001c0707bdf07fdff3be7c7f1ff87e0003fff9ffff800007e)
	TDO (7fefe0f03c0c03e0000fffffe3e07c0f8001c0707bdf07fdff3be7c7f1ff87e0003fff9ffff800007e)
	MASK (ffffffffffffffffffffffffffffffffffffffffffffffffffffffffffffffffffffffffffffffffff);
SIR 30 TDI (3ffa87ff);
SDR 13 TDI (1155);
SIR 30 TDI (3ffa33ff);
STATE IDLE;
RUNTEST 20001E-6 SEC;
SIR 30 TDI (3ffa43ff);
SDR 328 TDI (7f6fe0601c0c03e00007ffffe3e07c0f8001c0703f6b06fdff3fe7c7f1ff87e00025ff9fb7f800007e)
	TDO (7f6fe0601c0c03e00007ffffe3e07c0f8001c0703f6b06fdff3fe7c7f1ff87e00025ff9fb7f800007e)
	MASK (ffffffffffffffffffffffffffffffffffffffffffffffffffffffffffffffffffffffffffffffffff);
SIR 30 TDI (3ffa87ff);
SDR 13 TDI (1157);
SIR 30 TDI (3ffa33ff);
STATE IDLE;
RUNTEST 20001E-6 SEC;
SIR 30 TDI (3ffa43ff);
SDR 328 TDI (7ecfe0902c0c03e0000bffff63e07c0f8001c0707bd705fdff3be7c7f1ff87e0003b7f93dee800007e)
	TDO (7ecfe0902c0c03e0000bffff63e07c0f8001c0707bd705fdff3be7c7f1ff87e0003b7f93dee800007e)
	MASK (ffffffffffffffffffffffffffffffffffffffffffffffffffffffffffffffffffffffffffffffffff);
SIR 30 TDI (3ffa87ff);
SDR 13 TDI (1159);
SIR 30 TDI (3ffa33ff);
STATE IDLE;
RUNTEST 20001E-6 SEC;
SIR 30 TDI (3ffa43ff);
SDR 328 TDI (77efe0f03c0c03e0000fffffc3e07c0f8001c0707fff07fdff3fe7c7f0ff87e0003fff9ffff800007e)
	TDO (77efe0f03c0c03e0000fffffc3e07c0f8001c0707fff07fdff3fe7c7f0ff87e0003fff9ffff800007e)
	MASK (ffffffffffffffffffffffffffffffffffffffffffffffffffffffffffffffffffffffffffffffffff);
SIR 30 TDI (3ffa87ff);
SDR 13 TDI (115b);
SIR 30 TDI (3ffa33ff);
STATE IDLE;
RUNTEST 20001E-6 SEC;
SIR 30 TDI (3ffa43ff);
SDR 328 TDI (7fefe0f03c0c03e0000fffffe3e07c0f8001c0707bd705dde73bc6c5f1fe87e0003b7693dee800007e)
	TDO (7fefe0f03c0c03e0000fffffe3e07c0f8001c0707bd705dde73bc6c5f1fe87e0003b7693dee800007e)
	MASK (ffffffffffffffffffffffffffffffffffffffffffffffffffffffffffffffffffffffffffffffffff);
SIR 30 TDI (3ffa87ff);
SDR 13 TDI (115d);
SIR 30 TDI (3ffa33ff);
STATE IDLE;
RUNTEST 20001E-6 SEC;
SIR 30 TDI (3ffa43ff);
SDR 328 TDI (7fefe0f03c0c03e0000fffffe3e01c0f8001c0707fff07fdff3fe5c7f1ff87e0003fff9ffff800007e)
	TDO (7fefe0f03c0c03e0000fffffe3e01c0f8001c0707fff07fdff3fe5c7f1ff87e0003fff9ffff800007e)
	MASK (ffffffffffffffffffffffffffffffffffffffffffffffffffffffffffffffffffffffffffffffffff);
SIR 30 TDI (3ffa87ff);
SDR 13 TDI (115f);
SIR 30 TDI (3ffa33ff);
STATE IDLE;
RUNTEST 20001E-6 SEC;
SIR 30 TDI (3ffa43ff);
SDR 328 TDI (7c4e60003c0c03e0000fffffe3e07c0f8001c0707bd705dde73bc6c5f1fe87e0003b7693dee800007e)
	TDO (7c4e60003c0c03e0000fffffe3e07c0f8001c0707bd705dde73bc6c5f1fe87e0003b7693dee800007e)
	MASK (ffffffffffffffffffffffffffffffffffffffffffffffffffffffffffffffffffffffffffffffffff);
SIR 30 TDI (3ffa87ff);
SDR 13 TDI (1161);
SIR 30 TDI (3ffa33ff);
STATE IDLE;
RUNTEST 20001E-6 SEC;
SIR 30 TDI (3ffa43ff);
SDR 328 TDI (7fefe0f03c0c03e0000fffffe3e07c0f8001c0707eff07fdff3fe7c7f1ff87e0003fff9ffff800007e)
	TDO (7fefe0f03c0c03e0000fffffe3e07c0f8001c0707eff07fdff3fe7c7f1ff87e0003fff9ffff800007e)
	MASK (ffffffffffffffffffffffffffffffffffffffffffffffffffffffffffffffffffffffffffffffffff);
SIR 30 TDI (3ffa87ff);
SDR 13 TDI (1163);
SIR 30 TDI (3ffa33ff);
STATE IDLE;
RUNTEST 20001E-6 SEC;
SIR 30 TDI (3ffa43ff);
SDR 328 TDI (7e4fe0303c0c03e0000fffffe3606c0b8001c0607fff07fdff3fe7c7f1ff87e0003b7693dee800007e)
	TDO (7e4fe0303c0c03e0000fffffe3606c0b8001c0607fff07fdff3fe7c7f1ff87e0003b7693dee800007e)
	MASK (ffffffffffffffffffffffffffffffffffffffffffffffffffffffffffffffffffffffffffffffffff);
SIR 30 TDI (3ffa87ff);
SDR 13 TDI (1165);
SIR 30 TDI (3ffa33ff);
STATE IDLE;
RUNTEST 20001E-6 SEC;
SIR 30 TDI (3ffa43ff);
SDR 328 TDI (7e6fe0000c0c03e0000ff7ffe3e07c0e8001c0707fff07fdff3fe7c7f1ff87e0003fff9ffff800007e)
	TDO (7e6fe0000c0c03e0000ff7ffe3e07c0e8001c0707fff07fdff3fe7c7f1ff87e0003fff9ffff800007e)
	MASK (ffffffffffffffffffffffffffffffffffffffffffffffffffffffffffffffffffffffffffffffffff);
SIR 30 TDI (3ffa87ff);
SDR 13 TDI (1167);
SIR 30 TDI (3ffa33ff);
STATE IDLE;
RUNTEST 20001E-6 SEC;
SIR 30 TDI (3ffa43ff);
SDR 328 TDI (7fefe0f03c0c03e0000effffe3e07c0f8001c0706efd07bdbf3ee7c7b17385e0001fcb9efb7800007e)
	TDO (7fefe0f03c0c03e0000effffe3e07c0f8001c0706efd07bdbf3ee7c7b17385e0001fcb9efb7800007e)
	MASK (ffffffffffffffffffffffffffffffffffffffffffffffffffffffffffffffffffffffffffffffffff);
SIR 30 TDI (3ffa87ff);
SDR 13 TDI (1169);
SIR 30 TDI (3ffa33ff);
STATE IDLE;
RUNTEST 20001E-6 SEC;
SIR 30 TDI (3ffa43ff);
SDR 328 TDI (7fefe0f03c0c03e0000fffffe3e07c0f8001c0707fff07fd7f3fa7c271ff87e0001fff9ffff800007e)
	TDO (7fefe0f03c0c03e0000fffffe3e07c0f8001c0707fff07fd7f3fa7c271ff87e0001fff9ffff800007e)
	MASK (ffffffffffffffffffffffffffffffffffffffffffffffffffffffffffffffffffffffffffffffffff);
SIR 30 TDI (3ffa87ff);
SDR 13 TDI (116b);
SIR 30 TDI (3ffa33ff);
STATE IDLE;
RUNTEST 20001E-6 SEC;
SIR 30 TDI (3ffa43ff);
SDR 328 TDI (7fefe0f03c0c03e0000fffffe3a07c0f8001c0707bd705fde73bc7c5f1ff87e0003fff9ffff800007e)
	TDO (7fefe0f03c0c03e0000fffffe3a07c0f8001c0707bd705fde73bc7c5f1ff87e0003fff9ffff800007e)
	MASK (ffffffffffffffffffffffffffffffffffffffffffffffffffffffffffffffffffffffffffffffffff);
SIR 30 TDI (3ffa87ff);
SDR 13 TDI (116d);
SIR 30 TDI (3ffa33ff);
STATE IDLE;
RUNTEST 20001E-6 SEC;
SIR 30 TDI (3ffa43ff);
SDR 328 TDI (7fe9e0f03c0c03e0000fffffa3e07c0f8001c0707fff07fdff3fe7c7f1ff87e0003fff9ffff800007e)
	TDO (7fe9e0f03c0c03e0000fffffa3e07c0f8001c0707fff07fdff3fe7c7f1ff87e0003fff9ffff800007e)
	MASK (ffffffffffffffffffffffffffffffffffffffffffffffffffffffffffffffffffffffffffffffffff);
SIR 30 TDI (3ffa87ff);
SDR 13 TDI (116f);
SIR 30 TDI (3ffa33ff);
STATE IDLE;
RUNTEST 20001E-6 SEC;
SIR 30 TDI (3ffa43ff);
SDR 328 TDI (7fefe0f03c0c03e0000fffffe3e07c0f8001c0706efd07bdbf3ee7c7b17385e0001fcb9efb7800007e)
	TDO (7fefe0f03c0c03e0000fffffe3e07c0f8001c0706efd07bdbf3ee7c7b17385e0001fcb9efb7800007e)
	MASK (ffffffffffffffffffffffffffffffffffffffffffffffffffffffffffffffffffffffffffffffffff);
SIR 30 TDI (3ffa87ff);
SDR 13 TDI (1171);
SIR 30 TDI (3ffa33ff);
STATE IDLE;
RUNTEST 20001E-6 SEC;
SIR 30 TDI (3ffa43ff);
SDR 328 TDI (7fefe0f03c0c03e0000fffffe3e07c0f8001c0707fff07f9ff3fe7c7f1ff87e0003fff9ffff800007e)
	TDO (7fefe0f03c0c03e0000fffffe3e07c0f8001c0707fff07f9ff3fe7c7f1ff87e0003fff9ffff800007e)
	MASK (ffffffffffffffffffffffffffffffffffffffffffffffffffffffffffffffffffffffffffffffffff);
SIR 30 TDI (3ffa87ff);
SDR 13 TDI (1173);
SIR 30 TDI (3ffa33ff);
STATE IDLE;
RUNTEST 20001E-6 SEC;
SIR 30 TDI (3ffa43ff);
SDR 328 TDI (7e4fe0303c0c03e0000fffffe3606c0b8001c0607fff07fdff3fe7c7f1ff87e0003b7693dee800007e)
	TDO (7e4fe0303c0c03e0000fffffe3606c0b8001c0607fff07fdff3fe7c7f1ff87e0003b7693dee800007e)
	MASK (ffffffffffffffffffffffffffffffffffffffffffffffffffffffffffffffffffffffffffffffffff);
SIR 30 TDI (3ffa87ff);
SDR 13 TDI (1175);
SIR 30 TDI (3ffa33ff);
STATE IDLE;
RUNTEST 20001E-6 SEC;
SIR 30 TDI (3ffa43ff);
SDR 328 TDI (7fefe0f03c0c03e0000fffffe3e07c0f800140707fff07fdff3ee7c7f1ff87e0003fff9ffff800007e)
	TDO (7fefe0f03c0c03e0000fffffe3e07c0f800140707fff07fdff3ee7c7f1ff87e0003fff9ffff800007e)
	MASK (ffffffffffffffffffffffffffffffffffffffffffffffffffffffffffffffffffffffffffffffffff);
SIR 30 TDI (3ffa87ff);
SDR 13 TDI (1177);
SIR 30 TDI (3ffa33ff);
STATE IDLE;
RUNTEST 20001E-6 SEC;
SIR 30 TDI (3ffa43ff);
SDR 328 TDI (7c6e60003c0c03e0000fffffe3e07c0f8000c0707fff07fdff3fe7c7f1ff87e0003b7693dee800007e)
	TDO (7c6e60003c0c03e0000fffffe3e07c0f8000c0707fff07fdff3fe7c7f1ff87e0003b7693dee800007e)
	MASK (ffffffffffffffffffffffffffffffffffffffffffffffffffffffffffffffffffffffffffffffffff);
SIR 30 TDI (3ffa87ff);
SDR 13 TDI (1179);
SIR 30 TDI (3ffa33ff);
STATE IDLE;
RUNTEST 20001E-6 SEC;
SIR 30 TDI (3ffa43ff);
SDR 328 TDI (3fefe0f03c0c03e0000f6fffe3e07c0d8001c0706fff07fdff3fe7c7f1ff87e0003fff8ffff800007e)
	TDO (3fefe0f03c0c03e0000f6fffe3e07c0d8001c0706fff07fdff3fe7c7f1ff87e0003fff8ffff800007e)
	MASK (ffffffffffffffffffffffffffffffffffffffffffffffffffffffffffffffffffffffffffffffffff);
SIR 30 TDI (3ffa87ff);
SDR 13 TDI (117b);
SIR 30 TDI (3ffa33ff);
STATE IDLE;
RUNTEST 20001E-6 SEC;
SIR 30 TDI (3ffa43ff);
SDR 328 TDI (7e4fe0000c0c03e0000fdfffe3e07c0f8001c0707fff07fdff3fe7c7f1ff87e0003fff9ffff800007e)
	TDO (7e4fe0000c0c03e0000fdfffe3e07c0f8001c0707fff07fdff3fe7c7f1ff87e0003fff9ffff800007e)
	MASK (ffffffffffffffffffffffffffffffffffffffffffffffffffffffffffffffffffffffffffffffffff);
SIR 30 TDI (3ffa87ff);
SDR 13 TDI (117d);
SIR 30 TDI (3ffa33ff);
STATE IDLE;
RUNTEST 20001E-6 SEC;
SIR 30 TDI (3ffa43ff);
SDR 328 TDI (7fe7e0f03c0c03e0000fffffe3e07c0f8001c0707fff07fdbf3fe7c7f1ff87e0003fff9ffff800007e)
	TDO (7fe7e0f03c0c03e0000fffffe3e07c0f8001c0707fff07fdbf3fe7c7f1ff87e0003fff9ffff800007e)
	MASK (ffffffffffffffffffffffffffffffffffffffffffffffffffffffffffffffffffffffffffffffffff);
SIR 30 TDI (3ffa87ff);
SDR 13 TDI (117f);
SIR 30 TDI (3ffa33ff);
STATE IDLE;
RUNTEST 20001E-6 SEC;
SIR 30 TDI (3ffa43ff);
SDR 328 TDI (7febe0f03c0c03e0000fffff63e07c0f8001c0707fff07fdff3fe7c7f1ff87e0003b7693dee800007e)
	TDO (7febe0f03c0c03e0000fffff63e07c0f8001c0707fff07fdff3fe7c7f1ff87e0003b7693dee800007e)
	MASK (ffffffffffffffffffffffffffffffffffffffffffffffffffffffffffffffffffffffffffffffffff);
SIR 30 TDI (3ffa87ff);
SDR 13 TDI (1181);
SIR 30 TDI (3ffa33ff);
STATE IDLE;
RUNTEST 20001E-6 SEC;
SIR 30 TDI (3ffa43ff);
SDR 328 TDI (77efe0f03c0c03e0000fffffe3e07c0f8001c0507fff07fdff3fe7c7f1ff87e0003fff9ffff800007e)
	TDO (77efe0f03c0c03e0000fffffe3e07c0f8001c0507fff07fdff3fe7c7f1ff87e0003fff9ffff800007e)
	MASK (ffffffffffffffffffffffffffffffffffffffffffffffffffffffffffffffffffffffffffffffffff);
SIR 30 TDI (3ffa87ff);
SDR 13 TDI (1183);
SIR 30 TDI (3ffa33ff);
STATE IDLE;
RUNTEST 20001E-6 SEC;
SIR 30 TDI (3ffa43ff);
SDR 328 TDI (7fefe0f03c0c03e0000fffffe3e07c0f8001c0707fff07fdff3fe7c7f1ff87e0003fff9ffff800007e)
	TDO (7fefe0f03c0c03e0000fffffe3e07c0f8001c0707fff07fdff3fe7c7f1ff87e0003fff9ffff800007e)
	MASK (ffffffffffffffffffffffffffffffffffffffffffffffffffffffffffffffffffffffffffffffffff);
SIR 30 TDI (3ffa87ff);
SDR 13 TDI (1185);
SIR 30 TDI (3ffa33ff);
STATE IDLE;
RUNTEST 20001E-6 SEC;
SIR 30 TDI (3ffa43ff);
SDR 328 TDI (7fee60f03c0c03e0000fffbfe3e0780f8001c0707fff07e5ff3fe7c7f1ff87e0003fff9ffff800007e)
	TDO (7fee60f03c0c03e0000fffbfe3e0780f8001c0707fff07e5ff3fe7c7f1ff87e0003fff9ffff800007e)
	MASK (ffffffffffffffffffffffffffffffffffffffffffffffffffffffffffffffffffffffffffffffffff);
SIR 30 TDI (3ffa87ff);
SDR 13 TDI (1187);
SIR 30 TDI (3ffa33ff);
STATE IDLE;
RUNTEST 20001E-6 SEC;
SIR 30 TDI (3ffa43ff);
SDR 328 TDI (7fefe0f03c0c0360000ffffbe3406c0b8001c0607fff07fdff3fe7c7f1ff87e0003b7693dee800007e)
	TDO (7fefe0f03c0c0360000ffffbe3406c0b8001c0607fff07fdff3fe7c7f1ff87e0003b7693dee800007e)
	MASK (ffffffffffffffffffffffffffffffffffffffffffffffffffffffffffffffffffffffffffffffffff);
SIR 30 TDI (3ffa87ff);
SDR 13 TDI (1189);
SIR 30 TDI (3ffa33ff);
STATE IDLE;
RUNTEST 20001E-6 SEC;
SIR 30 TDI (3ffa43ff);
SDR 328 TDI (7fefe0f03c0c03e0000fffffe3e07c0f8001c0707fff07fcff3f67c6f1fd06e0003fff9fff9000007e)
	TDO (7fefe0f03c0c03e0000fffffe3e07c0f8001c0707fff07fcff3f67c6f1fd06e0003fff9fff9000007e)
	MASK (ffffffffffffffffffffffffffffffffffffffffffffffffffffffffffffffffffffffffffffffffff);
SIR 30 TDI (3ffa87ff);
SDR 13 TDI (118b);
SIR 30 TDI (3ffa33ff);
STATE IDLE;
RUNTEST 20001E-6 SEC;
SIR 30 TDI (3ffa43ff);
SDR 328 TDI (7fefe0f03c0c03e0000fffffe3a07c0f8001c0707bd705fde73bc7c5f1fe87e0003fff97ffe800007e)
	TDO (7fefe0f03c0c03e0000fffffe3a07c0f8001c0707bd705fde73bc7c5f1fe87e0003fff97ffe800007e)
	MASK (ffffffffffffffffffffffffffffffffffffffffffffffffffffffffffffffffffffffffffffffffff);
SIR 30 TDI (3ffa87ff);
SDR 13 TDI (118d);
SIR 30 TDI (3ffa33ff);
STATE IDLE;
RUNTEST 20001E-6 SEC;
SIR 30 TDI (3ffa43ff);
SDR 328 TDI (7fcfe0f03c0c03e0000fffffe3e07c0f8001c0707fff07fdff3fe7c7f1ff87e0003fff9fe5f800007e)
	TDO (7fcfe0f03c0c03e0000fffffe3e07c0f8001c0707fff07fdff3fe7c7f1ff87e0003fff9fe5f800007e)
	MASK (ffffffffffffffffffffffffffffffffffffffffffffffffffffffffffffffffffffffffffffffffff);
SIR 30 TDI (3ffa87ff);
SDR 13 TDI (118f);
SIR 30 TDI (3ffa33ff);
STATE IDLE;
RUNTEST 20001E-6 SEC;
SIR 30 TDI (3ffa43ff);
SDR 328 TDI (5fefe0f03c0c03e0000fffff63e07c0f8001c0706efd07bdbf3ee7c7b17387e0003f7f93fee800007e)
	TDO (5fefe0f03c0c03e0000fffff63e07c0f8001c0706efd07bdbf3ee7c7b17387e0003f7f93fee800007e)
	MASK (ffffffffffffffffffffffffffffffffffffffffffffffffffffffffffffffffffffffffffffffffff);
SIR 30 TDI (3ffa87ff);
SDR 13 TDI (1191);
SIR 30 TDI (3ffa33ff);
STATE IDLE;
RUNTEST 20001E-6 SEC;
SIR 30 TDI (3ffa43ff);
SDR 328 TDI (7fefe0f03c0803e0000fffffe3606c0b8001c0607fff07f5ff3fe747f1ff87e0003fff9d3ff800007e)
	TDO (7fefe0f03c0803e0000fffffe3606c0b8001c0607fff07f5ff3fe747f1ff87e0003fff9d3ff800007e)
	MASK (ffffffffffffffffffffffffffffffffffffffffffffffffffffffffffffffffffffffffffffffffff);
SIR 30 TDI (3ffa87ff);
SDR 13 TDI (1193);
SIR 30 TDI (3ffa33ff);
STATE IDLE;
RUNTEST 20001E-6 SEC;
SIR 30 TDI (3ffa43ff);
SDR 328 TDI (7c6f6000340c03e0000fffffe3e07c0f8001c0707fff07fdff3fe7c7f1ff87e0003f7f93dee800007e)
	TDO (7c6f6000340c03e0000fffffe3e07c0f8001c0707fff07fdff3fe7c7f1ff87e0003f7f93dee800007e)
	MASK (ffffffffffffffffffffffffffffffffffffffffffffffffffffffffffffffffffffffffffffffffff);
SIR 30 TDI (3ffa87ff);
SDR 13 TDI (1195);
SIR 30 TDI (3ffa33ff);
STATE IDLE;
RUNTEST 20001E-6 SEC;
SIR 30 TDI (3ffa43ff);
SDR 328 TDI (7fcfe0f03c0c03e0000fffffe3e07c0f8001c0707ffd07fdff3fe7c7f1ff87e0003fff9fff7800007e)
	TDO (7fcfe0f03c0c03e0000fffffe3e07c0f8001c0707ffd07fdff3fe7c7f1ff87e0003fff9fff7800007e)
	MASK (ffffffffffffffffffffffffffffffffffffffffffffffffffffffffffffffffffffffffffffffffff);
SIR 30 TDI (3ffa87ff);
SDR 13 TDI (1197);
SIR 30 TDI (3ffa33ff);
STATE IDLE;
RUNTEST 20001E-6 SEC;
SIR 30 TDI (3ffa43ff);
SDR 328 TDI (7c6e60003c0c03e0000fff3fe3e07c0f8001c0707fff07fdff3fe7c7f1ff87e0003fff9ffff800007e)
	TDO (7c6e60003c0c03e0000fff3fe3e07c0f8001c0707fff07fdff3fe7c7f1ff87e0003fff9ffff800007e)
	MASK (ffffffffffffffffffffffffffffffffffffffffffffffffffffffffffffffffffffffffffffffffff);
SIR 30 TDI (3ffa87ff);
SDR 13 TDI (1199);
SIR 30 TDI (3ffa33ff);
STATE IDLE;
RUNTEST 20001E-6 SEC;
SIR 30 TDI (3ffa43ff);
SDR 328 TDI (7fefe0f03c0c03e0000ffceee3c07c0f8001c0707fff07fdff3fe7c7f1ff87e0003fff9ffff800007e)
	TDO (7fefe0f03c0c03e0000ffceee3c07c0f8001c0707fff07fdff3fe7c7f1ff87e0003fff9ffff800007e)
	MASK (ffffffffffffffffffffffffffffffffffffffffffffffffffffffffffffffffffffffffffffffffff);
SIR 30 TDI (3ffa87ff);
SDR 13 TDI (119b);
SIR 30 TDI (3ffa33ff);
STATE IDLE;
RUNTEST 20001E-6 SEC;
SIR 30 TDI (3ffa43ff);
SDR 328 TDI (7fefe0f03c0c03e0000fffffe3e07c0f8001c07075ee03fddf3de7c3f1bf07e0003b7693dee800007e)
	TDO (7fefe0f03c0c03e0000fffffe3e07c0f8001c07075ee03fddf3de7c3f1bf07e0003b7693dee800007e)
	MASK (ffffffffffffffffffffffffffffffffffffffffffffffffffffffffffffffffffffffffffffffffff);
SIR 30 TDI (3ffa87ff);
SDR 13 TDI (119d);
SIR 30 TDI (3ffa33ff);
STATE IDLE;
RUNTEST 20001E-6 SEC;
SIR 30 TDI (3ffa43ff);
SDR 328 TDI (7fefe0f03c0c03a0000fffffe3e07c0f8001c0705fbf027dff3fe7c7f1ff87e0003fff9ffff800007e)
	TDO (7fefe0f03c0c03a0000fffffe3e07c0f8001c0705fbf027dff3fe7c7f1ff87e0003fff9ffff800007e)
	MASK (ffffffffffffffffffffffffffffffffffffffffffffffffffffffffffffffffffffffffffffffffff);
SIR 30 TDI (3ffa87ff);
SDR 13 TDI (119f);
SIR 30 TDI (3ffa33ff);
STATE IDLE;
RUNTEST 20001E-6 SEC;
SIR 30 TDI (3ffa43ff);
SDR 328 TDI (7e4f60003c0c02e0000fffff63e07c0f8001c0707bdf05fdff3be7c7f1ff87e0003b7693dee800007e)
	TDO (7e4f60003c0c02e0000fffff63e07c0f8001c0707bdf05fdff3be7c7f1ff87e0003b7693dee800007e)
	MASK (ffffffffffffffffffffffffffffffffffffffffffffffffffffffffffffffffffffffffffffffffff);
SIR 30 TDI (3ffa87ff);
SDR 13 TDI (11a1);
SIR 30 TDI (3ffa33ff);
STATE IDLE;
RUNTEST 20001E-6 SEC;
SIR 30 TDI (3ffa43ff);
SDR 328 TDI (7fefe0f03c0c03e0000fffffe3e0780f800140707fff07fdff3fe3c7f1ff87e0003fff9ffbf800007e)
	TDO (7fefe0f03c0c03e0000fffffe3e0780f800140707fff07fdff3fe3c7f1ff87e0003fff9ffbf800007e)
	MASK (ffffffffffffffffffffffffffffffffffffffffffffffffffffffffffffffffffffffffffffffffff);
SIR 30 TDI (3ffa87ff);
SDR 13 TDI (11a3);
SIR 30 TDI (3ffa33ff);
STATE IDLE;
RUNTEST 20001E-6 SEC;
SIR 30 TDI (3ffa43ff);
SDR 328 TDI (7fe7e0f03c0c03e0000fffffe3606c0b8001c0607fff07fdff3fe7c7f1ff87e0003fff9ffff800007e)
	TDO (7fe7e0f03c0c03e0000fffffe3606c0b8001c0607fff07fdff3fe7c7f1ff87e0003fff9ffff800007e)
	MASK (ffffffffffffffffffffffffffffffffffffffffffffffffffffffffffffffffffffffffffffffffff);
SIR 30 TDI (3ffa87ff);
SDR 13 TDI (11a5);
SIR 30 TDI (3ffa33ff);
STATE IDLE;
RUNTEST 20001E-6 SEC;
SIR 30 TDI (3ffa43ff);
SDR 328 TDI (7fefe0f03c0c03e0000f9bffe3e07c0f8001c0707fff07fdfe3fe7c7f1ff87a0003ebf9fffd800007e)
	TDO (7fefe0f03c0c03e0000f9bffe3e07c0f8001c0707fff07fdfe3fe7c7f1ff87a0003ebf9fffd800007e)
	MASK (ffffffffffffffffffffffffffffffffffffffffffffffffffffffffffffffffffffffffffffffffff);
SIR 30 TDI (3ffa87ff);
SDR 13 TDI (11a7);
SIR 30 TDI (3ffa33ff);
STATE IDLE;
RUNTEST 20001E-6 SEC;
SIR 30 TDI (3ffa43ff);
SDR 328 TDI (7e6fe0000c0c03e0000dffffe3e07c0f8001c0707fff07fdff3fe7c7f1ff87e0003f7f97ffe800007e)
	TDO (7e6fe0000c0c03e0000dffffe3e07c0f8001c0707fff07fdff3fe7c7f1ff87e0003f7f97ffe800007e)
	MASK (ffffffffffffffffffffffffffffffffffffffffffffffffffffffffffffffffffffffffffffffffff);
SIR 30 TDI (3ffa87ff);
SDR 13 TDI (11a9);
SIR 30 TDI (3ffa33ff);
STATE IDLE;
RUNTEST 20001E-6 SEC;
SIR 30 TDI (3ffa43ff);
SDR 328 TDI (7fefe0f03c0c03e0000fffffe3e07c0f800080707fff07fdff3fe5c7f08f87e0003fff9ffff800007e)
	TDO (7fefe0f03c0c03e0000fffffe3e07c0f800080707fff07fdff3fe5c7f08f87e0003fff9ffff800007e)
	MASK (ffffffffffffffffffffffffffffffffffffffffffffffffffffffffffffffffffffffffffffffffff);
SIR 30 TDI (3ffa87ff);
SDR 13 TDI (11ab);
SIR 30 TDI (3ffa33ff);
STATE IDLE;
RUNTEST 20001E-6 SEC;
SIR 30 TDI (3ffa43ff);
SDR 328 TDI (7fefe0f03c0c03e0000fffffe3e07c0f8001c0707bd705dde73bc6c5f1fe87e0003b7693dee800007e)
	TDO (7fefe0f03c0c03e0000fffffe3e07c0f8001c0707bd705dde73bc6c5f1fe87e0003b7693dee800007e)
	MASK (ffffffffffffffffffffffffffffffffffffffffffffffffffffffffffffffffffffffffffffffffff);
SIR 30 TDI (3ffa87ff);
SDR 13 TDI (11ad);
SIR 30 TDI (3ffa33ff);
STATE IDLE;
RUNTEST 20001E-6 SEC;
SIR 30 TDI (3ffa43ff);
SDR 328 TDI (7fefe0f03c0c03e0000fffffe3606c0b8001c0607fff07fdff1fe7c7f1ff87e0003fff9ffff800007e)
	TDO (7fefe0f03c0c03e0000fffffe3606c0b8001c0607fff07fdff1fe7c7f1ff87e0003fff9ffff800007e)
	MASK (ffffffffffffffffffffffffffffffffffffffffffffffffffffffffffffffffffffffffffffffffff);
SIR 30 TDI (3ffa87ff);
SDR 13 TDI (11af);
SIR 30 TDI (3ffa33ff);
STATE IDLE;
RUNTEST 20001E-6 SEC;
SIR 30 TDI (3ffa43ff);
SDR 328 TDI (7fefe0f03c0c03e0000fffffe3e07c0f8001c0507fff07fdff3fe7c7f1ff85e0001fcb9efb7800007e)
	TDO (7fefe0f03c0c03e0000fffffe3e07c0f8001c0507fff07fdff3fe7c7f1ff85e0001fcb9efb7800007e)
	MASK (ffffffffffffffffffffffffffffffffffffffffffffffffffffffffffffffffffffffffffffffffff);
SIR 30 TDI (3ffa87ff);
SDR 13 TDI (11b1);
SIR 30 TDI (3ffa33ff);
STATE IDLE;
RUNTEST 20001E-6 SEC;
SIR 30 TDI (3ffa43ff);
SDR 328 TDI (7fefe0f03c0c03e0000fffffe3e07c0f8001c0707fff07fdff3fe7c7f1ff87e0003fff9ffff800007e)
	TDO (7fefe0f03c0c03e0000fffffe3e07c0f8001c0707fff07fdff3fe7c7f1ff87e0003fff9ffff800007e)
	MASK (ffffffffffffffffffffffffffffffffffffffffffffffffffffffffffffffffffffffffffffffffff);
SIR 30 TDI (3ffa87ff);
SDR 13 TDI (11b3);
SIR 30 TDI (3ffa33ff);
STATE IDLE;
RUNTEST 20001E-6 SEC;
SIR 30 TDI (3ffa43ff);
SDR 328 TDI (7fefe0f03c0c03e0000fffdfe3e07c0f8001c07075ee03fddf3de7c3f1bf03c0003cff15fdf000007e)
	TDO (7fefe0f03c0c03e0000fffdfe3e07c0f8001c07075ee03fddf3de7c3f1bf03c0003cff15fdf000007e)
	MASK (ffffffffffffffffffffffffffffffffffffffffffffffffffffffffffffffffffffffffffffffffff);
SIR 30 TDI (3ffa87ff);
SDR 13 TDI (11b5);
SIR 30 TDI (3ffa33ff);
STATE IDLE;
RUNTEST 20001E-6 SEC;
SIR 30 TDI (3ffa43ff);
SDR 328 TDI (7f8fe0f03c0c03e0000fffffe0e07c0f8001c0707fff07fdff3fe7c7e1ff87e00037fd1f6ff800007e)
	TDO (7f8fe0f03c0c03e0000fffffe0e07c0f8001c0707fff07fdff3fe7c7e1ff87e00037fd1f6ff800007e)
	MASK (ffffffffffffffffffffffffffffffffffffffffffffffffffffffffffffffffffffffffffffffffff);
SIR 30 TDI (3ffa87ff);
SDR 13 TDI (11b7);
SIR 30 TDI (3ffa33ff);
STATE IDLE;
RUNTEST 20001E-6 SEC;
SIR 30 TDI (3ffa43ff);
SDR 328 TDI (7fefe0f03c0c03e0000fffffe3e07c0f8001c0707fff07fdff3fe7c7f1ff87e0003b7e93dee800007e)
	TDO (7fefe0f03c0c03e0000fffffe3e07c0f8001c0707fff07fdff3fe7c7f1ff87e0003b7e93dee800007e)
	MASK (ffffffffffffffffffffffffffffffffffffffffffffffffffffffffffffffffffffffffffffffffff);
SIR 30 TDI (3ffa87ff);
SDR 13 TDI (11b9);
SIR 30 TDI (3ffa33ff);
STATE IDLE;
RUNTEST 20001E-6 SEC;
SIR 30 TDI (3ffa43ff);
SDR 328 TDI (7fefe0f03c0c03e0000fffffe3e06c0f8001c0707fff07fdff3fe7c7f1ff87e0003fff9ffff800007e)
	TDO (7fefe0f03c0c03e0000fffffe3e06c0f8001c0707fff07fdff3fe7c7f1ff87e0003fff9ffff800007e)
	MASK (ffffffffffffffffffffffffffffffffffffffffffffffffffffffffffffffffffffffffffffffffff);
SIR 30 TDI (3ffa87ff);
SDR 13 TDI (11bb);
SIR 30 TDI (3ffa33ff);
STATE IDLE;
RUNTEST 20001E-6 SEC;
SIR 30 TDI (3ffa43ff);
SDR 328 TDI (7fefe0f03c0c03e0000fffffe3e07c0f8001c0707fff07fdff3fe7c7f1ff87e0003fff9ffff800007e)
	TDO (7fefe0f03c0c03e0000fffffe3e07c0f8001c0707fff07fdff3fe7c7f1ff87e0003fff9ffff800007e)
	MASK (ffffffffffffffffffffffffffffffffffffffffffffffffffffffffffffffffffffffffffffffffff);
SIR 30 TDI (3ffa87ff);
SDR 13 TDI (11bd);
SIR 30 TDI (3ffa33ff);
STATE IDLE;
RUNTEST 20001E-6 SEC;
SIR 30 TDI (3ffa43ff);
SDR 328 TDI (7fafe0f03c0c03e0000fffffe3e07c0f8001c0707fff07fdff3fe7c7f1fb85e0003fff9ffff800007e)
	TDO (7fafe0f03c0c03e0000fffffe3e07c0f8001c0707fff07fdff3fe7c7f1fb85e0003fff9ffff800007e)
	MASK (ffffffffffffffffffffffffffffffffffffffffffffffffffffffffffffffffffffffffffffffffff);
SIR 30 TDI (3ffa87ff);
SDR 13 TDI (11bf);
SIR 30 TDI (3ffa33ff);
STATE IDLE;
RUNTEST 20001E-6 SEC;
SIR 30 TDI (3ffa43ff);
SDR 328 TDI (7fefe0f03c0c03e0000fffffe3e07c0f8001c0707fff07fdff3fe7c7f1ff87e0003fff9ffff800007e)
	TDO (7fefe0f03c0c03e0000fffffe3e07c0f8001c0707fff07fdff3fe7c7f1ff87e0003fff9ffff800007e)
	MASK (ffffffffffffffffffffffffffffffffffffffffffffffffffffffffffffffffffffffffffffffffff);
STATE IDLE;
SIR 30 TDI (3ffa87ff);
SDR 13 TDI (1001);
SIR 30 TDI (3ffa33ff);
STATE IDLE;
RUNTEST 20001E-6 SEC;
SIR 30 TDI (3ffa43ff);
SDR 328 TDI (7fffe000000000004444ffffe665c000c004c888ffffe679a0200888c488ffff80000001c4ccccccfe)
	TDO (7fffe000000000004444ffffe665c000c004c888ffffe679a0200888c488ffff80000001c4ccccccfe)
	MASK (ffffffffffffffffffffffffffffffffffffffffffffffffffffffffffffffffffffffffffffffffff);
SIR 30 TDI (3ffa87ff);
SDR 13 TDI (1003);
SIR 30 TDI (3ffa33ff);
STATE IDLE;
RUNTEST 20001E-6 SEC;
SIR 30 TDI (3ffa43ff);
SDR 328 TDI (7fff888c8000000000007fff82210c00000000007fff8000004c000000007fff80000048800000007e)
	TDO (7fff888c8000000000007fff82210c00000000007fff8000004c000000007fff80000048800000007e)
	MASK (ffffffffffffffffffffffffffffffffffffffffffffffffffffffffffffffffffffffffffffffffff);
SIR 30 TDI (3ffa87ff);
SDR 13 TDI (1005);
SIR 30 TDI (3ffa33ff);
STATE IDLE;
RUNTEST 20001E-6 SEC;
SIR 30 TDI (3ffa43ff);
SDR 328 TDI (7fffa2333333000000007fffb3210132000021327fffb3333333002210227fff80000003000000007e)
	TDO (7fffa2333333000000007fffb3210132000021327fffb3333333002210227fff80000003000000007e)
	MASK (ffffffffffffffffffffffffffffffffffffffffffffffffffffffffffffffffffffffffffffffffff);
SIR 30 TDI (3ffa87ff);
SDR 13 TDI (1007);
SIR 30 TDI (3ffa33ff);
STATE IDLE;
RUNTEST 20001E-6 SEC;
SIR 30 TDI (3ffa43ff);
SDR 328 TDI (7fff998000007fffbb557fff801e7e01dfecedff7fff800000007b773b777ffffffffff83cccccccfe)
	TDO (7fff998000007fffbb557fff801e7e01dfecedff7fff800000007b773b777ffffffffff83cccccccfe)
	MASK (ffffffffffffffffffffffffffffffffffffffffffffffffffffffffffffffffffffffffffffffffff);
SIR 30 TDI (3ffa87ff);
SDR 13 TDI (1009);
SIR 30 TDI (3ffa33ff);
STATE IDLE;
RUNTEST 20001E-6 SEC;
SIR 30 TDI (3ffa43ff);
SDR 328 TDI (7fffffffffffffffffddfffff77fffffdfecedfffffff77bf77ffffffffffffffffffffffcccccccfe)
	TDO (7fffffffffffffffffddfffff77fffffdfecedfffffff77bf77ffffffffffffffffffffffcccccccfe)
	MASK (ffffffffffffffffffffffffffffffffffffffffffffffffffffffffffffffffffffffffffffffffff);
SIR 30 TDI (3ffa87ff);
SDR 13 TDI (100b);
SIR 30 TDI (3ffa33ff);
STATE IDLE;
RUNTEST 20001E-6 SEC;
SIR 30 TDI (3ffa43ff);
SDR 328 TDI (7fffffff9986102277bbffffe006198610221045ffffe679e67e17d52b557fff99861987b02210227e)
	TDO (7fffffff9986102277bbffffe006198610221045ffffe679e67e17d52b557fff99861987b02210227e)
	MASK (ffffffffffffffffffffffffffffffffffffffffffffffffffffffffffffffffffffffffffffffffff);
SIR 30 TDI (3ffa87ff);
SDR 13 TDI (100d);
SIR 30 TDI (3ffa33ff);
STATE IDLE;
RUNTEST 20001E-6 SEC;
SIR 30 TDI (3ffa43ff);
SDR 328 TDI (7fff8039ffa004ccc4807fff8000c40008ccc8447fff844000000008c4887fffe6000079c4804008fe)
	TDO (7fff8039ffa004ccc4807fff8000c40008ccc8447fff844000000008c4887fffe6000079c4804008fe)
	MASK (ffffffffffffffffffffffffffffffffffffffffffffffffffffffffffffffffffffffffffffffffff);
SIR 30 TDI (3ffa87ff);
SDR 13 TDI (100f);
SIR 30 TDI (3ffa33ff);
STATE IDLE;
RUNTEST 20001E-6 SEC;
SIR 30 TDI (3ffa43ff);
SDR 328 TDI (7fff8000004c000000007fff880000c8000000007fffc000c408000000007fffa200c831800000007e)
	TDO (7fff8000004c000000007fff880000c8000000007fffc000c408000000007fffa200c831800000007e)
	MASK (ffffffffffffffffffffffffffffffffffffffffffffffffffffffffffffffffffffffffffffffffff);
SIR 30 TDI (3ffa87ff);
SDR 13 TDI (1011);
SIR 30 TDI (3ffa33ff);
STATE IDLE;
RUNTEST 20001E-6 SEC;
SIR 30 TDI (3ffa43ff);
SDR 328 TDI (7fffb3333323000010327fffa2300010000003117fff90021023010000007fffb3120133032000337e)
	TDO (7fffb3333323000010327fffa2300010000003117fff90021023010000007fffb3120133032000337e)
	MASK (ffffffffffffffffffffffffffffffffffffffffffffffffffffffffffffffffffffffffffffffffff);
SIR 30 TDI (3ffa87ff);
SDR 13 TDI (1013);
SIR 30 TDI (3ffa33ff);
STATE IDLE;
RUNTEST 20001E-6 SEC;
SIR 30 TDI (3ffa43ff);
SDR 328 TDI (7fff800000187d7f3b7f7fff9987ffe7cecccfddffffe7f9e7987dcedcceffff8061fe007fecdefffe)
	TDO (7fff800000187d7f3b7f7fff9987ffe7cecccfddffffe7f9e7987dcedcceffff8061fe007fecdefffe)
	MASK (ffffffffffffffffffffffffffffffffffffffffffffffffffffffffffffffffffffffffffffffffff);
SIR 30 TDI (3ffa87ff);
SDR 13 TDI (1015);
SIR 30 TDI (3ffa33ff);
STATE IDLE;
RUNTEST 20001E-6 SEC;
SIR 30 TDI (3ffa43ff);
SDR 328 TDI (7ffff37bfffffdffffffffffbbb7ffffdecccfddffffffffffbffdcedccefffff77fff7fffecdefffe)
	TDO (7ffff37bfffffdffffffffffbbb7ffffdecccfddffffffffffbffdcedccefffff77fff7fffecdefffe)
	MASK (ffffffffffffffffffffffffffffffffffffffffffffffffffffffffffffffffffffffffffffffffff);
SIR 30 TDI (3ffa87ff);
SDR 13 TDI (1017);
SIR 30 TDI (3ffa33ff);
STATE IDLE;
RUNTEST 20001E-6 SEC;
SIR 30 TDI (3ffa43ff);
SDR 328 TDI (7fffe079f9e611a3efcdffff9987fffe1b3334aaffffffffff9e12b333337fff80061807b04210447e)
	TDO (7fffe079f9e611a3efcdffff9987fffe1b3334aaffffffffff9e12b333337fff80061807b04210447e)
	MASK (ffffffffffffffffffffffffffffffffffffffffffffffffffffffffffffffffffffffffffffffffff);
STATE IDLE;
SIR 30 TDI (3ffa87ff);
SDR 13 TDI (11c1);
SIR 30 TDI (3ffa33ff);
STATE IDLE;
RUNTEST 20001E-6 SEC;
SIR 30 TDI (3ffa43ff);
SDR 328 TDI (7ffffffffffdf7fffff5ffffdfffffdfdfffdffffffffffffffff7fffffffffffffffffffff7fffffe)
	TDO (7ffffffffffdf7fffff5ffffdfffffdfdfffdffffffffffffffff7fffffffffffffffffffff7fffffe)
	MASK (ffffffffffffffffffffffffffffffffffffffffffffffffffffffffffffffffffffffffffffffffff);
SIR 30 TDI (3ffa87ff);
SDR 13 TDI (11c3);
SIR 30 TDI (3ffa33ff);
STATE IDLE;
RUNTEST 20001E-6 SEC;
SIR 30 TDI (3ffa43ff);
SDR 328 TDI (7fffffffffffdfbffffffffffffffffeffdffdfffffffffffffffffffffffffffffffffffffff7fffe)
	TDO (7fffffffffffdfbffffffffffffffffeffdffdfffffffffffffffffffffffffffffffffffffff7fffe)
	MASK (ffffffffffffffffffffffffffffffffffffffffffffffffffffffffffffffffffffffffffffffffff);
SIR 30 TDI (3ffa87ff);
SDR 13 TDI (11c5);
SIR 30 TDI (3ffa33ff);
STATE IDLE;
RUNTEST 20001E-6 SEC;
SIR 30 TDI (3ffa43ff);
SDR 328 TDI (77fffffbfdffff7fffff7fffffffffffffffffdbfffffffbffffffffff7bfffffffff7ffffdffffffe)
	TDO (77fffffbfdffff7fffff7fffffffffffffffffdbfffffffbffffffffff7bfffffffff7ffffdffffffe)
	MASK (ffffffffffffffffffffffffffffffffffffffffffffffffffffffffffffffffffffffffffffffffff);
SIR 30 TDI (3ffa87ff);
SDR 13 TDI (11c7);
SIR 30 TDI (3ffa33ff);
STATE IDLE;
RUNTEST 20001E-6 SEC;
SIR 30 TDI (3ffa43ff);
SDR 328 TDI (7ffffffffffffffffffffffffffffffffffffffffffffff7ffbf7fffffffffffffffffffffff7ffffe)
	TDO (7ffffffffffffffffffffffffffffffffffffffffffffff7ffbf7fffffffffffffffffffffff7ffffe)
	MASK (ffffffffffffffffffffffffffffffffffffffffffffffffffffffffffffffffffffffffffffffffff);
SIR 30 TDI (3ffa87ff);
SDR 13 TDI (11c9);
SIR 30 TDI (3ffa33ff);
STATE IDLE;
RUNTEST 20001E-6 SEC;
SIR 30 TDI (3ffa43ff);
SDR 328 TDI (7fffbfffffffffffffffffefffdfbfffffffbeffffffffffbff7ffffffffffffbffffffffffffdfffe)
	TDO (7fffbfffffffffffffffffefffdfbfffffffbeffffffffffbff7ffffffffffffbffffffffffffdfffe)
	MASK (ffffffffffffffffffffffffffffffffffffffffffffffffffffffffffffffffffffffffffffffffff);
SIR 30 TDI (3ffa87ff);
SDR 13 TDI (11cb);
SIR 30 TDI (3ffa33ff);
STATE IDLE;
RUNTEST 20001E-6 SEC;
SIR 30 TDI (3ffa43ff);
SDR 328 TDI (7ffffffffffffffffffbfbfbfbff77fdef7dffffffbbdfffdfffbffefffffeffffff9ffffffffffffe)
	TDO (7ffffffffffffffffffbfbfbfbff77fdef7dffffffbbdfffdfffbffefffffeffffff9ffffffffffffe)
	MASK (ffffffffffffffffffffffffffffffffffffffffffffffffffffffffffffffffffffffffffffffffff);
SIR 30 TDI (3ffa87ff);
SDR 13 TDI (11cd);
SIR 30 TDI (3ffa33ff);
STATE IDLE;
RUNTEST 20001E-6 SEC;
SIR 30 TDI (3ffa43ff);
SDR 328 TDI (7fffffffffffffffffffbfffffffffffffff7ff7efffbfdffdffffffffffeffffdfffdfffffdfffffe)
	TDO (7fffffffffffffffffffbfffffffffffffff7ff7efffbfdffdffffffffffeffffdfffdfffffdfffffe)
	MASK (ffffffffffffffffffffffffffffffffffffffffffffffffffffffffffffffffffffffffffffffffff);
SIR 30 TDI (3ffa87ff);
SDR 13 TDI (11cf);
SIR 30 TDI (3ffa33ff);
STATE IDLE;
RUNTEST 20001E-6 SEC;
SIR 30 TDI (3ffa43ff);
SDR 328 TDI (7ffffffff7ffffffffffff7ffffefffffefffbffff7ffffffffffffffefff7fffffffffffffffefffe)
	TDO (7ffffffff7ffffffffffff7ffffefffffefffbffff7ffffffffffffffefff7fffffffffffffffefffe)
	MASK (ffffffffffffffffffffffffffffffffffffffffffffffffffffffffffffffffffffffffffffffffff);
SIR 30 TDI (3ffa87ff);
SDR 13 TDI (11d1);
SIR 30 TDI (3ffa33ff);
STATE IDLE;
RUNTEST 20001E-6 SEC;
SIR 30 TDI (3ffa43ff);
SDR 328 TDI (7ffffdd7ffffffffffffffffffffffffffbfffffdfffff7fffffff6ffffffffffffffffff7effffffe)
	TDO (7ffffdd7ffffffffffffffffffffffffffbfffffdfffff7fffffff6ffffffffffffffffff7effffffe)
	MASK (ffffffffffffffffffffffffffffffffffffffffffffffffffffffffffffffffffffffffffffffffff);
SIR 30 TDI (3ffa87ff);
SDR 13 TDI (11d3);
SIR 30 TDI (3ffa33ff);
STATE IDLE;
RUNTEST 20001E-6 SEC;
SIR 30 TDI (3ffa43ff);
SDR 328 TDI (7d7ffffffffffffffffffffffffffffffffffffffffffdfff7fffffffffffffffff3ffff7ffffffffe)
	TDO (7d7ffffffffffffffffffffffffffffffffffffffffffdfff7fffffffffffffffff3ffff7ffffffffe)
	MASK (ffffffffffffffffffffffffffffffffffffffffffffffffffffffffffffffffffffffffffffffffff);
SIR 30 TDI (3ffa87ff);
SDR 13 TDI (11d5);
SIR 30 TDI (3ffa33ff);
STATE IDLE;
RUNTEST 20001E-6 SEC;
SIR 30 TDI (3ffa43ff);
SDR 328 TDI (7fffffffff97ffd7bffffffffffffffffffffffff7fffffffffffff7ffffffeffffffafffffffffffe)
	TDO (7fffffffff97ffd7bffffffffffffffffffffffff7fffffffffffff7ffffffeffffffafffffffffffe)
	MASK (ffffffffffffffffffffffffffffffffffffffffffffffffffffffffffffffffffffffffffffffffff);
SIR 30 TDI (3ffa87ff);
SDR 13 TDI (11d7);
SIR 30 TDI (3ffa33ff);
STATE IDLE;
RUNTEST 20001E-6 SEC;
SIR 30 TDI (3ffa43ff);
SDR 328 TDI (7fffffffffffffffffffffff7fffff7ffffffffffffdfffffffffffffdffffbfffafffdfffffeffffe)
	TDO (7fffffffffffffffffffffff7fffff7ffffffffffffdfffffffffffffdffffbfffafffdfffffeffffe)
	MASK (ffffffffffffffffffffffffffffffffffffffffffffffffffffffffffffffffffffffffffffffffff);
SIR 30 TDI (3ffa87ff);
SDR 13 TDI (11d9);
SIR 30 TDI (3ffa33ff);
STATE IDLE;
RUNTEST 20001E-6 SEC;
SIR 30 TDI (3ffa43ff);
SDR 328 TDI (7ffbffbfcf7fffefdfffffffffffefffffffffffffffffbfffffdffffffffffffffffffffbfffffffe)
	TDO (7ffbffbfcf7fffefdfffffffffffefffffffffffffffffbfffffdffffffffffffffffffffbfffffffe)
	MASK (ffffffffffffffffffffffffffffffffffffffffffffffffffffffffffffffffffffffffffffffffff);
SIR 30 TDI (3ffa87ff);
SDR 13 TDI (11db);
SIR 30 TDI (3ffa33ff);
STATE IDLE;
RUNTEST 20001E-6 SEC;
SIR 30 TDI (3ffa43ff);
SDR 328 TDI (7fffffffffffffffff7fefffffffffff77ffffff7ffffffffffffffdffffbfffffff7ffdddfffffffe)
	TDO (7fffffffffffffffff7fefffffffffff77ffffff7ffffffffffffffdffffbfffffff7ffdddfffffffe)
	MASK (ffffffffffffffffffffffffffffffffffffffffffffffffffffffffffffffffffffffffffffffffff);
SIR 30 TDI (3ffa87ff);
SDR 13 TDI (11dd);
SIR 30 TDI (3ffa33ff);
STATE IDLE;
RUNTEST 20001E-6 SEC;
SIR 30 TDI (3ffa43ff);
SDR 328 TDI (5ffffffeffffaffbffffdffffffffdfffffefffffbdffffffffffffffffffffffffffffffffffbfffe)
	TDO (5ffffffeffffaffbffffdffffffffdfffffefffffbdffffffffffffffffffffffffffffffffffbfffe)
	MASK (ffffffffffffffffffffffffffffffffffffffffffffffffffffffffffffffffffffffffffffffffff);
SIR 30 TDI (3ffa87ff);
SDR 13 TDI (11df);
SIR 30 TDI (3ffa33ff);
STATE IDLE;
RUNTEST 20001E-6 SEC;
SIR 30 TDI (3ffa43ff);
SDR 328 TDI (7ffffffffffffffffffffffffffffffffffffffffffffffffffffffff7fffffffffffffffffffffffe)
	TDO (7ffffffffffffffffffffffffffffffffffffffffffffffffffffffff7fffffffffffffffffffffffe)
	MASK (ffffffffffffffffffffffffffffffffffffffffffffffffffffffffffffffffffffffffffffffffff);
SIR 30 TDI (3ffa87ff);
SDR 13 TDI (11e1);
SIR 30 TDI (3ffa33ff);
STATE IDLE;
RUNTEST 20001E-6 SEC;
SIR 30 TDI (3ffa43ff);
SDR 328 TDI (7ffffffffffffffffffffffffffbffffffffff7fffffffffff7fffffbff77ffffffffffffffffffffe)
	TDO (7ffffffffffffffffffffffffffbffffffffff7fffffffffff7fffffbff77ffffffffffffffffffffe)
	MASK (ffffffffffffffffffffffffffffffffffffffffffffffffffffffffffffffffffffffffffffffffff);
SIR 30 TDI (3ffa87ff);
SDR 13 TDI (11e3);
SIR 30 TDI (3ffa33ff);
STATE IDLE;
RUNTEST 20001E-6 SEC;
SIR 30 TDI (3ffa43ff);
SDR 328 TDI (7fffffffffffffffffffffd6bc7fffffffffffbfbffffffdffffffffffeffffdfffdefffffffffeffe)
	TDO (7fffffffffffffffffffffd6bc7fffffffffffbfbffffffdffffffffffeffffdfffdefffffffffeffe)
	MASK (ffffffffffffffffffffffffffffffffffffffffffffffffffffffffffffffffffffffffffffffffff);
SIR 30 TDI (3ffa87ff);
SDR 13 TDI (11e5);
SIR 30 TDI (3ffa33ff);
STATE IDLE;
RUNTEST 20001E-6 SEC;
SIR 30 TDI (3ffa43ff);
SDR 328 TDI (7efd7fffffffffffffffffbdf7fffffffdfff7fefdfffbffeefffdfffffffdffdfffffffffffdffbfe)
	TDO (7efd7fffffffffffffffffbdf7fffffffdfff7fefdfffbffeefffdfffffffdffdfffffffffffdffbfe)
	MASK (ffffffffffffffffffffffffffffffffffffffffffffffffffffffffffffffffffffffffffffffffff);
SIR 30 TDI (3ffa87ff);
SDR 13 TDI (11e7);
SIR 30 TDI (3ffa33ff);
STATE IDLE;
RUNTEST 20001E-6 SEC;
SIR 30 TDI (3ffa43ff);
SDR 328 TDI (7fffff7ffffffdffffdffffffffffffffffffffffffff7ffffffffffffffff7ffffffffffffffffffe)
	TDO (7fffff7ffffffdffffdffffffffffffffffffffffffff7ffffffffffffffff7ffffffffffffffffffe)
	MASK (ffffffffffffffffffffffffffffffffffffffffffffffffffffffffffffffffffffffffffffffffff);
SIR 30 TDI (3ffa87ff);
SDR 13 TDI (11e9);
SIR 30 TDI (3ffa33ff);
STATE IDLE;
RUNTEST 20001E-6 SEC;
SIR 30 TDI (3ffa43ff);
SDR 328 TDI (7fffffffffffffffffffffffffbfffb7ffffffffffffffeffff9feffeffffff7ffffff6efffefffffe)
	TDO (7fffffffffffffffffffffffffbfffb7ffffffffffffffeffff9feffeffffff7ffffff6efffefffffe)
	MASK (ffffffffffffffffffffffffffffffffffffffffffffffffffffffffffffffffffffffffffffffffff);
SIR 30 TDI (3ffa87ff);
SDR 13 TDI (11eb);
SIR 30 TDI (3ffa33ff);
STATE IDLE;
RUNTEST 20001E-6 SEC;
SIR 30 TDI (3ffa43ff);
SDR 328 TDI (7fd7fffffffffffffbfff7ffffeffffffffffffffff7feffffffffdfffffffff77fffffffefffffffe)
	TDO (7fd7fffffffffffffbfff7ffffeffffffffffffffff7feffffffffdfffffffff77fffffffefffffffe)
	MASK (ffffffffffffffffffffffffffffffffffffffffffffffffffffffffffffffffffffffffffffffffff);
SIR 30 TDI (3ffa87ff);
SDR 13 TDI (11ed);
SIR 30 TDI (3ffa33ff);
STATE IDLE;
RUNTEST 20001E-6 SEC;
SIR 30 TDI (3ffa43ff);
SDR 328 TDI (6fffd7ffbfffffffefffffffffffffffbfffefffffffffffffcefffb7bfdffffff7ffff3ffffbfdffe)
	TDO (6fffd7ffbfffffffefffffffffffffffbfffefffffffffffffcefffb7bfdffffff7ffff3ffffbfdffe)
	MASK (ffffffffffffffffffffffffffffffffffffffffffffffffffffffffffffffffffffffffffffffffff);
SIR 30 TDI (3ffa87ff);
SDR 13 TDI (11ef);
SIR 30 TDI (3ffa33ff);
STATE IDLE;
RUNTEST 20001E-6 SEC;
SIR 30 TDI (3ffa43ff);
SDR 328 TDI (7ffffffd7ffffffffffffefffff7fffffffffffffeff7fff7ffffffffffffffbfedfffbfbffffffffe)
	TDO (7ffffffd7ffffffffffffefffff7fffffffffffffeff7fff7ffffffffffffffbfedfffbfbffffffffe)
	MASK (ffffffffffffffffffffffffffffffffffffffffffffffffffffffffffffffffffffffffffffffffff);
SIR 30 TDI (3ffa87ff);
SDR 13 TDI (11f1);
SIR 30 TDI (3ffa33ff);
STATE IDLE;
RUNTEST 20001E-6 SEC;
SIR 30 TDI (3ffa43ff);
SDR 328 TDI (3bfffaffffeffbfd7fffffffffffffefffefffffffffffffffffffbfffbffbffffffffffffbfffbffe)
	TDO (3bfffaffffeffbfd7fffffffffffffefffefffffffffffffffffffbfffbffbffffffffffffbfffbffe)
	MASK (ffffffffffffffffffffffffffffffffffffffffffffffffffffffffffffffffffffffffffffffffff);
SIR 30 TDI (3ffa87ff);
SDR 13 TDI (11f3);
SIR 30 TDI (3ffa33ff);
STATE IDLE;
RUNTEST 20001E-6 SEC;
SIR 30 TDI (3ffa43ff);
SDR 328 TDI (7ffffffffffffffffffffdfffffdfafffffffffffffffffeffffffffdfdfffdffffefffffffffffffe)
	TDO (7ffffffffffffffffffffdfffffdfafffffffffffffffffeffffffffdfdfffdffffefffffffffffffe)
	MASK (ffffffffffffffffffffffffffffffffffffffffffffffffffffffffffffffffffffffffffffffffff);
SIR 30 TDI (3ffa87ff);
SDR 13 TDI (11f5);
SIR 30 TDI (3ffa33ff);
STATE IDLE;
RUNTEST 20001E-6 SEC;
SIR 30 TDI (3ffa43ff);
SDR 328 TDI (7ffffffffffaffffffbfffffefffdffffbffffefffffeffffbffffffffffffffebfffffffffffffdfe)
	TDO (7ffffffffffaffffffbfffffefffdffffbffffefffffeffffbffffffffffffffebfffffffffffffdfe)
	MASK (ffffffffffffffffffffffffffffffffffffffffffffffffffffffffffffffffffffffffffffffffff);
STATE IDLE;
SIR 30 TDI (3ffa87ff);
SDR 13 TDI (1401);
SIR 30 TDI (3ffa33ff);
STATE IDLE;
RUNTEST 20001E-6 SEC;
SIR 30 TDI (3ffa4bff);
SDR 6 TDI (1e)
	TDO (1e)
	MASK (3f);
STATE IDLE;
SIR 30 TDI (3ffa87ff);
SDR 13 TDI (1601);
SIR 30 TDI (3ffa33ff);
STATE IDLE;
RUNTEST 20001E-6 SEC;
SIR 30 TDI (3ffa4fff);
SDR 18 TDI (1fffe)
	TDO (1fffe)
	MASK (3ffff);
STATE IDLE;
SIR 30 TDI (3ffa87ff);
SDR 13 TDI (1201);
SIR 30 TDI (3ffa33ff);
STATE IDLE;
RUNTEST 20001E-6 SEC;
SIR 30 TDI (3ffa47ff);
SDR 34 TDI (0ff9a03fe)
	TDO (0ff9a03fe)
	MASK (3ffffffff);
STATE IDLE;
SIR 30 TDI (3ffffea1);
SDR 13 TDI (180c);
SIR 30 TDI (3ffffe90);
SDR 168 TDI (06000000000000000000000000000000000000043f);
SIR 30 TDI (3ffffe9e);
STATE IDLE;
RUNTEST 30001E-6 SEC;
SIR 30 TDI (3ffffebf);
SIR 30 TDI (3ffffea1);
SDR 13 TDI (180d);
SIR 30 TDI (3ffffe90);
SDR 168 TDI (06000000000000000000000000000000000000043f);
SIR 30 TDI (3ffffe9e);
STATE IDLE;
RUNTEST 30001E-6 SEC;
SIR 30 TDI (3ffffebf);
SIR 30 TDI (3ffffea1);
SDR 13 TDI (180e);
SIR 30 TDI (3ffffe90);
SDR 168 TDI (06000000000000000000000000000000000000043f);
SIR 30 TDI (3ffffe9e);
STATE IDLE;
RUNTEST 30001E-6 SEC;
SIR 30 TDI (3ffffebf);
SIR 30 TDI (3ffffea1);
SDR 13 TDI (180f);
SIR 30 TDI (3ffffe90);
SDR 168 TDI (06000000000000000000000000000000000000043f);
SIR 30 TDI (3ffffe9e);
STATE IDLE;
RUNTEST 30001E-6 SEC;
SIR 30 TDI (3ffffebf);
SIR 30 TDI (3ffffea1);
SDR 13 TDI (1810);
SIR 30 TDI (3ffffe90);
SDR 168 TDI (06000000000000000000000000000000000000043f);
SIR 30 TDI (3ffffe9e);
STATE IDLE;
RUNTEST 30001E-6 SEC;
SIR 30 TDI (3ffffebf);
SIR 30 TDI (3ffffea1);
SDR 13 TDI (1811);
SIR 30 TDI (3ffffe90);
SDR 168 TDI (06000000000000000000000000000000000000043f);
SIR 30 TDI (3ffffe9e);
STATE IDLE;
RUNTEST 30001E-6 SEC;
SIR 30 TDI (3ffffebf);
SIR 30 TDI (3ffffea1);
SDR 13 TDI (1812);
SIR 30 TDI (3ffffe90);
SDR 168 TDI (06000000000000000000000000000000000000043f);
SIR 30 TDI (3ffffe9e);
STATE IDLE;
RUNTEST 30001E-6 SEC;
SIR 30 TDI (3ffffebf);
SIR 30 TDI (3ffffea1);
SDR 13 TDI (1813);
SIR 30 TDI (3ffffe90);
SDR 168 TDI (06000000000000000000000000000000000000043f);
SIR 30 TDI (3ffffe9e);
STATE IDLE;
RUNTEST 30001E-6 SEC;
SIR 30 TDI (3ffffebf);
SIR 30 TDI (3ffffea1);
SDR 13 TDI (1814);
SIR 30 TDI (3ffffe90);
SDR 168 TDI (06000000000000000000000000000000000000043f);
SIR 30 TDI (3ffffe9e);
STATE IDLE;
RUNTEST 30001E-6 SEC;
SIR 30 TDI (3ffffebf);
SIR 30 TDI (3ffffea1);
SDR 13 TDI (1815);
SIR 30 TDI (3ffffe90);
SDR 168 TDI (06000000000000000000000000000000000000043f);
SIR 30 TDI (3ffffe9e);
STATE IDLE;
RUNTEST 30001E-6 SEC;
SIR 30 TDI (3ffffebf);
SIR 30 TDI (3ffffea1);
SDR 13 TDI (1816);
SIR 30 TDI (3ffffe90);
SDR 168 TDI (06000000000000000000000000000000000000043f);
SIR 30 TDI (3ffffe9e);
STATE IDLE;
RUNTEST 30001E-6 SEC;
SIR 30 TDI (3ffffebf);
SIR 30 TDI (3ffffea1);
SDR 13 TDI (1817);
SIR 30 TDI (3ffffe90);
SDR 168 TDI (06000000000000000000000000000000000000043f);
SIR 30 TDI (3ffffe9e);
STATE IDLE;
RUNTEST 30001E-6 SEC;
SIR 30 TDI (3ffffebf);
SIR 30 TDI (3ffffea1);
SDR 13 TDI (1818);
SIR 30 TDI (3ffffe90);
SDR 168 TDI (06000000000000000000000000000000000000043f);
SIR 30 TDI (3ffffe9e);
STATE IDLE;
RUNTEST 30001E-6 SEC;
SIR 30 TDI (3ffffebf);
SIR 30 TDI (3ffffea1);
SDR 13 TDI (1819);
SIR 30 TDI (3ffffe90);
SDR 168 TDI (06000000000000000000000000000000000000043f);
SIR 30 TDI (3ffffe9e);
STATE IDLE;
RUNTEST 30001E-6 SEC;
SIR 30 TDI (3ffffebf);
SIR 30 TDI (3ffffea1);
SDR 13 TDI (181a);
SIR 30 TDI (3ffffe90);
SDR 168 TDI (06000000000000000000000000000000000000043f);
SIR 30 TDI (3ffffe9e);
STATE IDLE;
RUNTEST 30001E-6 SEC;
SIR 30 TDI (3ffffebf);
SIR 30 TDI (3ffffea1);
SDR 13 TDI (181b);
SIR 30 TDI (3ffffe90);
SDR 168 TDI (06000000000000000000000000000000000000043f);
SIR 30 TDI (3ffffe9e);
STATE IDLE;
RUNTEST 30001E-6 SEC;
SIR 30 TDI (3ffffebf);
SIR 30 TDI (3ffffea1);
SDR 13 TDI (181c);
SIR 30 TDI (3ffffe90);
SDR 168 TDI (06000000000000000000000000000000000000043f);
SIR 30 TDI (3ffffe9e);
STATE IDLE;
RUNTEST 30001E-6 SEC;
SIR 30 TDI (3ffffebf);
SIR 30 TDI (3ffffea1);
SDR 13 TDI (181d);
SIR 30 TDI (3ffffe90);
SDR 168 TDI (06000000000000000000000000000000000000043f);
SIR 30 TDI (3ffffe9e);
STATE IDLE;
RUNTEST 30001E-6 SEC;
SIR 30 TDI (3ffffebf);
SIR 30 TDI (3ffffea1);
SDR 13 TDI (181e);
SIR 30 TDI (3ffffe90);
SDR 168 TDI (06000000000000000000000000000000000000043f);
SIR 30 TDI (3ffffe9e);
STATE IDLE;
RUNTEST 30001E-6 SEC;
SIR 30 TDI (3ffffebf);
SIR 30 TDI (3ffffea1);
SDR 13 TDI (181f);
SIR 30 TDI (3ffffe90);
SDR 168 TDI (06000000000000000000000000000000000000043f);
SIR 30 TDI (3ffffe9e);
STATE IDLE;
RUNTEST 30001E-6 SEC;
SIR 30 TDI (3ffffebf);
SIR 30 TDI (3ffffea1);
SDR 13 TDI (1820);
SIR 30 TDI (3ffffe90);
SDR 168 TDI (06000000000000000000000000000000000000043f);
SIR 30 TDI (3ffffe9e);
STATE IDLE;
RUNTEST 30001E-6 SEC;
SIR 30 TDI (3ffffebf);
SIR 30 TDI (3ffffea1);
SDR 13 TDI (1821);
SIR 30 TDI (3ffffe90);
SDR 168 TDI (06000000000000000000000000000000000000043f);
SIR 30 TDI (3ffffe9e);
STATE IDLE;
RUNTEST 30001E-6 SEC;
SIR 30 TDI (3ffffebf);
SIR 30 TDI (3ffffea1);
SDR 13 TDI (1822);
SIR 30 TDI (3ffffe90);
SDR 168 TDI (06000000000000000000000000000000000000043f);
SIR 30 TDI (3ffffe9e);
STATE IDLE;
RUNTEST 30001E-6 SEC;
SIR 30 TDI (3ffffebf);
SIR 30 TDI (3ffffea1);
SDR 13 TDI (1823);
SIR 30 TDI (3ffffe90);
SDR 168 TDI (06000000000000000000000000000000000000043f);
SIR 30 TDI (3ffffe9e);
STATE IDLE;
RUNTEST 30001E-6 SEC;
SIR 30 TDI (3ffffebf);
SIR 30 TDI (3ffffea1);
SDR 13 TDI (1824);
SIR 30 TDI (3ffffe90);
SDR 168 TDI (06000000000000000000000000000000000000043f);
SIR 30 TDI (3ffffe9e);
STATE IDLE;
RUNTEST 30001E-6 SEC;
SIR 30 TDI (3ffffebf);
SIR 30 TDI (3ffffea1);
SDR 13 TDI (1825);
SIR 30 TDI (3ffffe90);
SDR 168 TDI (06000000000000000000000000000000000000043f);
SIR 30 TDI (3ffffe9e);
STATE IDLE;
RUNTEST 30001E-6 SEC;
SIR 30 TDI (3ffffebf);
SIR 30 TDI (3ffffea1);
SDR 13 TDI (1826);
SIR 30 TDI (3ffffe90);
SDR 168 TDI (06000000000000000000000000000000000000043f);
SIR 30 TDI (3ffffe9e);
STATE IDLE;
RUNTEST 30001E-6 SEC;
SIR 30 TDI (3ffffebf);
SIR 30 TDI (3ffffea1);
SDR 13 TDI (1827);
SIR 30 TDI (3ffffe90);
SDR 168 TDI (06000000000000000000000000000000000000043f);
SIR 30 TDI (3ffffe9e);
STATE IDLE;
RUNTEST 30001E-6 SEC;
SIR 30 TDI (3ffffebf);
SIR 30 TDI (3ffffea1);
SDR 13 TDI (1828);
SIR 30 TDI (3ffffe90);
SDR 168 TDI (06000000000000000000000000000000000000043f);
SIR 30 TDI (3ffffe9e);
STATE IDLE;
RUNTEST 30001E-6 SEC;
SIR 30 TDI (3ffffebf);
SIR 30 TDI (3ffffea1);
SDR 13 TDI (1829);
SIR 30 TDI (3ffffe90);
SDR 168 TDI (06000000000000000000000000000000000000043f);
SIR 30 TDI (3ffffe9e);
STATE IDLE;
RUNTEST 30001E-6 SEC;
SIR 30 TDI (3ffffebf);
SIR 30 TDI (3ffffea1);
SDR 13 TDI (182a);
SIR 30 TDI (3ffffe90);
SDR 168 TDI (06000000000000000000000000000000000000043f);
SIR 30 TDI (3ffffe9e);
STATE IDLE;
RUNTEST 30001E-6 SEC;
SIR 30 TDI (3ffffebf);
SIR 30 TDI (3ffffea1);
SDR 13 TDI (182b);
SIR 30 TDI (3ffffe90);
SDR 168 TDI (06000000000000000000000000000000000000043f);
SIR 30 TDI (3ffffe9e);
STATE IDLE;
RUNTEST 30001E-6 SEC;
SIR 30 TDI (3ffffebf);
SIR 30 TDI (3ffffea1);
SDR 13 TDI (182c);
SIR 30 TDI (3ffffe90);
SDR 168 TDI (06000000000000000000000000000000000000043f);
SIR 30 TDI (3ffffe9e);
STATE IDLE;
RUNTEST 30001E-6 SEC;
SIR 30 TDI (3ffffebf);
SIR 30 TDI (3ffffea1);
SDR 13 TDI (182d);
SIR 30 TDI (3ffffe90);
SDR 168 TDI (06000000000000000000000000000000000000043f);
SIR 30 TDI (3ffffe9e);
STATE IDLE;
RUNTEST 30001E-6 SEC;
SIR 30 TDI (3ffffebf);
SIR 30 TDI (3ffffea1);
SDR 13 TDI (182e);
SIR 30 TDI (3ffffe90);
SDR 168 TDI (04000000000000000000000000000000000000043f);
SIR 30 TDI (3ffffe9e);
STATE IDLE;
RUNTEST 30001E-6 SEC;
SIR 30 TDI (3ffffebf);
SIR 30 TDI (3ffffea1);
SDR 13 TDI (182f);
SIR 30 TDI (3ffffe90);
SDR 168 TDI (02000000000000000000000000000000000000043f);
SIR 30 TDI (3ffffe9e);
STATE IDLE;
RUNTEST 30001E-6 SEC;
SIR 30 TDI (3ffffebf);
SIR 30 TDI (3ffffea1);
SDR 13 TDI (1830);
SIR 30 TDI (3ffffe90);
SDR 168 TDI (06000000000000000000000000000000000000043f);
SIR 30 TDI (3ffffe9e);
STATE IDLE;
RUNTEST 30001E-6 SEC;
SIR 30 TDI (3ffffebf);
SIR 30 TDI (3ffffea1);
SDR 13 TDI (1831);
SIR 30 TDI (3ffffe90);
SDR 168 TDI (06000000000000000000000000000000000000043f);
SIR 30 TDI (3ffffe9e);
STATE IDLE;
RUNTEST 30001E-6 SEC;
SIR 30 TDI (3ffffebf);
SIR 30 TDI (3ffffea1);
SDR 13 TDI (1832);
SIR 30 TDI (3ffffe90);
SDR 168 TDI (06000000000000000000000000000000000000043f);
SIR 30 TDI (3ffffe9e);
STATE IDLE;
RUNTEST 30001E-6 SEC;
SIR 30 TDI (3ffffebf);
SIR 30 TDI (3ffffea1);
SDR 13 TDI (1833);
SIR 30 TDI (3ffffe90);
SDR 168 TDI (06000000000000000000000000000000000000043f);
SIR 30 TDI (3ffffe9e);
STATE IDLE;
RUNTEST 30001E-6 SEC;
SIR 30 TDI (3ffffebf);
SIR 30 TDI (3ffffea1);
SDR 13 TDI (1834);
SIR 30 TDI (3ffffe90);
SDR 168 TDI (06000000000000000000000000000000000000043f);
SIR 30 TDI (3ffffe9e);
STATE IDLE;
RUNTEST 30001E-6 SEC;
SIR 30 TDI (3ffffebf);
SIR 30 TDI (3ffffea1);
SDR 13 TDI (1835);
SIR 30 TDI (3ffffe90);
SDR 168 TDI (06000000000000000000000000000000000000003f);
SIR 30 TDI (3ffffe9e);
STATE IDLE;
RUNTEST 30001E-6 SEC;
SIR 30 TDI (3ffffebf);
SIR 30 TDI (3ffffea1);
SDR 13 TDI (1836);
SIR 30 TDI (3ffffe90);
SDR 168 TDI (06000000000000000000000000000000000000043f);
SIR 30 TDI (3ffffe9e);
STATE IDLE;
RUNTEST 30001E-6 SEC;
SIR 30 TDI (3ffffebf);
SIR 30 TDI (3ffffea1);
SDR 13 TDI (1837);
SIR 30 TDI (3ffffe90);
SDR 168 TDI (06000000000000000000000000000000000000043f);
SIR 30 TDI (3ffffe9e);
STATE IDLE;
RUNTEST 30001E-6 SEC;
SIR 30 TDI (3ffffebf);
SIR 30 TDI (3ffffea1);
SDR 13 TDI (1838);
SIR 30 TDI (3ffffe90);
SDR 168 TDI (06000000000000000000000000000000000000043f);
SIR 30 TDI (3ffffe9e);
STATE IDLE;
RUNTEST 30001E-6 SEC;
SIR 30 TDI (3ffffebf);
SIR 30 TDI (3ffffea1);
SDR 13 TDI (1839);
SIR 30 TDI (3ffffe90);
SDR 168 TDI (06000000000000000000000000000000000000043f);
SIR 30 TDI (3ffffe9e);
STATE IDLE;
RUNTEST 30001E-6 SEC;
SIR 30 TDI (3ffffebf);
SIR 30 TDI (3ffffea1);
SDR 13 TDI (183a);
SIR 30 TDI (3ffffe90);
SDR 168 TDI (06000000000000000000000000000000000000043f);
SIR 30 TDI (3ffffe9e);
STATE IDLE;
RUNTEST 30001E-6 SEC;
SIR 30 TDI (3ffffebf);
SIR 30 TDI (3ffffea1);
SDR 13 TDI (183b);
SIR 30 TDI (3ffffe90);
SDR 168 TDI (06000000000000000000000000000000000000043f);
SIR 30 TDI (3ffffe9e);
STATE IDLE;
RUNTEST 30001E-6 SEC;
SIR 30 TDI (3ffffebf);
SIR 30 TDI (3ffffea1);
SDR 13 TDI (183c);
SIR 30 TDI (3ffffe90);
SDR 168 TDI (06000000000000000000000000000000000000043f);
SIR 30 TDI (3ffffe9e);
STATE IDLE;
RUNTEST 30001E-6 SEC;
SIR 30 TDI (3ffffebf);
SIR 30 TDI (3ffffea1);
SDR 13 TDI (183d);
SIR 30 TDI (3ffffe90);
SDR 168 TDI (06000000000000000000000000000000000000043f);
SIR 30 TDI (3ffffe9e);
STATE IDLE;
RUNTEST 30001E-6 SEC;
SIR 30 TDI (3ffffebf);
SIR 30 TDI (3ffffea1);
SDR 13 TDI (183e);
SIR 30 TDI (3ffffe90);
SDR 168 TDI (06000000000000000000000000000000000000043f);
SIR 30 TDI (3ffffe9e);
STATE IDLE;
RUNTEST 30001E-6 SEC;
SIR 30 TDI (3ffffebf);
SIR 30 TDI (3ffffea1);
SDR 13 TDI (183f);
SIR 30 TDI (3ffffe90);
SDR 168 TDI (06000000000000000000000000000000000000043f);
SIR 30 TDI (3ffffe9e);
STATE IDLE;
RUNTEST 30001E-6 SEC;
SIR 30 TDI (3ffffebf);
SIR 30 TDI (3ffffea1);
SDR 13 TDI (1840);
SIR 30 TDI (3ffffe90);
SDR 168 TDI (06000000000000000000000000000000000000043f);
SIR 30 TDI (3ffffe9e);
STATE IDLE;
RUNTEST 30001E-6 SEC;
SIR 30 TDI (3ffffebf);
SIR 30 TDI (3ffffea1);
SDR 13 TDI (1841);
SIR 30 TDI (3ffffe90);
SDR 168 TDI (06000000000000000000000000000000000000043f);
SIR 30 TDI (3ffffe9e);
STATE IDLE;
RUNTEST 30001E-6 SEC;
SIR 30 TDI (3ffffebf);
SIR 30 TDI (3ffffea1);
SDR 13 TDI (1842);
SIR 30 TDI (3ffffe90);
SDR 168 TDI (06000000000000000000000000000000000000043f);
SIR 30 TDI (3ffffe9e);
STATE IDLE;
RUNTEST 30001E-6 SEC;
SIR 30 TDI (3ffffebf);
SIR 30 TDI (3ffffea1);
SDR 13 TDI (1843);
SIR 30 TDI (3ffffe90);
SDR 168 TDI (06000000000000000000000000000000000000043f);
SIR 30 TDI (3ffffe9e);
STATE IDLE;
RUNTEST 30001E-6 SEC;
SIR 30 TDI (3ffffebf);
SIR 30 TDI (3ffffea1);
SDR 13 TDI (1844);
SIR 30 TDI (3ffffe90);
SDR 168 TDI (06000000000000000000000000000000000000043f);
SIR 30 TDI (3ffffe9e);
STATE IDLE;
RUNTEST 30001E-6 SEC;
SIR 30 TDI (3ffffebf);
SIR 30 TDI (3ffffea1);
SDR 13 TDI (1845);
SIR 30 TDI (3ffffe90);
SDR 168 TDI (06000000000000000000000000000000000000043f);
SIR 30 TDI (3ffffe9e);
STATE IDLE;
RUNTEST 30001E-6 SEC;
SIR 30 TDI (3ffffebf);
SIR 30 TDI (3ffffea1);
SDR 13 TDI (1846);
SIR 30 TDI (3ffffe90);
SDR 168 TDI (02000000000000000000000000000000000000043f);
SIR 30 TDI (3ffffe9e);
STATE IDLE;
RUNTEST 30001E-6 SEC;
SIR 30 TDI (3ffffebf);
SIR 30 TDI (3ffffea1);
SDR 13 TDI (1847);
SIR 30 TDI (3ffffe90);
SDR 168 TDI (04000000000000000000000000000000000000043f);
SIR 30 TDI (3ffffe9e);
STATE IDLE;
RUNTEST 30001E-6 SEC;
SIR 30 TDI (3ffffebf);
SIR 30 TDI (3ffffea1);
SDR 13 TDI (1848);
SIR 30 TDI (3ffffe90);
SDR 168 TDI (06000000000000000000000000000000000000043f);
SIR 30 TDI (3ffffe9e);
STATE IDLE;
RUNTEST 30001E-6 SEC;
SIR 30 TDI (3ffffebf);
SIR 30 TDI (3ffffea1);
SDR 13 TDI (1849);
SIR 30 TDI (3ffffe90);
SDR 168 TDI (06000000000000000000000000000000000000043f);
SIR 30 TDI (3ffffe9e);
STATE IDLE;
RUNTEST 30001E-6 SEC;
SIR 30 TDI (3ffffebf);
SIR 30 TDI (3ffffea1);
SDR 13 TDI (184a);
SIR 30 TDI (3ffffe90);
SDR 168 TDI (06000000000000000000000000000000000000043f);
SIR 30 TDI (3ffffe9e);
STATE IDLE;
RUNTEST 30001E-6 SEC;
SIR 30 TDI (3ffffebf);
SIR 30 TDI (3ffffea1);
SDR 13 TDI (184b);
SIR 30 TDI (3ffffe90);
SDR 168 TDI (06000000000000000000000000000000000000043f);
SIR 30 TDI (3ffffe9e);
STATE IDLE;
RUNTEST 30001E-6 SEC;
SIR 30 TDI (3ffffebf);
SIR 30 TDI (3ffffea1);
SDR 13 TDI (184c);
SIR 30 TDI (3ffffe90);
SDR 168 TDI (06000000000000000000000000000000000000043f);
SIR 30 TDI (3ffffe9e);
STATE IDLE;
RUNTEST 30001E-6 SEC;
SIR 30 TDI (3ffffebf);
SIR 30 TDI (3ffffea1);
SDR 13 TDI (184d);
SIR 30 TDI (3ffffe90);
SDR 168 TDI (06000000000000000000000000000000000000043f);
SIR 30 TDI (3ffffe9e);
STATE IDLE;
RUNTEST 30001E-6 SEC;
SIR 30 TDI (3ffffebf);
SIR 30 TDI (3ffffea1);
SDR 13 TDI (184e);
SIR 30 TDI (3ffffe90);
SDR 168 TDI (06000000000000000000000000000000000000043f);
SIR 30 TDI (3ffffe9e);
STATE IDLE;
RUNTEST 30001E-6 SEC;
SIR 30 TDI (3ffffebf);
SIR 30 TDI (3ffffea1);
SDR 13 TDI (184f);
SIR 30 TDI (3ffffe90);
SDR 168 TDI (06000000000000000000000000000000000000043f);
SIR 30 TDI (3ffffe9e);
STATE IDLE;
RUNTEST 30001E-6 SEC;
SIR 30 TDI (3ffffebf);
SIR 30 TDI (3ffffea1);
SDR 13 TDI (1850);
SIR 30 TDI (3ffffe90);
SDR 168 TDI (06000000000000000000000000000000000000043f);
SIR 30 TDI (3ffffe9e);
STATE IDLE;
RUNTEST 30001E-6 SEC;
SIR 30 TDI (3ffffebf);
SIR 30 TDI (3ffffea1);
SDR 13 TDI (1851);
SIR 30 TDI (3ffffe90);
SDR 168 TDI (06000000000000000000000000000000000000043f);
SIR 30 TDI (3ffffe9e);
STATE IDLE;
RUNTEST 30001E-6 SEC;
SIR 30 TDI (3ffffebf);
SIR 30 TDI (3ffffea1);
SDR 13 TDI (1852);
SIR 30 TDI (3ffffe90);
SDR 168 TDI (06000000000000000000000000000000000000043f);
SIR 30 TDI (3ffffe9e);
STATE IDLE;
RUNTEST 30001E-6 SEC;
SIR 30 TDI (3ffffebf);
SIR 30 TDI (3ffffea1);
SDR 13 TDI (1853);
SIR 30 TDI (3ffffe90);
SDR 168 TDI (06000000000000000000000000000000000000043f);
SIR 30 TDI (3ffffe9e);
STATE IDLE;
RUNTEST 30001E-6 SEC;
SIR 30 TDI (3ffffebf);
SIR 30 TDI (3ffffea1);
SDR 13 TDI (1854);
SIR 30 TDI (3ffffe90);
SDR 168 TDI (06000000000000000000000000000000000000003f);
SIR 30 TDI (3ffffe9e);
STATE IDLE;
RUNTEST 30001E-6 SEC;
SIR 30 TDI (3ffffebf);
SIR 30 TDI (3ffffea1);
SDR 13 TDI (1855);
SIR 30 TDI (3ffffe90);
SDR 168 TDI (06000000000000000000000000000000000000043f);
SIR 30 TDI (3ffffe9e);
STATE IDLE;
RUNTEST 30001E-6 SEC;
SIR 30 TDI (3ffffebf);
SIR 30 TDI (3ffffea1);
SDR 13 TDI (1856);
SIR 30 TDI (3ffffe90);
SDR 168 TDI (06000000000000000000000000000000000000043f);
SIR 30 TDI (3ffffe9e);
STATE IDLE;
RUNTEST 30001E-6 SEC;
SIR 30 TDI (3ffffebf);
SIR 30 TDI (3ffffea1);
SDR 13 TDI (1857);
SIR 30 TDI (3ffffe90);
SDR 168 TDI (06000000000000000000000000000000000000043f);
SIR 30 TDI (3ffffe9e);
STATE IDLE;
RUNTEST 30001E-6 SEC;
SIR 30 TDI (3ffffebf);
SIR 30 TDI (3ffffea1);
SDR 13 TDI (1858);
SIR 30 TDI (3ffffe90);
SDR 168 TDI (06000000000000000000000000000000000000043f);
SIR 30 TDI (3ffffe9e);
STATE IDLE;
RUNTEST 30001E-6 SEC;
SIR 30 TDI (3ffffebf);
SIR 30 TDI (3ffffea1);
SDR 13 TDI (1859);
SIR 30 TDI (3ffffe90);
SDR 168 TDI (06000000000000000000000000000000000000043f);
SIR 30 TDI (3ffffe9e);
STATE IDLE;
RUNTEST 30001E-6 SEC;
SIR 30 TDI (3ffffebf);
SIR 30 TDI (3ffffea1);
SDR 13 TDI (185a);
SIR 30 TDI (3ffffe90);
SDR 168 TDI (06000000000000000000000000000000000000043f);
SIR 30 TDI (3ffffe9e);
STATE IDLE;
RUNTEST 30001E-6 SEC;
SIR 30 TDI (3ffffebf);
SIR 30 TDI (3ffffea1);
SDR 13 TDI (185b);
SIR 30 TDI (3ffffe90);
SDR 168 TDI (06000000000000000000000000000000000000043f);
SIR 30 TDI (3ffffe9e);
STATE IDLE;
RUNTEST 30001E-6 SEC;
SIR 30 TDI (3ffffebf);
SIR 30 TDI (3ffffea1);
SDR 13 TDI (185c);
SIR 30 TDI (3ffffe90);
SDR 168 TDI (06000000000000000000000000000000000000043f);
SIR 30 TDI (3ffffe9e);
STATE IDLE;
RUNTEST 30001E-6 SEC;
SIR 30 TDI (3ffffebf);
SIR 30 TDI (3ffffea1);
SDR 13 TDI (185d);
SIR 30 TDI (3ffffe90);
SDR 168 TDI (00000000000000000000000000000000000000043f);
SIR 30 TDI (3ffffe9e);
STATE IDLE;
RUNTEST 30001E-6 SEC;
SIR 30 TDI (3ffffebf);
SIR 30 TDI (3ffffea1);
SDR 13 TDI (185e);
SIR 30 TDI (3ffffe90);
SDR 168 TDI (06000000000000000000000000000000000000043f);
SIR 30 TDI (3ffffe9e);
STATE IDLE;
RUNTEST 30001E-6 SEC;
SIR 30 TDI (3ffffebf);
SIR 30 TDI (3ffffea1);
SDR 13 TDI (185f);
SIR 30 TDI (3ffffe90);
SDR 168 TDI (06000000000000000000000000000000000000043f);
SIR 30 TDI (3ffffe9e);
STATE IDLE;
RUNTEST 30001E-6 SEC;
SIR 30 TDI (3ffffebf);
SIR 30 TDI (3ffffea1);
SDR 13 TDI (1860);
SIR 30 TDI (3ffffe90);
SDR 168 TDI (06000000000000000000000000000000000000043f);
SIR 30 TDI (3ffffe9e);
STATE IDLE;
RUNTEST 30001E-6 SEC;
SIR 30 TDI (3ffffebf);
SIR 30 TDI (3ffffea1);
SDR 13 TDI (1861);
SIR 30 TDI (3ffffe90);
SDR 168 TDI (06000000000000000000000000000000000000043f);
SIR 30 TDI (3ffffe9e);
STATE IDLE;
RUNTEST 30001E-6 SEC;
SIR 30 TDI (3ffffebf);
SIR 30 TDI (3ffffea1);
SDR 13 TDI (1862);
SIR 30 TDI (3ffffe90);
SDR 168 TDI (06000000000000000000000000000000000000043f);
SIR 30 TDI (3ffffe9e);
STATE IDLE;
RUNTEST 30001E-6 SEC;
SIR 30 TDI (3ffffebf);
SIR 30 TDI (3ffffea1);
SDR 13 TDI (1863);
SIR 30 TDI (3ffffe90);
SDR 168 TDI (06000000000000000000000000000000000000043f);
SIR 30 TDI (3ffffe9e);
STATE IDLE;
RUNTEST 30001E-6 SEC;
SIR 30 TDI (3ffffebf);
SIR 30 TDI (3ffffea1);
SDR 13 TDI (1864);
SIR 30 TDI (3ffffe90);
SDR 168 TDI (06000000000000000000000000000000000000043f);
SIR 30 TDI (3ffffe9e);
STATE IDLE;
RUNTEST 30001E-6 SEC;
SIR 30 TDI (3ffffebf);
SIR 30 TDI (3ffffea1);
SDR 13 TDI (1865);
SIR 30 TDI (3ffffe90);
SDR 168 TDI (06000000000000000000000000000000000000043f);
SIR 30 TDI (3ffffe9e);
STATE IDLE;
RUNTEST 30001E-6 SEC;
SIR 30 TDI (3ffffebf);
SIR 30 TDI (3ffffea1);
SDR 13 TDI (1866);
SIR 30 TDI (3ffffe90);
SDR 168 TDI (06000000000000000000000000000000000000043f);
SIR 30 TDI (3ffffe9e);
STATE IDLE;
RUNTEST 30001E-6 SEC;
SIR 30 TDI (3ffffebf);
SIR 30 TDI (3ffffea1);
SDR 13 TDI (1867);
SIR 30 TDI (3ffffe90);
SDR 168 TDI (06000000000000000000000000000000000000043f);
SIR 30 TDI (3ffffe9e);
STATE IDLE;
RUNTEST 30001E-6 SEC;
SIR 30 TDI (3ffffebf);
SIR 30 TDI (3ffffea1);
SDR 13 TDI (1868);
SIR 30 TDI (3ffffe90);
SDR 168 TDI (06000000000000000000000000000000000000043f);
SIR 30 TDI (3ffffe9e);
STATE IDLE;
RUNTEST 30001E-6 SEC;
SIR 30 TDI (3ffffebf);
SIR 30 TDI (3ffffea1);
SDR 13 TDI (1869);
SIR 30 TDI (3ffffe90);
SDR 168 TDI (06000000000000000000000000000000000000043f);
SIR 30 TDI (3ffffe9e);
STATE IDLE;
RUNTEST 30001E-6 SEC;
SIR 30 TDI (3ffffebf);
SIR 30 TDI (3ffffea1);
SDR 13 TDI (186a);
SIR 30 TDI (3ffffe90);
SDR 168 TDI (06000000000000000000000000000000000000043f);
SIR 30 TDI (3ffffe9e);
STATE IDLE;
RUNTEST 30001E-6 SEC;
SIR 30 TDI (3ffffebf);
SIR 30 TDI (3ffffea1);
SDR 13 TDI (186b);
SIR 30 TDI (3ffffe90);
SDR 168 TDI (06000000000000000000000000000000000000043f);
SIR 30 TDI (3ffffe9e);
STATE IDLE;
RUNTEST 30001E-6 SEC;
SIR 30 TDI (3ffffebf);
STATE IDLE;
SIR 30 TDI (3ffffea1);
SDR 13 TDI (1880);
SIR 30 TDI (3ffffe90);
SDR 168 TDI (0000fc00000000001c04000080000402006030043f);
SIR 30 TDI (3ffffe9e);
STATE IDLE;
RUNTEST 30001E-6 SEC;
SIR 30 TDI (3ffffebf);
SIR 30 TDI (3ffffea1);
SDR 13 TDI (1881);
SIR 30 TDI (3ffffe90);
SDR 168 TDI (0000fc00000000001c04000080000402006030043f);
SIR 30 TDI (3ffffe9e);
STATE IDLE;
RUNTEST 30001E-6 SEC;
SIR 30 TDI (3ffffebf);
SIR 30 TDI (3ffffea1);
SDR 13 TDI (1882);
SIR 30 TDI (3ffffe90);
SDR 168 TDI (0000fc00000000001c04000080000402006030043f);
SIR 30 TDI (3ffffe9e);
STATE IDLE;
RUNTEST 30001E-6 SEC;
SIR 30 TDI (3ffffebf);
SIR 30 TDI (3ffffea1);
SDR 13 TDI (1883);
SIR 30 TDI (3ffffe90);
SDR 168 TDI (0000fc00000000001c04000080000402006030043f);
SIR 30 TDI (3ffffe9e);
STATE IDLE;
RUNTEST 30001E-6 SEC;
SIR 30 TDI (3ffffebf);
SIR 30 TDI (3ffffea1);
SDR 13 TDI (1884);
SIR 30 TDI (3ffffe90);
SDR 168 TDI (0000fc00000000001c04000080000402006030043f);
SIR 30 TDI (3ffffe9e);
STATE IDLE;
RUNTEST 30001E-6 SEC;
SIR 30 TDI (3ffffebf);
SIR 30 TDI (3ffffea1);
SDR 13 TDI (1885);
SIR 30 TDI (3ffffe90);
SDR 168 TDI (0000fc00000000001c04000080000402006030043f);
SIR 30 TDI (3ffffe9e);
STATE IDLE;
RUNTEST 30001E-6 SEC;
SIR 30 TDI (3ffffebf);
SIR 30 TDI (3ffffea1);
SDR 13 TDI (1886);
SIR 30 TDI (3ffffe90);
SDR 168 TDI (0000fc00000000001c04000080000402006030043f);
SIR 30 TDI (3ffffe9e);
STATE IDLE;
RUNTEST 30001E-6 SEC;
SIR 30 TDI (3ffffebf);
SIR 30 TDI (3ffffea1);
SDR 13 TDI (1887);
SIR 30 TDI (3ffffe90);
SDR 168 TDI (0000fc00000000001c04000080000402006030043f);
SIR 30 TDI (3ffffe9e);
STATE IDLE;
RUNTEST 30001E-6 SEC;
SIR 30 TDI (3ffffebf);
SIR 30 TDI (3ffffea1);
SDR 13 TDI (1888);
SIR 30 TDI (3ffffe90);
SDR 168 TDI (0000fc00000000001c04000080000402006030043f);
SIR 30 TDI (3ffffe9e);
STATE IDLE;
RUNTEST 30001E-6 SEC;
SIR 30 TDI (3ffffebf);
SIR 30 TDI (3ffffea1);
SDR 13 TDI (1889);
SIR 30 TDI (3ffffe90);
SDR 168 TDI (0000fc00000000001c04000080000402006030043f);
SIR 30 TDI (3ffffe9e);
STATE IDLE;
RUNTEST 30001E-6 SEC;
SIR 30 TDI (3ffffebf);
SIR 30 TDI (3ffffea1);
SDR 13 TDI (188a);
SIR 30 TDI (3ffffe90);
SDR 168 TDI (0000fc00000000001c04000080000402006030043f);
SIR 30 TDI (3ffffe9e);
STATE IDLE;
RUNTEST 30001E-6 SEC;
SIR 30 TDI (3ffffebf);
SIR 30 TDI (3ffffea1);
SDR 13 TDI (188b);
SIR 30 TDI (3ffffe90);
SDR 168 TDI (0000fc00000000001c04000080000402006030043f);
SIR 30 TDI (3ffffe9e);
STATE IDLE;
RUNTEST 30001E-6 SEC;
SIR 30 TDI (3ffffebf);
SIR 30 TDI (3ffffea1);
SDR 13 TDI (188c);
SIR 30 TDI (3ffffe90);
SDR 168 TDI (0000fc00000000001c04000080000402006030043f);
SIR 30 TDI (3ffffe9e);
STATE IDLE;
RUNTEST 30001E-6 SEC;
SIR 30 TDI (3ffffebf);
SIR 30 TDI (3ffffea1);
SDR 13 TDI (188d);
SIR 30 TDI (3ffffe90);
SDR 168 TDI (0000fc00000000001c04000080000402006030043f);
SIR 30 TDI (3ffffe9e);
STATE IDLE;
RUNTEST 30001E-6 SEC;
SIR 30 TDI (3ffffebf);
SIR 30 TDI (3ffffea1);
SDR 13 TDI (188e);
SIR 30 TDI (3ffffe90);
SDR 168 TDI (0000fc00000000001c04000080000402006030043f);
SIR 30 TDI (3ffffe9e);
STATE IDLE;
RUNTEST 30001E-6 SEC;
SIR 30 TDI (3ffffebf);
SIR 30 TDI (3ffffea1);
SDR 13 TDI (188f);
SIR 30 TDI (3ffffe90);
SDR 168 TDI (0000fc00000000001c04000080000402006030043f);
SIR 30 TDI (3ffffe9e);
STATE IDLE;
RUNTEST 30001E-6 SEC;
SIR 30 TDI (3ffffebf);
SIR 30 TDI (3ffffea1);
SDR 13 TDI (1890);
SIR 30 TDI (3ffffe90);
SDR 168 TDI (0000fc00000000000000000000000000006030043f);
SIR 30 TDI (3ffffe9e);
STATE IDLE;
RUNTEST 30001E-6 SEC;
SIR 30 TDI (3ffffebf);
SIR 30 TDI (3ffffea1);
SDR 13 TDI (1891);
SIR 30 TDI (3ffffe90);
SDR 168 TDI (0000e800000000001c04000080000402004030043f);
SIR 30 TDI (3ffffe9e);
STATE IDLE;
RUNTEST 30001E-6 SEC;
SIR 30 TDI (3ffffebf);
SIR 30 TDI (3ffffea1);
SDR 13 TDI (1892);
SIR 30 TDI (3ffffe90);
SDR 168 TDI (0000fc00000000001804000080000402006030043f);
SIR 30 TDI (3ffffe9e);
STATE IDLE;
RUNTEST 30001E-6 SEC;
SIR 30 TDI (3ffffebf);
SIR 30 TDI (3ffffea1);
SDR 13 TDI (1893);
SIR 30 TDI (3ffffe90);
SDR 168 TDI (00003c00000000001c00000000000000006030043f);
SIR 30 TDI (3ffffe9e);
STATE IDLE;
RUNTEST 30001E-6 SEC;
SIR 30 TDI (3ffffebf);
SIR 30 TDI (3ffffea1);
SDR 13 TDI (1894);
SIR 30 TDI (3ffffe90);
SDR 168 TDI (0000fc00000000001c04000080000402006030043f);
SIR 30 TDI (3ffffe9e);
STATE IDLE;
RUNTEST 30001E-6 SEC;
SIR 30 TDI (3ffffebf);
SIR 30 TDI (3ffffea1);
SDR 13 TDI (1895);
SIR 30 TDI (3ffffe90);
SDR 168 TDI (0000fc00000000001c04000080000402006030043f);
SIR 30 TDI (3ffffe9e);
STATE IDLE;
RUNTEST 30001E-6 SEC;
SIR 30 TDI (3ffffebf);
SIR 30 TDI (3ffffea1);
SDR 13 TDI (1896);
SIR 30 TDI (3ffffe90);
SDR 168 TDI (0000fc00000000001c00000080000002006030043f);
SIR 30 TDI (3ffffe9e);
STATE IDLE;
RUNTEST 30001E-6 SEC;
SIR 30 TDI (3ffffebf);
SIR 30 TDI (3ffffea1);
SDR 13 TDI (1897);
SIR 30 TDI (3ffffe90);
SDR 168 TDI (0000fc00000000001c04000000000400006030043f);
SIR 30 TDI (3ffffe9e);
STATE IDLE;
RUNTEST 30001E-6 SEC;
SIR 30 TDI (3ffffebf);
SIR 30 TDI (3ffffea1);
SDR 13 TDI (1898);
SIR 30 TDI (3ffffe90);
SDR 168 TDI (0000fc00000000001c04000080000402006030043f);
SIR 30 TDI (3ffffe9e);
STATE IDLE;
RUNTEST 30001E-6 SEC;
SIR 30 TDI (3ffffebf);
SIR 30 TDI (3ffffea1);
SDR 13 TDI (1899);
SIR 30 TDI (3ffffe90);
SDR 168 TDI (0000fc00000000001c04000080000402006030043f);
SIR 30 TDI (3ffffe9e);
STATE IDLE;
RUNTEST 30001E-6 SEC;
SIR 30 TDI (3ffffebf);
SIR 30 TDI (3ffffea1);
SDR 13 TDI (189a);
SIR 30 TDI (3ffffe90);
SDR 168 TDI (0000fc00000000001c04000080000402006030043f);
SIR 30 TDI (3ffffe9e);
STATE IDLE;
RUNTEST 30001E-6 SEC;
SIR 30 TDI (3ffffebf);
SIR 30 TDI (3ffffea1);
SDR 13 TDI (189b);
SIR 30 TDI (3ffffe90);
SDR 168 TDI (0000fc00000000001c04000080000402006030043f);
SIR 30 TDI (3ffffe9e);
STATE IDLE;
RUNTEST 30001E-6 SEC;
SIR 30 TDI (3ffffebf);
SIR 30 TDI (3ffffea1);
SDR 13 TDI (189c);
SIR 30 TDI (3ffffe90);
SDR 168 TDI (0000fc00000000001c00000000000402006030043f);
SIR 30 TDI (3ffffe9e);
STATE IDLE;
RUNTEST 30001E-6 SEC;
SIR 30 TDI (3ffffebf);
SIR 30 TDI (3ffffea1);
SDR 13 TDI (189d);
SIR 30 TDI (3ffffe90);
SDR 168 TDI (0000fc00000000001c04000080000000006030043f);
SIR 30 TDI (3ffffe9e);
STATE IDLE;
RUNTEST 30001E-6 SEC;
SIR 30 TDI (3ffffebf);
SIR 30 TDI (3ffffea1);
SDR 13 TDI (189e);
SIR 30 TDI (3ffffe90);
SDR 168 TDI (0000fc00000000001c04000080000402006030043f);
SIR 30 TDI (3ffffe9e);
STATE IDLE;
RUNTEST 30001E-6 SEC;
SIR 30 TDI (3ffffebf);
SIR 30 TDI (3ffffea1);
SDR 13 TDI (189f);
SIR 30 TDI (3ffffe90);
SDR 168 TDI (0000fc00000000001c04000080000402006030043f);
SIR 30 TDI (3ffffe9e);
STATE IDLE;
RUNTEST 30001E-6 SEC;
SIR 30 TDI (3ffffebf);
SIR 30 TDI (3ffffea1);
SDR 13 TDI (18a0);
SIR 30 TDI (3ffffe90);
SDR 168 TDI (0000fc00000000001c04000080000402006030043f);
SIR 30 TDI (3ffffe9e);
STATE IDLE;
RUNTEST 30001E-6 SEC;
SIR 30 TDI (3ffffebf);
SIR 30 TDI (3ffffea1);
SDR 13 TDI (18a1);
SIR 30 TDI (3ffffe90);
SDR 168 TDI (0000fc00000000001c04000080000402006030043f);
SIR 30 TDI (3ffffe9e);
STATE IDLE;
RUNTEST 30001E-6 SEC;
SIR 30 TDI (3ffffebf);
SIR 30 TDI (3ffffea1);
SDR 13 TDI (18a2);
SIR 30 TDI (3ffffe90);
SDR 168 TDI (0000fc00000000001c04000080000402006030043f);
SIR 30 TDI (3ffffe9e);
STATE IDLE;
RUNTEST 30001E-6 SEC;
SIR 30 TDI (3ffffebf);
SIR 30 TDI (3ffffea1);
SDR 13 TDI (18a3);
SIR 30 TDI (3ffffe90);
SDR 168 TDI (0000fc00000000001c04000080000402006030043f);
SIR 30 TDI (3ffffe9e);
STATE IDLE;
RUNTEST 30001E-6 SEC;
SIR 30 TDI (3ffffebf);
SIR 30 TDI (3ffffea1);
SDR 13 TDI (18a4);
SIR 30 TDI (3ffffe90);
SDR 168 TDI (0000fc00000000001c04000080000402006030043f);
SIR 30 TDI (3ffffe9e);
STATE IDLE;
RUNTEST 30001E-6 SEC;
SIR 30 TDI (3ffffebf);
SIR 30 TDI (3ffffea1);
SDR 13 TDI (18a5);
SIR 30 TDI (3ffffe90);
SDR 168 TDI (0000fc00000000001c04000080000402006030043f);
SIR 30 TDI (3ffffe9e);
STATE IDLE;
RUNTEST 30001E-6 SEC;
SIR 30 TDI (3ffffebf);
SIR 30 TDI (3ffffea1);
SDR 13 TDI (18a6);
SIR 30 TDI (3ffffe90);
SDR 168 TDI (0000fc00000000001c04000080000402006030043f);
SIR 30 TDI (3ffffe9e);
STATE IDLE;
RUNTEST 30001E-6 SEC;
SIR 30 TDI (3ffffebf);
SIR 30 TDI (3ffffea1);
SDR 13 TDI (18a7);
SIR 30 TDI (3ffffe90);
SDR 168 TDI (0000fc00000000001c04000080000402006030043f);
SIR 30 TDI (3ffffe9e);
STATE IDLE;
RUNTEST 30001E-6 SEC;
SIR 30 TDI (3ffffebf);
SIR 30 TDI (3ffffea1);
SDR 13 TDI (18a8);
SIR 30 TDI (3ffffe90);
SDR 168 TDI (0000fc00000000001c04000080000402006030043f);
SIR 30 TDI (3ffffe9e);
STATE IDLE;
RUNTEST 30001E-6 SEC;
SIR 30 TDI (3ffffebf);
SIR 30 TDI (3ffffea1);
SDR 13 TDI (18a9);
SIR 30 TDI (3ffffe90);
SDR 168 TDI (00004c00000000001c04000080000402006030003f);
SIR 30 TDI (3ffffe9e);
STATE IDLE;
RUNTEST 30001E-6 SEC;
SIR 30 TDI (3ffffebf);
SIR 30 TDI (3ffffea1);
SDR 13 TDI (18aa);
SIR 30 TDI (3ffffe90);
SDR 168 TDI (0000fc00000000000c04000080000402006030043f);
SIR 30 TDI (3ffffe9e);
STATE IDLE;
RUNTEST 30001E-6 SEC;
SIR 30 TDI (3ffffebf);
SIR 30 TDI (3ffffea1);
SDR 13 TDI (18ab);
SIR 30 TDI (3ffffe90);
SDR 168 TDI (00003c00000000001c00000000000000006030043f);
SIR 30 TDI (3ffffe9e);
STATE IDLE;
RUNTEST 30001E-6 SEC;
SIR 30 TDI (3ffffebf);
SIR 30 TDI (3ffffea1);
SDR 13 TDI (18ac);
SIR 30 TDI (3ffffe90);
SDR 168 TDI (0000fc00000000001c04000080000402006030043f);
SIR 30 TDI (3ffffe9e);
STATE IDLE;
RUNTEST 30001E-6 SEC;
SIR 30 TDI (3ffffebf);
SIR 30 TDI (3ffffea1);
SDR 13 TDI (18ad);
SIR 30 TDI (3ffffe90);
SDR 168 TDI (0000fc00000000001c04000080000402006030043f);
SIR 30 TDI (3ffffe9e);
STATE IDLE;
RUNTEST 30001E-6 SEC;
SIR 30 TDI (3ffffebf);
SIR 30 TDI (3ffffea1);
SDR 13 TDI (18ae);
SIR 30 TDI (3ffffe90);
SDR 168 TDI (0000fc00000000001c04000080000402006030043f);
SIR 30 TDI (3ffffe9e);
STATE IDLE;
RUNTEST 30001E-6 SEC;
SIR 30 TDI (3ffffebf);
SIR 30 TDI (3ffffea1);
SDR 13 TDI (18af);
SIR 30 TDI (3ffffe90);
SDR 168 TDI (0000fc00000000001c04000080000402006030043f);
SIR 30 TDI (3ffffe9e);
STATE IDLE;
RUNTEST 30001E-6 SEC;
SIR 30 TDI (3ffffebf);
SIR 30 TDI (3ffffea1);
SDR 13 TDI (18b0);
SIR 30 TDI (3ffffe90);
SDR 168 TDI (0000fc00000000001c04000080000402006030043f);
SIR 30 TDI (3ffffe9e);
STATE IDLE;
RUNTEST 30001E-6 SEC;
SIR 30 TDI (3ffffebf);
SIR 30 TDI (3ffffea1);
SDR 13 TDI (18b1);
SIR 30 TDI (3ffffe90);
SDR 168 TDI (0000fc00000000001c04000080000402006030043f);
SIR 30 TDI (3ffffe9e);
STATE IDLE;
RUNTEST 30001E-6 SEC;
SIR 30 TDI (3ffffebf);
SIR 30 TDI (3ffffea1);
SDR 13 TDI (18b2);
SIR 30 TDI (3ffffe90);
SDR 168 TDI (0000fc00000000001c04000080000402006030043f);
SIR 30 TDI (3ffffe9e);
STATE IDLE;
RUNTEST 30001E-6 SEC;
SIR 30 TDI (3ffffebf);
SIR 30 TDI (3ffffea1);
SDR 13 TDI (18b3);
SIR 30 TDI (3ffffe90);
SDR 168 TDI (0000fc00000000001c04000080000402006030043f);
SIR 30 TDI (3ffffe9e);
STATE IDLE;
RUNTEST 30001E-6 SEC;
SIR 30 TDI (3ffffebf);
SIR 30 TDI (3ffffea1);
SDR 13 TDI (18b4);
SIR 30 TDI (3ffffe90);
SDR 168 TDI (0000fc00000000001c04000080000402006030043f);
SIR 30 TDI (3ffffe9e);
STATE IDLE;
RUNTEST 30001E-6 SEC;
SIR 30 TDI (3ffffebf);
SIR 30 TDI (3ffffea1);
SDR 13 TDI (18b5);
SIR 30 TDI (3ffffe90);
SDR 168 TDI (0000fc00000000001c04000080000402006030043f);
SIR 30 TDI (3ffffe9e);
STATE IDLE;
RUNTEST 30001E-6 SEC;
SIR 30 TDI (3ffffebf);
SIR 30 TDI (3ffffea1);
SDR 13 TDI (18b6);
SIR 30 TDI (3ffffe90);
SDR 168 TDI (0000fc00000000001c04000080000402006030043f);
SIR 30 TDI (3ffffe9e);
STATE IDLE;
RUNTEST 30001E-6 SEC;
SIR 30 TDI (3ffffebf);
SIR 30 TDI (3ffffea1);
SDR 13 TDI (18b7);
SIR 30 TDI (3ffffe90);
SDR 168 TDI (0000fc00000000001c04000080000402006030043f);
SIR 30 TDI (3ffffe9e);
STATE IDLE;
RUNTEST 30001E-6 SEC;
SIR 30 TDI (3ffffebf);
SIR 30 TDI (3ffffea1);
SDR 13 TDI (18b8);
SIR 30 TDI (3ffffe90);
SDR 168 TDI (0000fc00000000001c04000080000402006030043f);
SIR 30 TDI (3ffffe9e);
STATE IDLE;
RUNTEST 30001E-6 SEC;
SIR 30 TDI (3ffffebf);
SIR 30 TDI (3ffffea1);
SDR 13 TDI (18b9);
SIR 30 TDI (3ffffe90);
SDR 168 TDI (0000fc00000000001c04000080000402006030043f);
SIR 30 TDI (3ffffe9e);
STATE IDLE;
RUNTEST 30001E-6 SEC;
SIR 30 TDI (3ffffebf);
SIR 30 TDI (3ffffea1);
SDR 13 TDI (18ba);
SIR 30 TDI (3ffffe90);
SDR 168 TDI (0000fc00000000001c04000080000402006030043f);
SIR 30 TDI (3ffffe9e);
STATE IDLE;
RUNTEST 30001E-6 SEC;
SIR 30 TDI (3ffffebf);
SIR 30 TDI (3ffffea1);
SDR 13 TDI (18bb);
SIR 30 TDI (3ffffe90);
SDR 168 TDI (0000fc00000000001c04000080000402006030043f);
SIR 30 TDI (3ffffe9e);
STATE IDLE;
RUNTEST 30001E-6 SEC;
SIR 30 TDI (3ffffebf);
SIR 30 TDI (3ffffea1);
SDR 13 TDI (18bc);
SIR 30 TDI (3ffffe90);
SDR 168 TDI (0000fc00000000001404000080000402006030043f);
SIR 30 TDI (3ffffe9e);
STATE IDLE;
RUNTEST 30001E-6 SEC;
SIR 30 TDI (3ffffebf);
SIR 30 TDI (3ffffea1);
SDR 13 TDI (18bd);
SIR 30 TDI (3ffffe90);
SDR 168 TDI (00003c00000000001c00000000000000006030043f);
SIR 30 TDI (3ffffe9e);
STATE IDLE;
RUNTEST 30001E-6 SEC;
SIR 30 TDI (3ffffebf);
SIR 30 TDI (3ffffea1);
SDR 13 TDI (18be);
SIR 30 TDI (3ffffe90);
SDR 168 TDI (0000fc00000000001c04000080000402006030043f);
SIR 30 TDI (3ffffe9e);
STATE IDLE;
RUNTEST 30001E-6 SEC;
SIR 30 TDI (3ffffebf);
SIR 30 TDI (3ffffea1);
SDR 13 TDI (18bf);
SIR 30 TDI (3ffffe90);
SDR 168 TDI (00001400000000000000000000000000002030043f);
SIR 30 TDI (3ffffe9e);
STATE IDLE;
RUNTEST 30001E-6 SEC;
SIR 30 TDI (3ffffebf);
SIR 30 TDI (3ffffea1);
SDR 13 TDI (18c0);
SIR 30 TDI (3ffffe90);
SDR 168 TDI (0000fc00000000001c04000080000402006030043f);
SIR 30 TDI (3ffffe9e);
STATE IDLE;
RUNTEST 30001E-6 SEC;
SIR 30 TDI (3ffffebf);
SIR 30 TDI (3ffffea1);
SDR 13 TDI (18c1);
SIR 30 TDI (3ffffe90);
SDR 168 TDI (0000fc00000000001c04000080000402006030043f);
SIR 30 TDI (3ffffe9e);
STATE IDLE;
RUNTEST 30001E-6 SEC;
SIR 30 TDI (3ffffebf);
SIR 30 TDI (3ffffea1);
SDR 13 TDI (18c2);
SIR 30 TDI (3ffffe90);
SDR 168 TDI (0000fc00000000001c04000080000402006030043f);
SIR 30 TDI (3ffffe9e);
STATE IDLE;
RUNTEST 30001E-6 SEC;
SIR 30 TDI (3ffffebf);
SIR 30 TDI (3ffffea1);
SDR 13 TDI (18c3);
SIR 30 TDI (3ffffe90);
SDR 168 TDI (0000fc00000000001c04000080000402006030043f);
SIR 30 TDI (3ffffe9e);
STATE IDLE;
RUNTEST 30001E-6 SEC;
SIR 30 TDI (3ffffebf);
SIR 30 TDI (3ffffea1);
SDR 13 TDI (18c4);
SIR 30 TDI (3ffffe90);
SDR 168 TDI (0000fc00000000001c04000080000402006030043f);
SIR 30 TDI (3ffffe9e);
STATE IDLE;
RUNTEST 30001E-6 SEC;
SIR 30 TDI (3ffffebf);
SIR 30 TDI (3ffffea1);
SDR 13 TDI (18c5);
SIR 30 TDI (3ffffe90);
SDR 168 TDI (0000fc00000000001c04000080000402006030043f);
SIR 30 TDI (3ffffe9e);
STATE IDLE;
RUNTEST 30001E-6 SEC;
SIR 30 TDI (3ffffebf);
SIR 30 TDI (3ffffea1);
SDR 13 TDI (18c6);
SIR 30 TDI (3ffffe90);
SDR 168 TDI (0000fc00000000001c04000080000402006030043f);
SIR 30 TDI (3ffffe9e);
STATE IDLE;
RUNTEST 30001E-6 SEC;
SIR 30 TDI (3ffffebf);
SIR 30 TDI (3ffffea1);
SDR 13 TDI (18c7);
SIR 30 TDI (3ffffe90);
SDR 168 TDI (0000fc00000000001c04000080000402006030043f);
SIR 30 TDI (3ffffe9e);
STATE IDLE;
RUNTEST 30001E-6 SEC;
SIR 30 TDI (3ffffebf);
SIR 30 TDI (3ffffea1);
SDR 13 TDI (18c8);
SIR 30 TDI (3ffffe90);
SDR 168 TDI (0000fc00000000001c04000080000402006020043f);
SIR 30 TDI (3ffffe9e);
STATE IDLE;
RUNTEST 30001E-6 SEC;
SIR 30 TDI (3ffffebf);
SIR 30 TDI (3ffffea1);
SDR 13 TDI (18c9);
SIR 30 TDI (3ffffe90);
SDR 168 TDI (0000fc00000000001c04000080000402006010003f);
SIR 30 TDI (3ffffe9e);
STATE IDLE;
RUNTEST 30001E-6 SEC;
SIR 30 TDI (3ffffebf);
SIR 30 TDI (3ffffea1);
SDR 13 TDI (18ca);
SIR 30 TDI (3ffffe90);
SDR 168 TDI (00000000000000000000000000000000000030043f);
SIR 30 TDI (3ffffe9e);
STATE IDLE;
RUNTEST 30001E-6 SEC;
SIR 30 TDI (3ffffebf);
SIR 30 TDI (3ffffea1);
SDR 13 TDI (18cb);
SIR 30 TDI (3ffffe90);
SDR 168 TDI (0000fc00000000001c04000080000402006030043f);
SIR 30 TDI (3ffffe9e);
STATE IDLE;
RUNTEST 30001E-6 SEC;
SIR 30 TDI (3ffffebf);
SIR 30 TDI (3ffffea1);
SDR 13 TDI (18cc);
SIR 30 TDI (3ffffe90);
SDR 168 TDI (0000fc00000000001c04000080000402006030043f);
SIR 30 TDI (3ffffe9e);
STATE IDLE;
RUNTEST 30001E-6 SEC;
SIR 30 TDI (3ffffebf);
SIR 30 TDI (3ffffea1);
SDR 13 TDI (18cd);
SIR 30 TDI (3ffffe90);
SDR 168 TDI (0000b000000000001c04000080000402006000043f);
SIR 30 TDI (3ffffe9e);
STATE IDLE;
RUNTEST 30001E-6 SEC;
SIR 30 TDI (3ffffebf);
SIR 30 TDI (3ffffea1);
SDR 13 TDI (18ce);
SIR 30 TDI (3ffffe90);
SDR 168 TDI (0000fc00000000001c04000080000402006030043f);
SIR 30 TDI (3ffffe9e);
STATE IDLE;
RUNTEST 30001E-6 SEC;
SIR 30 TDI (3ffffebf);
SIR 30 TDI (3ffffea1);
SDR 13 TDI (18cf);
SIR 30 TDI (3ffffe90);
SDR 168 TDI (0000fc00000000001c04000080000402006030043f);
SIR 30 TDI (3ffffe9e);
STATE IDLE;
RUNTEST 30001E-6 SEC;
SIR 30 TDI (3ffffebf);
SIR 30 TDI (3ffffea1);
SDR 13 TDI (18d0);
SIR 30 TDI (3ffffe90);
SDR 168 TDI (0000fc00000000001c04000080000402006030043f);
SIR 30 TDI (3ffffe9e);
STATE IDLE;
RUNTEST 30001E-6 SEC;
SIR 30 TDI (3ffffebf);
SIR 30 TDI (3ffffea1);
SDR 13 TDI (18d1);
SIR 30 TDI (3ffffe90);
SDR 168 TDI (0000fc00000000001c04000080000402006030043f);
SIR 30 TDI (3ffffe9e);
STATE IDLE;
RUNTEST 30001E-6 SEC;
SIR 30 TDI (3ffffebf);
SIR 30 TDI (3ffffea1);
SDR 13 TDI (18d2);
SIR 30 TDI (3ffffe90);
SDR 168 TDI (0000fc00000000001c04000080000402006030043f);
SIR 30 TDI (3ffffe9e);
STATE IDLE;
RUNTEST 30001E-6 SEC;
SIR 30 TDI (3ffffebf);
SIR 30 TDI (3ffffea1);
SDR 13 TDI (18d3);
SIR 30 TDI (3ffffe90);
SDR 168 TDI (0000fc00000000001c04000080000402006030043f);
SIR 30 TDI (3ffffe9e);
STATE IDLE;
RUNTEST 30001E-6 SEC;
SIR 30 TDI (3ffffebf);
SIR 30 TDI (3ffffea1);
SDR 13 TDI (18d4);
SIR 30 TDI (3ffffe90);
SDR 168 TDI (0000fc00000000001c04000080000402006030043f);
SIR 30 TDI (3ffffe9e);
STATE IDLE;
RUNTEST 30001E-6 SEC;
SIR 30 TDI (3ffffebf);
SIR 30 TDI (3ffffea1);
SDR 13 TDI (18d5);
SIR 30 TDI (3ffffe90);
SDR 168 TDI (0000fc00000000001c04000080000402006030043f);
SIR 30 TDI (3ffffe9e);
STATE IDLE;
RUNTEST 30001E-6 SEC;
SIR 30 TDI (3ffffebf);
SIR 30 TDI (3ffffea1);
SDR 13 TDI (18d6);
SIR 30 TDI (3ffffe90);
SDR 168 TDI (0000d400000000001c04000080000402002030043f);
SIR 30 TDI (3ffffe9e);
STATE IDLE;
RUNTEST 30001E-6 SEC;
SIR 30 TDI (3ffffebf);
SIR 30 TDI (3ffffea1);
SDR 13 TDI (18d7);
SIR 30 TDI (3ffffe90);
SDR 168 TDI (0000fc00000000000000000000000000006030043f);
SIR 30 TDI (3ffffe9e);
STATE IDLE;
RUNTEST 30001E-6 SEC;
SIR 30 TDI (3ffffebf);
SIR 30 TDI (3ffffea1);
SDR 13 TDI (18d8);
SIR 30 TDI (3ffffe90);
SDR 168 TDI (0000fc00000000001c04000080000402006030043f);
SIR 30 TDI (3ffffe9e);
STATE IDLE;
RUNTEST 30001E-6 SEC;
SIR 30 TDI (3ffffebf);
SIR 30 TDI (3ffffea1);
SDR 13 TDI (18d9);
SIR 30 TDI (3ffffe90);
SDR 168 TDI (0000fc00000000001c04000080000402006030043f);
SIR 30 TDI (3ffffe9e);
STATE IDLE;
RUNTEST 30001E-6 SEC;
SIR 30 TDI (3ffffebf);
SIR 30 TDI (3ffffea1);
SDR 13 TDI (18da);
SIR 30 TDI (3ffffe90);
SDR 168 TDI (0000fc00000000001c04000080000402006030043f);
SIR 30 TDI (3ffffe9e);
STATE IDLE;
RUNTEST 30001E-6 SEC;
SIR 30 TDI (3ffffebf);
SIR 30 TDI (3ffffea1);
SDR 13 TDI (18db);
SIR 30 TDI (3ffffe90);
SDR 168 TDI (0000fc00000000001c04000080000402006030043f);
SIR 30 TDI (3ffffe9e);
STATE IDLE;
RUNTEST 30001E-6 SEC;
SIR 30 TDI (3ffffebf);
SIR 30 TDI (3ffffea1);
SDR 13 TDI (18dc);
SIR 30 TDI (3ffffe90);
SDR 168 TDI (0000fc00000000001c04000080000402006030043f);
SIR 30 TDI (3ffffe9e);
STATE IDLE;
RUNTEST 30001E-6 SEC;
SIR 30 TDI (3ffffebf);
SIR 30 TDI (3ffffea1);
SDR 13 TDI (18dd);
SIR 30 TDI (3ffffe90);
SDR 168 TDI (0000fc00000000001c04000080000402006030043f);
SIR 30 TDI (3ffffe9e);
STATE IDLE;
RUNTEST 30001E-6 SEC;
SIR 30 TDI (3ffffebf);
SIR 30 TDI (3ffffea1);
SDR 13 TDI (18de);
SIR 30 TDI (3ffffe90);
SDR 168 TDI (0000fc00000000001c04000080000402006030043f);
SIR 30 TDI (3ffffe9e);
STATE IDLE;
RUNTEST 30001E-6 SEC;
SIR 30 TDI (3ffffebf);
SIR 30 TDI (3ffffea1);
SDR 13 TDI (18df);
SIR 30 TDI (3ffffe90);
SDR 168 TDI (0000fc00000000001c04000080000402006030043f);
SIR 30 TDI (3ffffe9e);
STATE IDLE;
RUNTEST 30001E-6 SEC;
SIR 30 TDI (3ffffebf);
STATE IDLE;
SIR 30 TDI (3ffffea1);
SDR 13 TDI (1800);
SIR 30 TDI (3ffffe90);
SDR 168 TDI (3ffff0f0c30ce20420607ffff3f0f00ce2006064ff);
SIR 30 TDI (3ffffe9e);
STATE IDLE;
RUNTEST 30001E-6 SEC;
SIR 30 TDI (3ffffebf);
SIR 30 TDI (3ffffea1);
SDR 13 TDI (1801);
SIR 30 TDI (3ffffe90);
SDR 168 TDI (3fffd0908108000000003fffc1909008800000003f);
SIR 30 TDI (3ffffe9e);
STATE IDLE;
RUNTEST 30001E-6 SEC;
SIR 30 TDI (3ffffebf);
SIR 30 TDI (3ffffea1);
SDR 13 TDI (1802);
SIR 30 TDI (3ffffe90);
SDR 168 TDI (3fffd999999989999999bfffd9999999999999993f);
SIR 30 TDI (3ffffe9e);
STATE IDLE;
RUNTEST 30001E-6 SEC;
SIR 30 TDI (3ffffebf);
SIR 30 TDI (3ffffea1);
SDR 13 TDI (1803);
SIR 30 TDI (3ffffe90);
SDR 168 TDI (3fffc00000003fffffffffffc00000003fffffffbf);
SIR 30 TDI (3ffffe9e);
STATE IDLE;
RUNTEST 30001E-6 SEC;
SIR 30 TDI (3ffffebf);
SIR 30 TDI (3ffffea1);
SDR 13 TDI (1804);
SIR 30 TDI (3ffffe90);
SDR 168 TDI (3ffff9f9db9dfffffffffffffbf9f99dffffffffff);
SIR 30 TDI (3ffffe9e);
STATE IDLE;
RUNTEST 30001E-6 SEC;
SIR 30 TDI (3ffffebf);
SIR 30 TDI (3ffffea1);
SDR 13 TDI (1805);
SIR 30 TDI (3ffffe90);
SDR 168 TDI (3fffc0000000046246063ffff000000004660602ff);
SIR 30 TDI (3ffffe9e);
STATE IDLE;
RUNTEST 30001E-6 SEC;
SIR 30 TDI (3ffffebf);
SIR 30 TDI (3ffffea1);
SDR 13 TDI (1806);
SIR 30 TDI (3ffffe90);
SDR 168 TDI (3ffff100c00c0200200cfffff3f0f00ce300f0fcff);
SIR 30 TDI (3ffffe9e);
STATE IDLE;
RUNTEST 30001E-6 SEC;
SIR 30 TDI (3ffffebf);
SIR 30 TDI (3ffffea1);
SDR 13 TDI (1807);
SIR 30 TDI (3ffffe90);
SDR 168 TDI (3fffc0008010000000003fffc0000000800000003f);
SIR 30 TDI (3ffffe9e);
STATE IDLE;
RUNTEST 30001E-6 SEC;
SIR 30 TDI (3ffffebf);
SIR 30 TDI (3ffffea1);
SDR 13 TDI (1808);
SIR 30 TDI (3ffffe90);
SDR 168 TDI (3fffd9999999981999913fffd9999999989909013f);
SIR 30 TDI (3ffffe9e);
STATE IDLE;
RUNTEST 30001E-6 SEC;
SIR 30 TDI (3ffffebf);
SIR 30 TDI (3ffffea1);
SDR 13 TDI (1809);
SIR 30 TDI (3ffffe90);
SDR 168 TDI (3fffc00000003dfffffbbfffc00000003dff9f9bbf);
SIR 30 TDI (3ffffe9e);
STATE IDLE;
RUNTEST 30001E-6 SEC;
SIR 30 TDI (3ffffebf);
SIR 30 TDI (3ffffea1);
SDR 13 TDI (180a);
SIR 30 TDI (3ffffe90);
SDR 168 TDI (3ffffb99d9bdbffffffffffffbf9f99dffffffffff);
SIR 30 TDI (3ffffe9e);
STATE IDLE;
RUNTEST 30001E-6 SEC;
SIR 30 TDI (3ffffebf);
SIR 30 TDI (3ffffea1);
SDR 13 TDI (180b);
SIR 30 TDI (3ffffe90);
SDR 168 TDI (3ffff300003c27a6466efffff3f0f00c0766f6feff);
SIR 30 TDI (3ffffe9e);
STATE IDLE;
RUNTEST 30001E-6 SEC;
SIR 30 TDI (3ffffebf);
STATE IDLE;
SIR 30 TDI (3ffffea1);
SDR 13 TDI (18e0);
SIR 30 TDI (3ffffe90);
SDR 168 TDI (3ffffbfffffefffffffffffffffffffeffffffffff);
SIR 30 TDI (3ffffe9e);
STATE IDLE;
RUNTEST 30001E-6 SEC;
SIR 30 TDI (3ffffebf);
SIR 30 TDI (3ffffea1);
SDR 13 TDI (18e1);
SIR 30 TDI (3ffffe90);
SDR 168 TDI (3fffffffffffffffffffffffffffffffffffffffff);
SIR 30 TDI (3ffffe9e);
STATE IDLE;
RUNTEST 30001E-6 SEC;
SIR 30 TDI (3ffffebf);
SIR 30 TDI (3ffffea1);
SDR 13 TDI (18e2);
SIR 30 TDI (3ffffe90);
SDR 168 TDI (37ffffffffff7fff7ffff7ffffffffff7fd77fffff);
SIR 30 TDI (3ffffe9e);
STATE IDLE;
RUNTEST 30001E-6 SEC;
SIR 30 TDI (3ffffebf);
SIR 30 TDI (3ffffea1);
SDR 13 TDI (18e3);
SIR 30 TDI (3ffffe90);
SDR 168 TDI (3fffffffffffffffffffffffffffffffffffffffff);
SIR 30 TDI (3ffffe9e);
STATE IDLE;
RUNTEST 30001E-6 SEC;
SIR 30 TDI (3ffffebf);
SIR 30 TDI (3ffffea1);
SDR 13 TDI (18e4);
SIR 30 TDI (3ffffe90);
SDR 168 TDI (3fff7feffffffffffeffffff7feffffffffffeffff);
SIR 30 TDI (3ffffe9e);
STATE IDLE;
RUNTEST 30001E-6 SEC;
SIR 30 TDI (3ffffebf);
SIR 30 TDI (3ffffea1);
SDR 13 TDI (18e5);
SIR 30 TDI (3ffffe90);
SDR 168 TDI (3fffffffffffffffffffffffffffffffffffffffff);
SIR 30 TDI (3ffffe9e);
STATE IDLE;
RUNTEST 30001E-6 SEC;
SIR 30 TDI (3ffffebf);
SIR 30 TDI (3ffffea1);
SDR 13 TDI (18e6);
SIR 30 TDI (3ffffe90);
SDR 168 TDI (2effffffffffffefffffeeffffffffffffefffffff);
SIR 30 TDI (3ffffe9e);
STATE IDLE;
RUNTEST 30001E-6 SEC;
SIR 30 TDI (3ffffebf);
SIR 30 TDI (3ffffea1);
SDR 13 TDI (18e7);
SIR 30 TDI (3ffffe90);
SDR 168 TDI (3ffffffffffbffffffffffffffffffffffffffffff);
SIR 30 TDI (3ffffe9e);
STATE IDLE;
RUNTEST 30001E-6 SEC;
SIR 30 TDI (3ffffebf);
SIR 30 TDI (3ffffea1);
SDR 13 TDI (18e8);
SIR 30 TDI (3ffffe90);
SDR 168 TDI (3ffffff7ffffffffdfffffffffd7ffffffffffffff);
SIR 30 TDI (3ffffe9e);
STATE IDLE;
RUNTEST 30001E-6 SEC;
SIR 30 TDI (3ffffebf);
STATE IDLE;
SIR 30 TDI (3ffffea1);
SDR 13 TDI (1a00);
SIR 30 TDI (3ffffe92);
SDR 6 TDI (0f);
SIR 30 TDI (3ffffe9e);
STATE IDLE;
RUNTEST 30001E-6 SEC;
SIR 30 TDI (3ffffebf);
STATE IDLE;
SIR 30 TDI (3ffffea1);
SDR 13 TDI (1b00);
SIR 30 TDI (3ffffe93);
SDR 18 TDI (0ffff);
SIR 30 TDI (3ffffe9e);
STATE IDLE;
RUNTEST 30001E-6 SEC;
SIR 30 TDI (3ffffebf);
STATE IDLE;
SIR 30 TDI (3ffffea1);
SDR 13 TDI (1900);
SIR 30 TDI (3ffffe91);
SDR 34 TDI (07fed01ff);
SIR 30 TDI (3ffffe9e);
STATE IDLE;
RUNTEST 30001E-6 SEC;
SIR 30 TDI (3ffffebf);
STATE IDLE;
SIR 30 TDI (3ffffea1);
SDR 13 TDI (180c);
SIR 30 TDI (3ffffe8c);
STATE IDLE;
RUNTEST 20001E-6 SEC;
SIR 30 TDI (3ffffe90);
SDR 168 TDI (06000000000000000000000000000000000000043f)
	TDO (06000000000000000000000000000000000000043f)
	MASK (ffffffffffffffffffffffffffffffffffffffffff);
SIR 30 TDI (3ffffea1);
SDR 13 TDI (180d);
SIR 30 TDI (3ffffe8c);
STATE IDLE;
RUNTEST 20001E-6 SEC;
SIR 30 TDI (3ffffe90);
SDR 168 TDI (06000000000000000000000000000000000000043f)
	TDO (06000000000000000000000000000000000000043f)
	MASK (ffffffffffffffffffffffffffffffffffffffffff);
SIR 30 TDI (3ffffea1);
SDR 13 TDI (180e);
SIR 30 TDI (3ffffe8c);
STATE IDLE;
RUNTEST 20001E-6 SEC;
SIR 30 TDI (3ffffe90);
SDR 168 TDI (06000000000000000000000000000000000000043f)
	TDO (06000000000000000000000000000000000000043f)
	MASK (ffffffffffffffffffffffffffffffffffffffffff);
SIR 30 TDI (3ffffea1);
SDR 13 TDI (180f);
SIR 30 TDI (3ffffe8c);
STATE IDLE;
RUNTEST 20001E-6 SEC;
SIR 30 TDI (3ffffe90);
SDR 168 TDI (06000000000000000000000000000000000000043f)
	TDO (06000000000000000000000000000000000000043f)
	MASK (ffffffffffffffffffffffffffffffffffffffffff);
SIR 30 TDI (3ffffea1);
SDR 13 TDI (1810);
SIR 30 TDI (3ffffe8c);
STATE IDLE;
RUNTEST 20001E-6 SEC;
SIR 30 TDI (3ffffe90);
SDR 168 TDI (06000000000000000000000000000000000000043f)
	TDO (06000000000000000000000000000000000000043f)
	MASK (ffffffffffffffffffffffffffffffffffffffffff);
SIR 30 TDI (3ffffea1);
SDR 13 TDI (1811);
SIR 30 TDI (3ffffe8c);
STATE IDLE;
RUNTEST 20001E-6 SEC;
SIR 30 TDI (3ffffe90);
SDR 168 TDI (06000000000000000000000000000000000000043f)
	TDO (06000000000000000000000000000000000000043f)
	MASK (ffffffffffffffffffffffffffffffffffffffffff);
SIR 30 TDI (3ffffea1);
SDR 13 TDI (1812);
SIR 30 TDI (3ffffe8c);
STATE IDLE;
RUNTEST 20001E-6 SEC;
SIR 30 TDI (3ffffe90);
SDR 168 TDI (06000000000000000000000000000000000000043f)
	TDO (06000000000000000000000000000000000000043f)
	MASK (ffffffffffffffffffffffffffffffffffffffffff);
SIR 30 TDI (3ffffea1);
SDR 13 TDI (1813);
SIR 30 TDI (3ffffe8c);
STATE IDLE;
RUNTEST 20001E-6 SEC;
SIR 30 TDI (3ffffe90);
SDR 168 TDI (06000000000000000000000000000000000000043f)
	TDO (06000000000000000000000000000000000000043f)
	MASK (ffffffffffffffffffffffffffffffffffffffffff);
SIR 30 TDI (3ffffea1);
SDR 13 TDI (1814);
SIR 30 TDI (3ffffe8c);
STATE IDLE;
RUNTEST 20001E-6 SEC;
SIR 30 TDI (3ffffe90);
SDR 168 TDI (06000000000000000000000000000000000000043f)
	TDO (06000000000000000000000000000000000000043f)
	MASK (ffffffffffffffffffffffffffffffffffffffffff);
SIR 30 TDI (3ffffea1);
SDR 13 TDI (1815);
SIR 30 TDI (3ffffe8c);
STATE IDLE;
RUNTEST 20001E-6 SEC;
SIR 30 TDI (3ffffe90);
SDR 168 TDI (06000000000000000000000000000000000000043f)
	TDO (06000000000000000000000000000000000000043f)
	MASK (ffffffffffffffffffffffffffffffffffffffffff);
SIR 30 TDI (3ffffea1);
SDR 13 TDI (1816);
SIR 30 TDI (3ffffe8c);
STATE IDLE;
RUNTEST 20001E-6 SEC;
SIR 30 TDI (3ffffe90);
SDR 168 TDI (06000000000000000000000000000000000000043f)
	TDO (06000000000000000000000000000000000000043f)
	MASK (ffffffffffffffffffffffffffffffffffffffffff);
SIR 30 TDI (3ffffea1);
SDR 13 TDI (1817);
SIR 30 TDI (3ffffe8c);
STATE IDLE;
RUNTEST 20001E-6 SEC;
SIR 30 TDI (3ffffe90);
SDR 168 TDI (06000000000000000000000000000000000000043f)
	TDO (06000000000000000000000000000000000000043f)
	MASK (ffffffffffffffffffffffffffffffffffffffffff);
SIR 30 TDI (3ffffea1);
SDR 13 TDI (1818);
SIR 30 TDI (3ffffe8c);
STATE IDLE;
RUNTEST 20001E-6 SEC;
SIR 30 TDI (3ffffe90);
SDR 168 TDI (06000000000000000000000000000000000000043f)
	TDO (06000000000000000000000000000000000000043f)
	MASK (ffffffffffffffffffffffffffffffffffffffffff);
SIR 30 TDI (3ffffea1);
SDR 13 TDI (1819);
SIR 30 TDI (3ffffe8c);
STATE IDLE;
RUNTEST 20001E-6 SEC;
SIR 30 TDI (3ffffe90);
SDR 168 TDI (06000000000000000000000000000000000000043f)
	TDO (06000000000000000000000000000000000000043f)
	MASK (ffffffffffffffffffffffffffffffffffffffffff);
SIR 30 TDI (3ffffea1);
SDR 13 TDI (181a);
SIR 30 TDI (3ffffe8c);
STATE IDLE;
RUNTEST 20001E-6 SEC;
SIR 30 TDI (3ffffe90);
SDR 168 TDI (06000000000000000000000000000000000000043f)
	TDO (06000000000000000000000000000000000000043f)
	MASK (ffffffffffffffffffffffffffffffffffffffffff);
SIR 30 TDI (3ffffea1);
SDR 13 TDI (181b);
SIR 30 TDI (3ffffe8c);
STATE IDLE;
RUNTEST 20001E-6 SEC;
SIR 30 TDI (3ffffe90);
SDR 168 TDI (06000000000000000000000000000000000000043f)
	TDO (06000000000000000000000000000000000000043f)
	MASK (ffffffffffffffffffffffffffffffffffffffffff);
SIR 30 TDI (3ffffea1);
SDR 13 TDI (181c);
SIR 30 TDI (3ffffe8c);
STATE IDLE;
RUNTEST 20001E-6 SEC;
SIR 30 TDI (3ffffe90);
SDR 168 TDI (06000000000000000000000000000000000000043f)
	TDO (06000000000000000000000000000000000000043f)
	MASK (ffffffffffffffffffffffffffffffffffffffffff);
SIR 30 TDI (3ffffea1);
SDR 13 TDI (181d);
SIR 30 TDI (3ffffe8c);
STATE IDLE;
RUNTEST 20001E-6 SEC;
SIR 30 TDI (3ffffe90);
SDR 168 TDI (06000000000000000000000000000000000000043f)
	TDO (06000000000000000000000000000000000000043f)
	MASK (ffffffffffffffffffffffffffffffffffffffffff);
SIR 30 TDI (3ffffea1);
SDR 13 TDI (181e);
SIR 30 TDI (3ffffe8c);
STATE IDLE;
RUNTEST 20001E-6 SEC;
SIR 30 TDI (3ffffe90);
SDR 168 TDI (06000000000000000000000000000000000000043f)
	TDO (06000000000000000000000000000000000000043f)
	MASK (ffffffffffffffffffffffffffffffffffffffffff);
SIR 30 TDI (3ffffea1);
SDR 13 TDI (181f);
SIR 30 TDI (3ffffe8c);
STATE IDLE;
RUNTEST 20001E-6 SEC;
SIR 30 TDI (3ffffe90);
SDR 168 TDI (06000000000000000000000000000000000000043f)
	TDO (06000000000000000000000000000000000000043f)
	MASK (ffffffffffffffffffffffffffffffffffffffffff);
SIR 30 TDI (3ffffea1);
SDR 13 TDI (1820);
SIR 30 TDI (3ffffe8c);
STATE IDLE;
RUNTEST 20001E-6 SEC;
SIR 30 TDI (3ffffe90);
SDR 168 TDI (06000000000000000000000000000000000000043f)
	TDO (06000000000000000000000000000000000000043f)
	MASK (ffffffffffffffffffffffffffffffffffffffffff);
SIR 30 TDI (3ffffea1);
SDR 13 TDI (1821);
SIR 30 TDI (3ffffe8c);
STATE IDLE;
RUNTEST 20001E-6 SEC;
SIR 30 TDI (3ffffe90);
SDR 168 TDI (06000000000000000000000000000000000000043f)
	TDO (06000000000000000000000000000000000000043f)
	MASK (ffffffffffffffffffffffffffffffffffffffffff);
SIR 30 TDI (3ffffea1);
SDR 13 TDI (1822);
SIR 30 TDI (3ffffe8c);
STATE IDLE;
RUNTEST 20001E-6 SEC;
SIR 30 TDI (3ffffe90);
SDR 168 TDI (06000000000000000000000000000000000000043f)
	TDO (06000000000000000000000000000000000000043f)
	MASK (ffffffffffffffffffffffffffffffffffffffffff);
SIR 30 TDI (3ffffea1);
SDR 13 TDI (1823);
SIR 30 TDI (3ffffe8c);
STATE IDLE;
RUNTEST 20001E-6 SEC;
SIR 30 TDI (3ffffe90);
SDR 168 TDI (06000000000000000000000000000000000000043f)
	TDO (06000000000000000000000000000000000000043f)
	MASK (ffffffffffffffffffffffffffffffffffffffffff);
SIR 30 TDI (3ffffea1);
SDR 13 TDI (1824);
SIR 30 TDI (3ffffe8c);
STATE IDLE;
RUNTEST 20001E-6 SEC;
SIR 30 TDI (3ffffe90);
SDR 168 TDI (06000000000000000000000000000000000000043f)
	TDO (06000000000000000000000000000000000000043f)
	MASK (ffffffffffffffffffffffffffffffffffffffffff);
SIR 30 TDI (3ffffea1);
SDR 13 TDI (1825);
SIR 30 TDI (3ffffe8c);
STATE IDLE;
RUNTEST 20001E-6 SEC;
SIR 30 TDI (3ffffe90);
SDR 168 TDI (06000000000000000000000000000000000000043f)
	TDO (06000000000000000000000000000000000000043f)
	MASK (ffffffffffffffffffffffffffffffffffffffffff);
SIR 30 TDI (3ffffea1);
SDR 13 TDI (1826);
SIR 30 TDI (3ffffe8c);
STATE IDLE;
RUNTEST 20001E-6 SEC;
SIR 30 TDI (3ffffe90);
SDR 168 TDI (06000000000000000000000000000000000000043f)
	TDO (06000000000000000000000000000000000000043f)
	MASK (ffffffffffffffffffffffffffffffffffffffffff);
SIR 30 TDI (3ffffea1);
SDR 13 TDI (1827);
SIR 30 TDI (3ffffe8c);
STATE IDLE;
RUNTEST 20001E-6 SEC;
SIR 30 TDI (3ffffe90);
SDR 168 TDI (06000000000000000000000000000000000000043f)
	TDO (06000000000000000000000000000000000000043f)
	MASK (ffffffffffffffffffffffffffffffffffffffffff);
SIR 30 TDI (3ffffea1);
SDR 13 TDI (1828);
SIR 30 TDI (3ffffe8c);
STATE IDLE;
RUNTEST 20001E-6 SEC;
SIR 30 TDI (3ffffe90);
SDR 168 TDI (06000000000000000000000000000000000000043f)
	TDO (06000000000000000000000000000000000000043f)
	MASK (ffffffffffffffffffffffffffffffffffffffffff);
SIR 30 TDI (3ffffea1);
SDR 13 TDI (1829);
SIR 30 TDI (3ffffe8c);
STATE IDLE;
RUNTEST 20001E-6 SEC;
SIR 30 TDI (3ffffe90);
SDR 168 TDI (06000000000000000000000000000000000000043f)
	TDO (06000000000000000000000000000000000000043f)
	MASK (ffffffffffffffffffffffffffffffffffffffffff);
SIR 30 TDI (3ffffea1);
SDR 13 TDI (182a);
SIR 30 TDI (3ffffe8c);
STATE IDLE;
RUNTEST 20001E-6 SEC;
SIR 30 TDI (3ffffe90);
SDR 168 TDI (06000000000000000000000000000000000000043f)
	TDO (06000000000000000000000000000000000000043f)
	MASK (ffffffffffffffffffffffffffffffffffffffffff);
SIR 30 TDI (3ffffea1);
SDR 13 TDI (182b);
SIR 30 TDI (3ffffe8c);
STATE IDLE;
RUNTEST 20001E-6 SEC;
SIR 30 TDI (3ffffe90);
SDR 168 TDI (06000000000000000000000000000000000000043f)
	TDO (06000000000000000000000000000000000000043f)
	MASK (ffffffffffffffffffffffffffffffffffffffffff);
SIR 30 TDI (3ffffea1);
SDR 13 TDI (182c);
SIR 30 TDI (3ffffe8c);
STATE IDLE;
RUNTEST 20001E-6 SEC;
SIR 30 TDI (3ffffe90);
SDR 168 TDI (06000000000000000000000000000000000000043f)
	TDO (06000000000000000000000000000000000000043f)
	MASK (ffffffffffffffffffffffffffffffffffffffffff);
SIR 30 TDI (3ffffea1);
SDR 13 TDI (182d);
SIR 30 TDI (3ffffe8c);
STATE IDLE;
RUNTEST 20001E-6 SEC;
SIR 30 TDI (3ffffe90);
SDR 168 TDI (06000000000000000000000000000000000000043f)
	TDO (06000000000000000000000000000000000000043f)
	MASK (ffffffffffffffffffffffffffffffffffffffffff);
SIR 30 TDI (3ffffea1);
SDR 13 TDI (182e);
SIR 30 TDI (3ffffe8c);
STATE IDLE;
RUNTEST 20001E-6 SEC;
SIR 30 TDI (3ffffe90);
SDR 168 TDI (04000000000000000000000000000000000000043f)
	TDO (04000000000000000000000000000000000000043f)
	MASK (ffffffffffffffffffffffffffffffffffffffffff);
SIR 30 TDI (3ffffea1);
SDR 13 TDI (182f);
SIR 30 TDI (3ffffe8c);
STATE IDLE;
RUNTEST 20001E-6 SEC;
SIR 30 TDI (3ffffe90);
SDR 168 TDI (02000000000000000000000000000000000000043f)
	TDO (02000000000000000000000000000000000000043f)
	MASK (ffffffffffffffffffffffffffffffffffffffffff);
SIR 30 TDI (3ffffea1);
SDR 13 TDI (1830);
SIR 30 TDI (3ffffe8c);
STATE IDLE;
RUNTEST 20001E-6 SEC;
SIR 30 TDI (3ffffe90);
SDR 168 TDI (06000000000000000000000000000000000000043f)
	TDO (06000000000000000000000000000000000000043f)
	MASK (ffffffffffffffffffffffffffffffffffffffffff);
SIR 30 TDI (3ffffea1);
SDR 13 TDI (1831);
SIR 30 TDI (3ffffe8c);
STATE IDLE;
RUNTEST 20001E-6 SEC;
SIR 30 TDI (3ffffe90);
SDR 168 TDI (06000000000000000000000000000000000000043f)
	TDO (06000000000000000000000000000000000000043f)
	MASK (ffffffffffffffffffffffffffffffffffffffffff);
SIR 30 TDI (3ffffea1);
SDR 13 TDI (1832);
SIR 30 TDI (3ffffe8c);
STATE IDLE;
RUNTEST 20001E-6 SEC;
SIR 30 TDI (3ffffe90);
SDR 168 TDI (06000000000000000000000000000000000000043f)
	TDO (06000000000000000000000000000000000000043f)
	MASK (ffffffffffffffffffffffffffffffffffffffffff);
SIR 30 TDI (3ffffea1);
SDR 13 TDI (1833);
SIR 30 TDI (3ffffe8c);
STATE IDLE;
RUNTEST 20001E-6 SEC;
SIR 30 TDI (3ffffe90);
SDR 168 TDI (06000000000000000000000000000000000000043f)
	TDO (06000000000000000000000000000000000000043f)
	MASK (ffffffffffffffffffffffffffffffffffffffffff);
SIR 30 TDI (3ffffea1);
SDR 13 TDI (1834);
SIR 30 TDI (3ffffe8c);
STATE IDLE;
RUNTEST 20001E-6 SEC;
SIR 30 TDI (3ffffe90);
SDR 168 TDI (06000000000000000000000000000000000000043f)
	TDO (06000000000000000000000000000000000000043f)
	MASK (ffffffffffffffffffffffffffffffffffffffffff);
SIR 30 TDI (3ffffea1);
SDR 13 TDI (1835);
SIR 30 TDI (3ffffe8c);
STATE IDLE;
RUNTEST 20001E-6 SEC;
SIR 30 TDI (3ffffe90);
SDR 168 TDI (06000000000000000000000000000000000000003f)
	TDO (06000000000000000000000000000000000000003f)
	MASK (ffffffffffffffffffffffffffffffffffffffffff);
SIR 30 TDI (3ffffea1);
SDR 13 TDI (1836);
SIR 30 TDI (3ffffe8c);
STATE IDLE;
RUNTEST 20001E-6 SEC;
SIR 30 TDI (3ffffe90);
SDR 168 TDI (06000000000000000000000000000000000000043f)
	TDO (06000000000000000000000000000000000000043f)
	MASK (ffffffffffffffffffffffffffffffffffffffffff);
SIR 30 TDI (3ffffea1);
SDR 13 TDI (1837);
SIR 30 TDI (3ffffe8c);
STATE IDLE;
RUNTEST 20001E-6 SEC;
SIR 30 TDI (3ffffe90);
SDR 168 TDI (06000000000000000000000000000000000000043f)
	TDO (06000000000000000000000000000000000000043f)
	MASK (ffffffffffffffffffffffffffffffffffffffffff);
SIR 30 TDI (3ffffea1);
SDR 13 TDI (1838);
SIR 30 TDI (3ffffe8c);
STATE IDLE;
RUNTEST 20001E-6 SEC;
SIR 30 TDI (3ffffe90);
SDR 168 TDI (06000000000000000000000000000000000000043f)
	TDO (06000000000000000000000000000000000000043f)
	MASK (ffffffffffffffffffffffffffffffffffffffffff);
SIR 30 TDI (3ffffea1);
SDR 13 TDI (1839);
SIR 30 TDI (3ffffe8c);
STATE IDLE;
RUNTEST 20001E-6 SEC;
SIR 30 TDI (3ffffe90);
SDR 168 TDI (06000000000000000000000000000000000000043f)
	TDO (06000000000000000000000000000000000000043f)
	MASK (ffffffffffffffffffffffffffffffffffffffffff);
SIR 30 TDI (3ffffea1);
SDR 13 TDI (183a);
SIR 30 TDI (3ffffe8c);
STATE IDLE;
RUNTEST 20001E-6 SEC;
SIR 30 TDI (3ffffe90);
SDR 168 TDI (06000000000000000000000000000000000000043f)
	TDO (06000000000000000000000000000000000000043f)
	MASK (ffffffffffffffffffffffffffffffffffffffffff);
SIR 30 TDI (3ffffea1);
SDR 13 TDI (183b);
SIR 30 TDI (3ffffe8c);
STATE IDLE;
RUNTEST 20001E-6 SEC;
SIR 30 TDI (3ffffe90);
SDR 168 TDI (06000000000000000000000000000000000000043f)
	TDO (06000000000000000000000000000000000000043f)
	MASK (ffffffffffffffffffffffffffffffffffffffffff);
SIR 30 TDI (3ffffea1);
SDR 13 TDI (183c);
SIR 30 TDI (3ffffe8c);
STATE IDLE;
RUNTEST 20001E-6 SEC;
SIR 30 TDI (3ffffe90);
SDR 168 TDI (06000000000000000000000000000000000000043f)
	TDO (06000000000000000000000000000000000000043f)
	MASK (ffffffffffffffffffffffffffffffffffffffffff);
SIR 30 TDI (3ffffea1);
SDR 13 TDI (183d);
SIR 30 TDI (3ffffe8c);
STATE IDLE;
RUNTEST 20001E-6 SEC;
SIR 30 TDI (3ffffe90);
SDR 168 TDI (06000000000000000000000000000000000000043f)
	TDO (06000000000000000000000000000000000000043f)
	MASK (ffffffffffffffffffffffffffffffffffffffffff);
SIR 30 TDI (3ffffea1);
SDR 13 TDI (183e);
SIR 30 TDI (3ffffe8c);
STATE IDLE;
RUNTEST 20001E-6 SEC;
SIR 30 TDI (3ffffe90);
SDR 168 TDI (06000000000000000000000000000000000000043f)
	TDO (06000000000000000000000000000000000000043f)
	MASK (ffffffffffffffffffffffffffffffffffffffffff);
SIR 30 TDI (3ffffea1);
SDR 13 TDI (183f);
SIR 30 TDI (3ffffe8c);
STATE IDLE;
RUNTEST 20001E-6 SEC;
SIR 30 TDI (3ffffe90);
SDR 168 TDI (06000000000000000000000000000000000000043f)
	TDO (06000000000000000000000000000000000000043f)
	MASK (ffffffffffffffffffffffffffffffffffffffffff);
SIR 30 TDI (3ffffea1);
SDR 13 TDI (1840);
SIR 30 TDI (3ffffe8c);
STATE IDLE;
RUNTEST 20001E-6 SEC;
SIR 30 TDI (3ffffe90);
SDR 168 TDI (06000000000000000000000000000000000000043f)
	TDO (06000000000000000000000000000000000000043f)
	MASK (ffffffffffffffffffffffffffffffffffffffffff);
SIR 30 TDI (3ffffea1);
SDR 13 TDI (1841);
SIR 30 TDI (3ffffe8c);
STATE IDLE;
RUNTEST 20001E-6 SEC;
SIR 30 TDI (3ffffe90);
SDR 168 TDI (06000000000000000000000000000000000000043f)
	TDO (06000000000000000000000000000000000000043f)
	MASK (ffffffffffffffffffffffffffffffffffffffffff);
SIR 30 TDI (3ffffea1);
SDR 13 TDI (1842);
SIR 30 TDI (3ffffe8c);
STATE IDLE;
RUNTEST 20001E-6 SEC;
SIR 30 TDI (3ffffe90);
SDR 168 TDI (06000000000000000000000000000000000000043f)
	TDO (06000000000000000000000000000000000000043f)
	MASK (ffffffffffffffffffffffffffffffffffffffffff);
SIR 30 TDI (3ffffea1);
SDR 13 TDI (1843);
SIR 30 TDI (3ffffe8c);
STATE IDLE;
RUNTEST 20001E-6 SEC;
SIR 30 TDI (3ffffe90);
SDR 168 TDI (06000000000000000000000000000000000000043f)
	TDO (06000000000000000000000000000000000000043f)
	MASK (ffffffffffffffffffffffffffffffffffffffffff);
SIR 30 TDI (3ffffea1);
SDR 13 TDI (1844);
SIR 30 TDI (3ffffe8c);
STATE IDLE;
RUNTEST 20001E-6 SEC;
SIR 30 TDI (3ffffe90);
SDR 168 TDI (06000000000000000000000000000000000000043f)
	TDO (06000000000000000000000000000000000000043f)
	MASK (ffffffffffffffffffffffffffffffffffffffffff);
SIR 30 TDI (3ffffea1);
SDR 13 TDI (1845);
SIR 30 TDI (3ffffe8c);
STATE IDLE;
RUNTEST 20001E-6 SEC;
SIR 30 TDI (3ffffe90);
SDR 168 TDI (06000000000000000000000000000000000000043f)
	TDO (06000000000000000000000000000000000000043f)
	MASK (ffffffffffffffffffffffffffffffffffffffffff);
SIR 30 TDI (3ffffea1);
SDR 13 TDI (1846);
SIR 30 TDI (3ffffe8c);
STATE IDLE;
RUNTEST 20001E-6 SEC;
SIR 30 TDI (3ffffe90);
SDR 168 TDI (02000000000000000000000000000000000000043f)
	TDO (02000000000000000000000000000000000000043f)
	MASK (ffffffffffffffffffffffffffffffffffffffffff);
SIR 30 TDI (3ffffea1);
SDR 13 TDI (1847);
SIR 30 TDI (3ffffe8c);
STATE IDLE;
RUNTEST 20001E-6 SEC;
SIR 30 TDI (3ffffe90);
SDR 168 TDI (04000000000000000000000000000000000000043f)
	TDO (04000000000000000000000000000000000000043f)
	MASK (ffffffffffffffffffffffffffffffffffffffffff);
SIR 30 TDI (3ffffea1);
SDR 13 TDI (1848);
SIR 30 TDI (3ffffe8c);
STATE IDLE;
RUNTEST 20001E-6 SEC;
SIR 30 TDI (3ffffe90);
SDR 168 TDI (06000000000000000000000000000000000000043f)
	TDO (06000000000000000000000000000000000000043f)
	MASK (ffffffffffffffffffffffffffffffffffffffffff);
SIR 30 TDI (3ffffea1);
SDR 13 TDI (1849);
SIR 30 TDI (3ffffe8c);
STATE IDLE;
RUNTEST 20001E-6 SEC;
SIR 30 TDI (3ffffe90);
SDR 168 TDI (06000000000000000000000000000000000000043f)
	TDO (06000000000000000000000000000000000000043f)
	MASK (ffffffffffffffffffffffffffffffffffffffffff);
SIR 30 TDI (3ffffea1);
SDR 13 TDI (184a);
SIR 30 TDI (3ffffe8c);
STATE IDLE;
RUNTEST 20001E-6 SEC;
SIR 30 TDI (3ffffe90);
SDR 168 TDI (06000000000000000000000000000000000000043f)
	TDO (06000000000000000000000000000000000000043f)
	MASK (ffffffffffffffffffffffffffffffffffffffffff);
SIR 30 TDI (3ffffea1);
SDR 13 TDI (184b);
SIR 30 TDI (3ffffe8c);
STATE IDLE;
RUNTEST 20001E-6 SEC;
SIR 30 TDI (3ffffe90);
SDR 168 TDI (06000000000000000000000000000000000000043f)
	TDO (06000000000000000000000000000000000000043f)
	MASK (ffffffffffffffffffffffffffffffffffffffffff);
SIR 30 TDI (3ffffea1);
SDR 13 TDI (184c);
SIR 30 TDI (3ffffe8c);
STATE IDLE;
RUNTEST 20001E-6 SEC;
SIR 30 TDI (3ffffe90);
SDR 168 TDI (06000000000000000000000000000000000000043f)
	TDO (06000000000000000000000000000000000000043f)
	MASK (ffffffffffffffffffffffffffffffffffffffffff);
SIR 30 TDI (3ffffea1);
SDR 13 TDI (184d);
SIR 30 TDI (3ffffe8c);
STATE IDLE;
RUNTEST 20001E-6 SEC;
SIR 30 TDI (3ffffe90);
SDR 168 TDI (06000000000000000000000000000000000000043f)
	TDO (06000000000000000000000000000000000000043f)
	MASK (ffffffffffffffffffffffffffffffffffffffffff);
SIR 30 TDI (3ffffea1);
SDR 13 TDI (184e);
SIR 30 TDI (3ffffe8c);
STATE IDLE;
RUNTEST 20001E-6 SEC;
SIR 30 TDI (3ffffe90);
SDR 168 TDI (06000000000000000000000000000000000000043f)
	TDO (06000000000000000000000000000000000000043f)
	MASK (ffffffffffffffffffffffffffffffffffffffffff);
SIR 30 TDI (3ffffea1);
SDR 13 TDI (184f);
SIR 30 TDI (3ffffe8c);
STATE IDLE;
RUNTEST 20001E-6 SEC;
SIR 30 TDI (3ffffe90);
SDR 168 TDI (06000000000000000000000000000000000000043f)
	TDO (06000000000000000000000000000000000000043f)
	MASK (ffffffffffffffffffffffffffffffffffffffffff);
SIR 30 TDI (3ffffea1);
SDR 13 TDI (1850);
SIR 30 TDI (3ffffe8c);
STATE IDLE;
RUNTEST 20001E-6 SEC;
SIR 30 TDI (3ffffe90);
SDR 168 TDI (06000000000000000000000000000000000000043f)
	TDO (06000000000000000000000000000000000000043f)
	MASK (ffffffffffffffffffffffffffffffffffffffffff);
SIR 30 TDI (3ffffea1);
SDR 13 TDI (1851);
SIR 30 TDI (3ffffe8c);
STATE IDLE;
RUNTEST 20001E-6 SEC;
SIR 30 TDI (3ffffe90);
SDR 168 TDI (06000000000000000000000000000000000000043f)
	TDO (06000000000000000000000000000000000000043f)
	MASK (ffffffffffffffffffffffffffffffffffffffffff);
SIR 30 TDI (3ffffea1);
SDR 13 TDI (1852);
SIR 30 TDI (3ffffe8c);
STATE IDLE;
RUNTEST 20001E-6 SEC;
SIR 30 TDI (3ffffe90);
SDR 168 TDI (06000000000000000000000000000000000000043f)
	TDO (06000000000000000000000000000000000000043f)
	MASK (ffffffffffffffffffffffffffffffffffffffffff);
SIR 30 TDI (3ffffea1);
SDR 13 TDI (1853);
SIR 30 TDI (3ffffe8c);
STATE IDLE;
RUNTEST 20001E-6 SEC;
SIR 30 TDI (3ffffe90);
SDR 168 TDI (06000000000000000000000000000000000000043f)
	TDO (06000000000000000000000000000000000000043f)
	MASK (ffffffffffffffffffffffffffffffffffffffffff);
SIR 30 TDI (3ffffea1);
SDR 13 TDI (1854);
SIR 30 TDI (3ffffe8c);
STATE IDLE;
RUNTEST 20001E-6 SEC;
SIR 30 TDI (3ffffe90);
SDR 168 TDI (06000000000000000000000000000000000000003f)
	TDO (06000000000000000000000000000000000000003f)
	MASK (ffffffffffffffffffffffffffffffffffffffffff);
SIR 30 TDI (3ffffea1);
SDR 13 TDI (1855);
SIR 30 TDI (3ffffe8c);
STATE IDLE;
RUNTEST 20001E-6 SEC;
SIR 30 TDI (3ffffe90);
SDR 168 TDI (06000000000000000000000000000000000000043f)
	TDO (06000000000000000000000000000000000000043f)
	MASK (ffffffffffffffffffffffffffffffffffffffffff);
SIR 30 TDI (3ffffea1);
SDR 13 TDI (1856);
SIR 30 TDI (3ffffe8c);
STATE IDLE;
RUNTEST 20001E-6 SEC;
SIR 30 TDI (3ffffe90);
SDR 168 TDI (06000000000000000000000000000000000000043f)
	TDO (06000000000000000000000000000000000000043f)
	MASK (ffffffffffffffffffffffffffffffffffffffffff);
SIR 30 TDI (3ffffea1);
SDR 13 TDI (1857);
SIR 30 TDI (3ffffe8c);
STATE IDLE;
RUNTEST 20001E-6 SEC;
SIR 30 TDI (3ffffe90);
SDR 168 TDI (06000000000000000000000000000000000000043f)
	TDO (06000000000000000000000000000000000000043f)
	MASK (ffffffffffffffffffffffffffffffffffffffffff);
SIR 30 TDI (3ffffea1);
SDR 13 TDI (1858);
SIR 30 TDI (3ffffe8c);
STATE IDLE;
RUNTEST 20001E-6 SEC;
SIR 30 TDI (3ffffe90);
SDR 168 TDI (06000000000000000000000000000000000000043f)
	TDO (06000000000000000000000000000000000000043f)
	MASK (ffffffffffffffffffffffffffffffffffffffffff);
SIR 30 TDI (3ffffea1);
SDR 13 TDI (1859);
SIR 30 TDI (3ffffe8c);
STATE IDLE;
RUNTEST 20001E-6 SEC;
SIR 30 TDI (3ffffe90);
SDR 168 TDI (06000000000000000000000000000000000000043f)
	TDO (06000000000000000000000000000000000000043f)
	MASK (ffffffffffffffffffffffffffffffffffffffffff);
SIR 30 TDI (3ffffea1);
SDR 13 TDI (185a);
SIR 30 TDI (3ffffe8c);
STATE IDLE;
RUNTEST 20001E-6 SEC;
SIR 30 TDI (3ffffe90);
SDR 168 TDI (06000000000000000000000000000000000000043f)
	TDO (06000000000000000000000000000000000000043f)
	MASK (ffffffffffffffffffffffffffffffffffffffffff);
SIR 30 TDI (3ffffea1);
SDR 13 TDI (185b);
SIR 30 TDI (3ffffe8c);
STATE IDLE;
RUNTEST 20001E-6 SEC;
SIR 30 TDI (3ffffe90);
SDR 168 TDI (06000000000000000000000000000000000000043f)
	TDO (06000000000000000000000000000000000000043f)
	MASK (ffffffffffffffffffffffffffffffffffffffffff);
SIR 30 TDI (3ffffea1);
SDR 13 TDI (185c);
SIR 30 TDI (3ffffe8c);
STATE IDLE;
RUNTEST 20001E-6 SEC;
SIR 30 TDI (3ffffe90);
SDR 168 TDI (06000000000000000000000000000000000000043f)
	TDO (06000000000000000000000000000000000000043f)
	MASK (ffffffffffffffffffffffffffffffffffffffffff);
SIR 30 TDI (3ffffea1);
SDR 13 TDI (185d);
SIR 30 TDI (3ffffe8c);
STATE IDLE;
RUNTEST 20001E-6 SEC;
SIR 30 TDI (3ffffe90);
SDR 168 TDI (00000000000000000000000000000000000000043f)
	TDO (00000000000000000000000000000000000000043f)
	MASK (ffffffffffffffffffffffffffffffffffffffffff);
SIR 30 TDI (3ffffea1);
SDR 13 TDI (185e);
SIR 30 TDI (3ffffe8c);
STATE IDLE;
RUNTEST 20001E-6 SEC;
SIR 30 TDI (3ffffe90);
SDR 168 TDI (06000000000000000000000000000000000000043f)
	TDO (06000000000000000000000000000000000000043f)
	MASK (ffffffffffffffffffffffffffffffffffffffffff);
SIR 30 TDI (3ffffea1);
SDR 13 TDI (185f);
SIR 30 TDI (3ffffe8c);
STATE IDLE;
RUNTEST 20001E-6 SEC;
SIR 30 TDI (3ffffe90);
SDR 168 TDI (06000000000000000000000000000000000000043f)
	TDO (06000000000000000000000000000000000000043f)
	MASK (ffffffffffffffffffffffffffffffffffffffffff);
SIR 30 TDI (3ffffea1);
SDR 13 TDI (1860);
SIR 30 TDI (3ffffe8c);
STATE IDLE;
RUNTEST 20001E-6 SEC;
SIR 30 TDI (3ffffe90);
SDR 168 TDI (06000000000000000000000000000000000000043f)
	TDO (06000000000000000000000000000000000000043f)
	MASK (ffffffffffffffffffffffffffffffffffffffffff);
SIR 30 TDI (3ffffea1);
SDR 13 TDI (1861);
SIR 30 TDI (3ffffe8c);
STATE IDLE;
RUNTEST 20001E-6 SEC;
SIR 30 TDI (3ffffe90);
SDR 168 TDI (06000000000000000000000000000000000000043f)
	TDO (06000000000000000000000000000000000000043f)
	MASK (ffffffffffffffffffffffffffffffffffffffffff);
SIR 30 TDI (3ffffea1);
SDR 13 TDI (1862);
SIR 30 TDI (3ffffe8c);
STATE IDLE;
RUNTEST 20001E-6 SEC;
SIR 30 TDI (3ffffe90);
SDR 168 TDI (06000000000000000000000000000000000000043f)
	TDO (06000000000000000000000000000000000000043f)
	MASK (ffffffffffffffffffffffffffffffffffffffffff);
SIR 30 TDI (3ffffea1);
SDR 13 TDI (1863);
SIR 30 TDI (3ffffe8c);
STATE IDLE;
RUNTEST 20001E-6 SEC;
SIR 30 TDI (3ffffe90);
SDR 168 TDI (06000000000000000000000000000000000000043f)
	TDO (06000000000000000000000000000000000000043f)
	MASK (ffffffffffffffffffffffffffffffffffffffffff);
SIR 30 TDI (3ffffea1);
SDR 13 TDI (1864);
SIR 30 TDI (3ffffe8c);
STATE IDLE;
RUNTEST 20001E-6 SEC;
SIR 30 TDI (3ffffe90);
SDR 168 TDI (06000000000000000000000000000000000000043f)
	TDO (06000000000000000000000000000000000000043f)
	MASK (ffffffffffffffffffffffffffffffffffffffffff);
SIR 30 TDI (3ffffea1);
SDR 13 TDI (1865);
SIR 30 TDI (3ffffe8c);
STATE IDLE;
RUNTEST 20001E-6 SEC;
SIR 30 TDI (3ffffe90);
SDR 168 TDI (06000000000000000000000000000000000000043f)
	TDO (06000000000000000000000000000000000000043f)
	MASK (ffffffffffffffffffffffffffffffffffffffffff);
SIR 30 TDI (3ffffea1);
SDR 13 TDI (1866);
SIR 30 TDI (3ffffe8c);
STATE IDLE;
RUNTEST 20001E-6 SEC;
SIR 30 TDI (3ffffe90);
SDR 168 TDI (06000000000000000000000000000000000000043f)
	TDO (06000000000000000000000000000000000000043f)
	MASK (ffffffffffffffffffffffffffffffffffffffffff);
SIR 30 TDI (3ffffea1);
SDR 13 TDI (1867);
SIR 30 TDI (3ffffe8c);
STATE IDLE;
RUNTEST 20001E-6 SEC;
SIR 30 TDI (3ffffe90);
SDR 168 TDI (06000000000000000000000000000000000000043f)
	TDO (06000000000000000000000000000000000000043f)
	MASK (ffffffffffffffffffffffffffffffffffffffffff);
SIR 30 TDI (3ffffea1);
SDR 13 TDI (1868);
SIR 30 TDI (3ffffe8c);
STATE IDLE;
RUNTEST 20001E-6 SEC;
SIR 30 TDI (3ffffe90);
SDR 168 TDI (06000000000000000000000000000000000000043f)
	TDO (06000000000000000000000000000000000000043f)
	MASK (ffffffffffffffffffffffffffffffffffffffffff);
SIR 30 TDI (3ffffea1);
SDR 13 TDI (1869);
SIR 30 TDI (3ffffe8c);
STATE IDLE;
RUNTEST 20001E-6 SEC;
SIR 30 TDI (3ffffe90);
SDR 168 TDI (06000000000000000000000000000000000000043f)
	TDO (06000000000000000000000000000000000000043f)
	MASK (ffffffffffffffffffffffffffffffffffffffffff);
SIR 30 TDI (3ffffea1);
SDR 13 TDI (186a);
SIR 30 TDI (3ffffe8c);
STATE IDLE;
RUNTEST 20001E-6 SEC;
SIR 30 TDI (3ffffe90);
SDR 168 TDI (06000000000000000000000000000000000000043f)
	TDO (06000000000000000000000000000000000000043f)
	MASK (ffffffffffffffffffffffffffffffffffffffffff);
SIR 30 TDI (3ffffea1);
SDR 13 TDI (186b);
SIR 30 TDI (3ffffe8c);
STATE IDLE;
RUNTEST 20001E-6 SEC;
SIR 30 TDI (3ffffe90);
SDR 168 TDI (06000000000000000000000000000000000000043f)
	TDO (06000000000000000000000000000000000000043f)
	MASK (ffffffffffffffffffffffffffffffffffffffffff);
STATE IDLE;
SIR 30 TDI (3ffffea1);
SDR 13 TDI (1880);
SIR 30 TDI (3ffffe8c);
STATE IDLE;
RUNTEST 20001E-6 SEC;
SIR 30 TDI (3ffffe90);
SDR 168 TDI (0000fc00000000001c04000080000402006030043f)
	TDO (0000fc00000000001c04000080000402006030043f)
	MASK (ffffffffffffffffffffffffffffffffffffffffff);
SIR 30 TDI (3ffffea1);
SDR 13 TDI (1881);
SIR 30 TDI (3ffffe8c);
STATE IDLE;
RUNTEST 20001E-6 SEC;
SIR 30 TDI (3ffffe90);
SDR 168 TDI (0000fc00000000001c04000080000402006030043f)
	TDO (0000fc00000000001c04000080000402006030043f)
	MASK (ffffffffffffffffffffffffffffffffffffffffff);
SIR 30 TDI (3ffffea1);
SDR 13 TDI (1882);
SIR 30 TDI (3ffffe8c);
STATE IDLE;
RUNTEST 20001E-6 SEC;
SIR 30 TDI (3ffffe90);
SDR 168 TDI (0000fc00000000001c04000080000402006030043f)
	TDO (0000fc00000000001c04000080000402006030043f)
	MASK (ffffffffffffffffffffffffffffffffffffffffff);
SIR 30 TDI (3ffffea1);
SDR 13 TDI (1883);
SIR 30 TDI (3ffffe8c);
STATE IDLE;
RUNTEST 20001E-6 SEC;
SIR 30 TDI (3ffffe90);
SDR 168 TDI (0000fc00000000001c04000080000402006030043f)
	TDO (0000fc00000000001c04000080000402006030043f)
	MASK (ffffffffffffffffffffffffffffffffffffffffff);
SIR 30 TDI (3ffffea1);
SDR 13 TDI (1884);
SIR 30 TDI (3ffffe8c);
STATE IDLE;
RUNTEST 20001E-6 SEC;
SIR 30 TDI (3ffffe90);
SDR 168 TDI (0000fc00000000001c04000080000402006030043f)
	TDO (0000fc00000000001c04000080000402006030043f)
	MASK (ffffffffffffffffffffffffffffffffffffffffff);
SIR 30 TDI (3ffffea1);
SDR 13 TDI (1885);
SIR 30 TDI (3ffffe8c);
STATE IDLE;
RUNTEST 20001E-6 SEC;
SIR 30 TDI (3ffffe90);
SDR 168 TDI (0000fc00000000001c04000080000402006030043f)
	TDO (0000fc00000000001c04000080000402006030043f)
	MASK (ffffffffffffffffffffffffffffffffffffffffff);
SIR 30 TDI (3ffffea1);
SDR 13 TDI (1886);
SIR 30 TDI (3ffffe8c);
STATE IDLE;
RUNTEST 20001E-6 SEC;
SIR 30 TDI (3ffffe90);
SDR 168 TDI (0000fc00000000001c04000080000402006030043f)
	TDO (0000fc00000000001c04000080000402006030043f)
	MASK (ffffffffffffffffffffffffffffffffffffffffff);
SIR 30 TDI (3ffffea1);
SDR 13 TDI (1887);
SIR 30 TDI (3ffffe8c);
STATE IDLE;
RUNTEST 20001E-6 SEC;
SIR 30 TDI (3ffffe90);
SDR 168 TDI (0000fc00000000001c04000080000402006030043f)
	TDO (0000fc00000000001c04000080000402006030043f)
	MASK (ffffffffffffffffffffffffffffffffffffffffff);
SIR 30 TDI (3ffffea1);
SDR 13 TDI (1888);
SIR 30 TDI (3ffffe8c);
STATE IDLE;
RUNTEST 20001E-6 SEC;
SIR 30 TDI (3ffffe90);
SDR 168 TDI (0000fc00000000001c04000080000402006030043f)
	TDO (0000fc00000000001c04000080000402006030043f)
	MASK (ffffffffffffffffffffffffffffffffffffffffff);
SIR 30 TDI (3ffffea1);
SDR 13 TDI (1889);
SIR 30 TDI (3ffffe8c);
STATE IDLE;
RUNTEST 20001E-6 SEC;
SIR 30 TDI (3ffffe90);
SDR 168 TDI (0000fc00000000001c04000080000402006030043f)
	TDO (0000fc00000000001c04000080000402006030043f)
	MASK (ffffffffffffffffffffffffffffffffffffffffff);
SIR 30 TDI (3ffffea1);
SDR 13 TDI (188a);
SIR 30 TDI (3ffffe8c);
STATE IDLE;
RUNTEST 20001E-6 SEC;
SIR 30 TDI (3ffffe90);
SDR 168 TDI (0000fc00000000001c04000080000402006030043f)
	TDO (0000fc00000000001c04000080000402006030043f)
	MASK (ffffffffffffffffffffffffffffffffffffffffff);
SIR 30 TDI (3ffffea1);
SDR 13 TDI (188b);
SIR 30 TDI (3ffffe8c);
STATE IDLE;
RUNTEST 20001E-6 SEC;
SIR 30 TDI (3ffffe90);
SDR 168 TDI (0000fc00000000001c04000080000402006030043f)
	TDO (0000fc00000000001c04000080000402006030043f)
	MASK (ffffffffffffffffffffffffffffffffffffffffff);
SIR 30 TDI (3ffffea1);
SDR 13 TDI (188c);
SIR 30 TDI (3ffffe8c);
STATE IDLE;
RUNTEST 20001E-6 SEC;
SIR 30 TDI (3ffffe90);
SDR 168 TDI (0000fc00000000001c04000080000402006030043f)
	TDO (0000fc00000000001c04000080000402006030043f)
	MASK (ffffffffffffffffffffffffffffffffffffffffff);
SIR 30 TDI (3ffffea1);
SDR 13 TDI (188d);
SIR 30 TDI (3ffffe8c);
STATE IDLE;
RUNTEST 20001E-6 SEC;
SIR 30 TDI (3ffffe90);
SDR 168 TDI (0000fc00000000001c04000080000402006030043f)
	TDO (0000fc00000000001c04000080000402006030043f)
	MASK (ffffffffffffffffffffffffffffffffffffffffff);
SIR 30 TDI (3ffffea1);
SDR 13 TDI (188e);
SIR 30 TDI (3ffffe8c);
STATE IDLE;
RUNTEST 20001E-6 SEC;
SIR 30 TDI (3ffffe90);
SDR 168 TDI (0000fc00000000001c04000080000402006030043f)
	TDO (0000fc00000000001c04000080000402006030043f)
	MASK (ffffffffffffffffffffffffffffffffffffffffff);
SIR 30 TDI (3ffffea1);
SDR 13 TDI (188f);
SIR 30 TDI (3ffffe8c);
STATE IDLE;
RUNTEST 20001E-6 SEC;
SIR 30 TDI (3ffffe90);
SDR 168 TDI (0000fc00000000001c04000080000402006030043f)
	TDO (0000fc00000000001c04000080000402006030043f)
	MASK (ffffffffffffffffffffffffffffffffffffffffff);
SIR 30 TDI (3ffffea1);
SDR 13 TDI (1890);
SIR 30 TDI (3ffffe8c);
STATE IDLE;
RUNTEST 20001E-6 SEC;
SIR 30 TDI (3ffffe90);
SDR 168 TDI (0000fc00000000000000000000000000006030043f)
	TDO (0000fc00000000000000000000000000006030043f)
	MASK (ffffffffffffffffffffffffffffffffffffffffff);
SIR 30 TDI (3ffffea1);
SDR 13 TDI (1891);
SIR 30 TDI (3ffffe8c);
STATE IDLE;
RUNTEST 20001E-6 SEC;
SIR 30 TDI (3ffffe90);
SDR 168 TDI (0000e800000000001c04000080000402004030043f)
	TDO (0000e800000000001c04000080000402004030043f)
	MASK (ffffffffffffffffffffffffffffffffffffffffff);
SIR 30 TDI (3ffffea1);
SDR 13 TDI (1892);
SIR 30 TDI (3ffffe8c);
STATE IDLE;
RUNTEST 20001E-6 SEC;
SIR 30 TDI (3ffffe90);
SDR 168 TDI (0000fc00000000001804000080000402006030043f)
	TDO (0000fc00000000001804000080000402006030043f)
	MASK (ffffffffffffffffffffffffffffffffffffffffff);
SIR 30 TDI (3ffffea1);
SDR 13 TDI (1893);
SIR 30 TDI (3ffffe8c);
STATE IDLE;
RUNTEST 20001E-6 SEC;
SIR 30 TDI (3ffffe90);
SDR 168 TDI (00003c00000000001c00000000000000006030043f)
	TDO (00003c00000000001c00000000000000006030043f)
	MASK (ffffffffffffffffffffffffffffffffffffffffff);
SIR 30 TDI (3ffffea1);
SDR 13 TDI (1894);
SIR 30 TDI (3ffffe8c);
STATE IDLE;
RUNTEST 20001E-6 SEC;
SIR 30 TDI (3ffffe90);
SDR 168 TDI (0000fc00000000001c04000080000402006030043f)
	TDO (0000fc00000000001c04000080000402006030043f)
	MASK (ffffffffffffffffffffffffffffffffffffffffff);
SIR 30 TDI (3ffffea1);
SDR 13 TDI (1895);
SIR 30 TDI (3ffffe8c);
STATE IDLE;
RUNTEST 20001E-6 SEC;
SIR 30 TDI (3ffffe90);
SDR 168 TDI (0000fc00000000001c04000080000402006030043f)
	TDO (0000fc00000000001c04000080000402006030043f)
	MASK (ffffffffffffffffffffffffffffffffffffffffff);
SIR 30 TDI (3ffffea1);
SDR 13 TDI (1896);
SIR 30 TDI (3ffffe8c);
STATE IDLE;
RUNTEST 20001E-6 SEC;
SIR 30 TDI (3ffffe90);
SDR 168 TDI (0000fc00000000001c00000080000002006030043f)
	TDO (0000fc00000000001c00000080000002006030043f)
	MASK (ffffffffffffffffffffffffffffffffffffffffff);
SIR 30 TDI (3ffffea1);
SDR 13 TDI (1897);
SIR 30 TDI (3ffffe8c);
STATE IDLE;
RUNTEST 20001E-6 SEC;
SIR 30 TDI (3ffffe90);
SDR 168 TDI (0000fc00000000001c04000000000400006030043f)
	TDO (0000fc00000000001c04000000000400006030043f)
	MASK (ffffffffffffffffffffffffffffffffffffffffff);
SIR 30 TDI (3ffffea1);
SDR 13 TDI (1898);
SIR 30 TDI (3ffffe8c);
STATE IDLE;
RUNTEST 20001E-6 SEC;
SIR 30 TDI (3ffffe90);
SDR 168 TDI (0000fc00000000001c04000080000402006030043f)
	TDO (0000fc00000000001c04000080000402006030043f)
	MASK (ffffffffffffffffffffffffffffffffffffffffff);
SIR 30 TDI (3ffffea1);
SDR 13 TDI (1899);
SIR 30 TDI (3ffffe8c);
STATE IDLE;
RUNTEST 20001E-6 SEC;
SIR 30 TDI (3ffffe90);
SDR 168 TDI (0000fc00000000001c04000080000402006030043f)
	TDO (0000fc00000000001c04000080000402006030043f)
	MASK (ffffffffffffffffffffffffffffffffffffffffff);
SIR 30 TDI (3ffffea1);
SDR 13 TDI (189a);
SIR 30 TDI (3ffffe8c);
STATE IDLE;
RUNTEST 20001E-6 SEC;
SIR 30 TDI (3ffffe90);
SDR 168 TDI (0000fc00000000001c04000080000402006030043f)
	TDO (0000fc00000000001c04000080000402006030043f)
	MASK (ffffffffffffffffffffffffffffffffffffffffff);
SIR 30 TDI (3ffffea1);
SDR 13 TDI (189b);
SIR 30 TDI (3ffffe8c);
STATE IDLE;
RUNTEST 20001E-6 SEC;
SIR 30 TDI (3ffffe90);
SDR 168 TDI (0000fc00000000001c04000080000402006030043f)
	TDO (0000fc00000000001c04000080000402006030043f)
	MASK (ffffffffffffffffffffffffffffffffffffffffff);
SIR 30 TDI (3ffffea1);
SDR 13 TDI (189c);
SIR 30 TDI (3ffffe8c);
STATE IDLE;
RUNTEST 20001E-6 SEC;
SIR 30 TDI (3ffffe90);
SDR 168 TDI (0000fc00000000001c00000000000402006030043f)
	TDO (0000fc00000000001c00000000000402006030043f)
	MASK (ffffffffffffffffffffffffffffffffffffffffff);
SIR 30 TDI (3ffffea1);
SDR 13 TDI (189d);
SIR 30 TDI (3ffffe8c);
STATE IDLE;
RUNTEST 20001E-6 SEC;
SIR 30 TDI (3ffffe90);
SDR 168 TDI (0000fc00000000001c04000080000000006030043f)
	TDO (0000fc00000000001c04000080000000006030043f)
	MASK (ffffffffffffffffffffffffffffffffffffffffff);
SIR 30 TDI (3ffffea1);
SDR 13 TDI (189e);
SIR 30 TDI (3ffffe8c);
STATE IDLE;
RUNTEST 20001E-6 SEC;
SIR 30 TDI (3ffffe90);
SDR 168 TDI (0000fc00000000001c04000080000402006030043f)
	TDO (0000fc00000000001c04000080000402006030043f)
	MASK (ffffffffffffffffffffffffffffffffffffffffff);
SIR 30 TDI (3ffffea1);
SDR 13 TDI (189f);
SIR 30 TDI (3ffffe8c);
STATE IDLE;
RUNTEST 20001E-6 SEC;
SIR 30 TDI (3ffffe90);
SDR 168 TDI (0000fc00000000001c04000080000402006030043f)
	TDO (0000fc00000000001c04000080000402006030043f)
	MASK (ffffffffffffffffffffffffffffffffffffffffff);
SIR 30 TDI (3ffffea1);
SDR 13 TDI (18a0);
SIR 30 TDI (3ffffe8c);
STATE IDLE;
RUNTEST 20001E-6 SEC;
SIR 30 TDI (3ffffe90);
SDR 168 TDI (0000fc00000000001c04000080000402006030043f)
	TDO (0000fc00000000001c04000080000402006030043f)
	MASK (ffffffffffffffffffffffffffffffffffffffffff);
SIR 30 TDI (3ffffea1);
SDR 13 TDI (18a1);
SIR 30 TDI (3ffffe8c);
STATE IDLE;
RUNTEST 20001E-6 SEC;
SIR 30 TDI (3ffffe90);
SDR 168 TDI (0000fc00000000001c04000080000402006030043f)
	TDO (0000fc00000000001c04000080000402006030043f)
	MASK (ffffffffffffffffffffffffffffffffffffffffff);
SIR 30 TDI (3ffffea1);
SDR 13 TDI (18a2);
SIR 30 TDI (3ffffe8c);
STATE IDLE;
RUNTEST 20001E-6 SEC;
SIR 30 TDI (3ffffe90);
SDR 168 TDI (0000fc00000000001c04000080000402006030043f)
	TDO (0000fc00000000001c04000080000402006030043f)
	MASK (ffffffffffffffffffffffffffffffffffffffffff);
SIR 30 TDI (3ffffea1);
SDR 13 TDI (18a3);
SIR 30 TDI (3ffffe8c);
STATE IDLE;
RUNTEST 20001E-6 SEC;
SIR 30 TDI (3ffffe90);
SDR 168 TDI (0000fc00000000001c04000080000402006030043f)
	TDO (0000fc00000000001c04000080000402006030043f)
	MASK (ffffffffffffffffffffffffffffffffffffffffff);
SIR 30 TDI (3ffffea1);
SDR 13 TDI (18a4);
SIR 30 TDI (3ffffe8c);
STATE IDLE;
RUNTEST 20001E-6 SEC;
SIR 30 TDI (3ffffe90);
SDR 168 TDI (0000fc00000000001c04000080000402006030043f)
	TDO (0000fc00000000001c04000080000402006030043f)
	MASK (ffffffffffffffffffffffffffffffffffffffffff);
SIR 30 TDI (3ffffea1);
SDR 13 TDI (18a5);
SIR 30 TDI (3ffffe8c);
STATE IDLE;
RUNTEST 20001E-6 SEC;
SIR 30 TDI (3ffffe90);
SDR 168 TDI (0000fc00000000001c04000080000402006030043f)
	TDO (0000fc00000000001c04000080000402006030043f)
	MASK (ffffffffffffffffffffffffffffffffffffffffff);
SIR 30 TDI (3ffffea1);
SDR 13 TDI (18a6);
SIR 30 TDI (3ffffe8c);
STATE IDLE;
RUNTEST 20001E-6 SEC;
SIR 30 TDI (3ffffe90);
SDR 168 TDI (0000fc00000000001c04000080000402006030043f)
	TDO (0000fc00000000001c04000080000402006030043f)
	MASK (ffffffffffffffffffffffffffffffffffffffffff);
SIR 30 TDI (3ffffea1);
SDR 13 TDI (18a7);
SIR 30 TDI (3ffffe8c);
STATE IDLE;
RUNTEST 20001E-6 SEC;
SIR 30 TDI (3ffffe90);
SDR 168 TDI (0000fc00000000001c04000080000402006030043f)
	TDO (0000fc00000000001c04000080000402006030043f)
	MASK (ffffffffffffffffffffffffffffffffffffffffff);
SIR 30 TDI (3ffffea1);
SDR 13 TDI (18a8);
SIR 30 TDI (3ffffe8c);
STATE IDLE;
RUNTEST 20001E-6 SEC;
SIR 30 TDI (3ffffe90);
SDR 168 TDI (0000fc00000000001c04000080000402006030043f)
	TDO (0000fc00000000001c04000080000402006030043f)
	MASK (ffffffffffffffffffffffffffffffffffffffffff);
SIR 30 TDI (3ffffea1);
SDR 13 TDI (18a9);
SIR 30 TDI (3ffffe8c);
STATE IDLE;
RUNTEST 20001E-6 SEC;
SIR 30 TDI (3ffffe90);
SDR 168 TDI (00004c00000000001c04000080000402006030003f)
	TDO (00004c00000000001c04000080000402006030003f)
	MASK (ffffffffffffffffffffffffffffffffffffffffff);
SIR 30 TDI (3ffffea1);
SDR 13 TDI (18aa);
SIR 30 TDI (3ffffe8c);
STATE IDLE;
RUNTEST 20001E-6 SEC;
SIR 30 TDI (3ffffe90);
SDR 168 TDI (0000fc00000000000c04000080000402006030043f)
	TDO (0000fc00000000000c04000080000402006030043f)
	MASK (ffffffffffffffffffffffffffffffffffffffffff);
SIR 30 TDI (3ffffea1);
SDR 13 TDI (18ab);
SIR 30 TDI (3ffffe8c);
STATE IDLE;
RUNTEST 20001E-6 SEC;
SIR 30 TDI (3ffffe90);
SDR 168 TDI (00003c00000000001c00000000000000006030043f)
	TDO (00003c00000000001c00000000000000006030043f)
	MASK (ffffffffffffffffffffffffffffffffffffffffff);
SIR 30 TDI (3ffffea1);
SDR 13 TDI (18ac);
SIR 30 TDI (3ffffe8c);
STATE IDLE;
RUNTEST 20001E-6 SEC;
SIR 30 TDI (3ffffe90);
SDR 168 TDI (0000fc00000000001c04000080000402006030043f)
	TDO (0000fc00000000001c04000080000402006030043f)
	MASK (ffffffffffffffffffffffffffffffffffffffffff);
SIR 30 TDI (3ffffea1);
SDR 13 TDI (18ad);
SIR 30 TDI (3ffffe8c);
STATE IDLE;
RUNTEST 20001E-6 SEC;
SIR 30 TDI (3ffffe90);
SDR 168 TDI (0000fc00000000001c04000080000402006030043f)
	TDO (0000fc00000000001c04000080000402006030043f)
	MASK (ffffffffffffffffffffffffffffffffffffffffff);
SIR 30 TDI (3ffffea1);
SDR 13 TDI (18ae);
SIR 30 TDI (3ffffe8c);
STATE IDLE;
RUNTEST 20001E-6 SEC;
SIR 30 TDI (3ffffe90);
SDR 168 TDI (0000fc00000000001c04000080000402006030043f)
	TDO (0000fc00000000001c04000080000402006030043f)
	MASK (ffffffffffffffffffffffffffffffffffffffffff);
SIR 30 TDI (3ffffea1);
SDR 13 TDI (18af);
SIR 30 TDI (3ffffe8c);
STATE IDLE;
RUNTEST 20001E-6 SEC;
SIR 30 TDI (3ffffe90);
SDR 168 TDI (0000fc00000000001c04000080000402006030043f)
	TDO (0000fc00000000001c04000080000402006030043f)
	MASK (ffffffffffffffffffffffffffffffffffffffffff);
SIR 30 TDI (3ffffea1);
SDR 13 TDI (18b0);
SIR 30 TDI (3ffffe8c);
STATE IDLE;
RUNTEST 20001E-6 SEC;
SIR 30 TDI (3ffffe90);
SDR 168 TDI (0000fc00000000001c04000080000402006030043f)
	TDO (0000fc00000000001c04000080000402006030043f)
	MASK (ffffffffffffffffffffffffffffffffffffffffff);
SIR 30 TDI (3ffffea1);
SDR 13 TDI (18b1);
SIR 30 TDI (3ffffe8c);
STATE IDLE;
RUNTEST 20001E-6 SEC;
SIR 30 TDI (3ffffe90);
SDR 168 TDI (0000fc00000000001c04000080000402006030043f)
	TDO (0000fc00000000001c04000080000402006030043f)
	MASK (ffffffffffffffffffffffffffffffffffffffffff);
SIR 30 TDI (3ffffea1);
SDR 13 TDI (18b2);
SIR 30 TDI (3ffffe8c);
STATE IDLE;
RUNTEST 20001E-6 SEC;
SIR 30 TDI (3ffffe90);
SDR 168 TDI (0000fc00000000001c04000080000402006030043f)
	TDO (0000fc00000000001c04000080000402006030043f)
	MASK (ffffffffffffffffffffffffffffffffffffffffff);
SIR 30 TDI (3ffffea1);
SDR 13 TDI (18b3);
SIR 30 TDI (3ffffe8c);
STATE IDLE;
RUNTEST 20001E-6 SEC;
SIR 30 TDI (3ffffe90);
SDR 168 TDI (0000fc00000000001c04000080000402006030043f)
	TDO (0000fc00000000001c04000080000402006030043f)
	MASK (ffffffffffffffffffffffffffffffffffffffffff);
SIR 30 TDI (3ffffea1);
SDR 13 TDI (18b4);
SIR 30 TDI (3ffffe8c);
STATE IDLE;
RUNTEST 20001E-6 SEC;
SIR 30 TDI (3ffffe90);
SDR 168 TDI (0000fc00000000001c04000080000402006030043f)
	TDO (0000fc00000000001c04000080000402006030043f)
	MASK (ffffffffffffffffffffffffffffffffffffffffff);
SIR 30 TDI (3ffffea1);
SDR 13 TDI (18b5);
SIR 30 TDI (3ffffe8c);
STATE IDLE;
RUNTEST 20001E-6 SEC;
SIR 30 TDI (3ffffe90);
SDR 168 TDI (0000fc00000000001c04000080000402006030043f)
	TDO (0000fc00000000001c04000080000402006030043f)
	MASK (ffffffffffffffffffffffffffffffffffffffffff);
SIR 30 TDI (3ffffea1);
SDR 13 TDI (18b6);
SIR 30 TDI (3ffffe8c);
STATE IDLE;
RUNTEST 20001E-6 SEC;
SIR 30 TDI (3ffffe90);
SDR 168 TDI (0000fc00000000001c04000080000402006030043f)
	TDO (0000fc00000000001c04000080000402006030043f)
	MASK (ffffffffffffffffffffffffffffffffffffffffff);
SIR 30 TDI (3ffffea1);
SDR 13 TDI (18b7);
SIR 30 TDI (3ffffe8c);
STATE IDLE;
RUNTEST 20001E-6 SEC;
SIR 30 TDI (3ffffe90);
SDR 168 TDI (0000fc00000000001c04000080000402006030043f)
	TDO (0000fc00000000001c04000080000402006030043f)
	MASK (ffffffffffffffffffffffffffffffffffffffffff);
SIR 30 TDI (3ffffea1);
SDR 13 TDI (18b8);
SIR 30 TDI (3ffffe8c);
STATE IDLE;
RUNTEST 20001E-6 SEC;
SIR 30 TDI (3ffffe90);
SDR 168 TDI (0000fc00000000001c04000080000402006030043f)
	TDO (0000fc00000000001c04000080000402006030043f)
	MASK (ffffffffffffffffffffffffffffffffffffffffff);
SIR 30 TDI (3ffffea1);
SDR 13 TDI (18b9);
SIR 30 TDI (3ffffe8c);
STATE IDLE;
RUNTEST 20001E-6 SEC;
SIR 30 TDI (3ffffe90);
SDR 168 TDI (0000fc00000000001c04000080000402006030043f)
	TDO (0000fc00000000001c04000080000402006030043f)
	MASK (ffffffffffffffffffffffffffffffffffffffffff);
SIR 30 TDI (3ffffea1);
SDR 13 TDI (18ba);
SIR 30 TDI (3ffffe8c);
STATE IDLE;
RUNTEST 20001E-6 SEC;
SIR 30 TDI (3ffffe90);
SDR 168 TDI (0000fc00000000001c04000080000402006030043f)
	TDO (0000fc00000000001c04000080000402006030043f)
	MASK (ffffffffffffffffffffffffffffffffffffffffff);
SIR 30 TDI (3ffffea1);
SDR 13 TDI (18bb);
SIR 30 TDI (3ffffe8c);
STATE IDLE;
RUNTEST 20001E-6 SEC;
SIR 30 TDI (3ffffe90);
SDR 168 TDI (0000fc00000000001c04000080000402006030043f)
	TDO (0000fc00000000001c04000080000402006030043f)
	MASK (ffffffffffffffffffffffffffffffffffffffffff);
SIR 30 TDI (3ffffea1);
SDR 13 TDI (18bc);
SIR 30 TDI (3ffffe8c);
STATE IDLE;
RUNTEST 20001E-6 SEC;
SIR 30 TDI (3ffffe90);
SDR 168 TDI (0000fc00000000001404000080000402006030043f)
	TDO (0000fc00000000001404000080000402006030043f)
	MASK (ffffffffffffffffffffffffffffffffffffffffff);
SIR 30 TDI (3ffffea1);
SDR 13 TDI (18bd);
SIR 30 TDI (3ffffe8c);
STATE IDLE;
RUNTEST 20001E-6 SEC;
SIR 30 TDI (3ffffe90);
SDR 168 TDI (00003c00000000001c00000000000000006030043f)
	TDO (00003c00000000001c00000000000000006030043f)
	MASK (ffffffffffffffffffffffffffffffffffffffffff);
SIR 30 TDI (3ffffea1);
SDR 13 TDI (18be);
SIR 30 TDI (3ffffe8c);
STATE IDLE;
RUNTEST 20001E-6 SEC;
SIR 30 TDI (3ffffe90);
SDR 168 TDI (0000fc00000000001c04000080000402006030043f)
	TDO (0000fc00000000001c04000080000402006030043f)
	MASK (ffffffffffffffffffffffffffffffffffffffffff);
SIR 30 TDI (3ffffea1);
SDR 13 TDI (18bf);
SIR 30 TDI (3ffffe8c);
STATE IDLE;
RUNTEST 20001E-6 SEC;
SIR 30 TDI (3ffffe90);
SDR 168 TDI (00001400000000000000000000000000002030043f)
	TDO (00001400000000000000000000000000002030043f)
	MASK (ffffffffffffffffffffffffffffffffffffffffff);
SIR 30 TDI (3ffffea1);
SDR 13 TDI (18c0);
SIR 30 TDI (3ffffe8c);
STATE IDLE;
RUNTEST 20001E-6 SEC;
SIR 30 TDI (3ffffe90);
SDR 168 TDI (0000fc00000000001c04000080000402006030043f)
	TDO (0000fc00000000001c04000080000402006030043f)
	MASK (ffffffffffffffffffffffffffffffffffffffffff);
SIR 30 TDI (3ffffea1);
SDR 13 TDI (18c1);
SIR 30 TDI (3ffffe8c);
STATE IDLE;
RUNTEST 20001E-6 SEC;
SIR 30 TDI (3ffffe90);
SDR 168 TDI (0000fc00000000001c04000080000402006030043f)
	TDO (0000fc00000000001c04000080000402006030043f)
	MASK (ffffffffffffffffffffffffffffffffffffffffff);
SIR 30 TDI (3ffffea1);
SDR 13 TDI (18c2);
SIR 30 TDI (3ffffe8c);
STATE IDLE;
RUNTEST 20001E-6 SEC;
SIR 30 TDI (3ffffe90);
SDR 168 TDI (0000fc00000000001c04000080000402006030043f)
	TDO (0000fc00000000001c04000080000402006030043f)
	MASK (ffffffffffffffffffffffffffffffffffffffffff);
SIR 30 TDI (3ffffea1);
SDR 13 TDI (18c3);
SIR 30 TDI (3ffffe8c);
STATE IDLE;
RUNTEST 20001E-6 SEC;
SIR 30 TDI (3ffffe90);
SDR 168 TDI (0000fc00000000001c04000080000402006030043f)
	TDO (0000fc00000000001c04000080000402006030043f)
	MASK (ffffffffffffffffffffffffffffffffffffffffff);
SIR 30 TDI (3ffffea1);
SDR 13 TDI (18c4);
SIR 30 TDI (3ffffe8c);
STATE IDLE;
RUNTEST 20001E-6 SEC;
SIR 30 TDI (3ffffe90);
SDR 168 TDI (0000fc00000000001c04000080000402006030043f)
	TDO (0000fc00000000001c04000080000402006030043f)
	MASK (ffffffffffffffffffffffffffffffffffffffffff);
SIR 30 TDI (3ffffea1);
SDR 13 TDI (18c5);
SIR 30 TDI (3ffffe8c);
STATE IDLE;
RUNTEST 20001E-6 SEC;
SIR 30 TDI (3ffffe90);
SDR 168 TDI (0000fc00000000001c04000080000402006030043f)
	TDO (0000fc00000000001c04000080000402006030043f)
	MASK (ffffffffffffffffffffffffffffffffffffffffff);
SIR 30 TDI (3ffffea1);
SDR 13 TDI (18c6);
SIR 30 TDI (3ffffe8c);
STATE IDLE;
RUNTEST 20001E-6 SEC;
SIR 30 TDI (3ffffe90);
SDR 168 TDI (0000fc00000000001c04000080000402006030043f)
	TDO (0000fc00000000001c04000080000402006030043f)
	MASK (ffffffffffffffffffffffffffffffffffffffffff);
SIR 30 TDI (3ffffea1);
SDR 13 TDI (18c7);
SIR 30 TDI (3ffffe8c);
STATE IDLE;
RUNTEST 20001E-6 SEC;
SIR 30 TDI (3ffffe90);
SDR 168 TDI (0000fc00000000001c04000080000402006030043f)
	TDO (0000fc00000000001c04000080000402006030043f)
	MASK (ffffffffffffffffffffffffffffffffffffffffff);
SIR 30 TDI (3ffffea1);
SDR 13 TDI (18c8);
SIR 30 TDI (3ffffe8c);
STATE IDLE;
RUNTEST 20001E-6 SEC;
SIR 30 TDI (3ffffe90);
SDR 168 TDI (0000fc00000000001c04000080000402006020043f)
	TDO (0000fc00000000001c04000080000402006020043f)
	MASK (ffffffffffffffffffffffffffffffffffffffffff);
SIR 30 TDI (3ffffea1);
SDR 13 TDI (18c9);
SIR 30 TDI (3ffffe8c);
STATE IDLE;
RUNTEST 20001E-6 SEC;
SIR 30 TDI (3ffffe90);
SDR 168 TDI (0000fc00000000001c04000080000402006010003f)
	TDO (0000fc00000000001c04000080000402006010003f)
	MASK (ffffffffffffffffffffffffffffffffffffffffff);
SIR 30 TDI (3ffffea1);
SDR 13 TDI (18ca);
SIR 30 TDI (3ffffe8c);
STATE IDLE;
RUNTEST 20001E-6 SEC;
SIR 30 TDI (3ffffe90);
SDR 168 TDI (00000000000000000000000000000000000030043f)
	TDO (00000000000000000000000000000000000030043f)
	MASK (ffffffffffffffffffffffffffffffffffffffffff);
SIR 30 TDI (3ffffea1);
SDR 13 TDI (18cb);
SIR 30 TDI (3ffffe8c);
STATE IDLE;
RUNTEST 20001E-6 SEC;
SIR 30 TDI (3ffffe90);
SDR 168 TDI (0000fc00000000001c04000080000402006030043f)
	TDO (0000fc00000000001c04000080000402006030043f)
	MASK (ffffffffffffffffffffffffffffffffffffffffff);
SIR 30 TDI (3ffffea1);
SDR 13 TDI (18cc);
SIR 30 TDI (3ffffe8c);
STATE IDLE;
RUNTEST 20001E-6 SEC;
SIR 30 TDI (3ffffe90);
SDR 168 TDI (0000fc00000000001c04000080000402006030043f)
	TDO (0000fc00000000001c04000080000402006030043f)
	MASK (ffffffffffffffffffffffffffffffffffffffffff);
SIR 30 TDI (3ffffea1);
SDR 13 TDI (18cd);
SIR 30 TDI (3ffffe8c);
STATE IDLE;
RUNTEST 20001E-6 SEC;
SIR 30 TDI (3ffffe90);
SDR 168 TDI (0000b000000000001c04000080000402006000043f)
	TDO (0000b000000000001c04000080000402006000043f)
	MASK (ffffffffffffffffffffffffffffffffffffffffff);
SIR 30 TDI (3ffffea1);
SDR 13 TDI (18ce);
SIR 30 TDI (3ffffe8c);
STATE IDLE;
RUNTEST 20001E-6 SEC;
SIR 30 TDI (3ffffe90);
SDR 168 TDI (0000fc00000000001c04000080000402006030043f)
	TDO (0000fc00000000001c04000080000402006030043f)
	MASK (ffffffffffffffffffffffffffffffffffffffffff);
SIR 30 TDI (3ffffea1);
SDR 13 TDI (18cf);
SIR 30 TDI (3ffffe8c);
STATE IDLE;
RUNTEST 20001E-6 SEC;
SIR 30 TDI (3ffffe90);
SDR 168 TDI (0000fc00000000001c04000080000402006030043f)
	TDO (0000fc00000000001c04000080000402006030043f)
	MASK (ffffffffffffffffffffffffffffffffffffffffff);
SIR 30 TDI (3ffffea1);
SDR 13 TDI (18d0);
SIR 30 TDI (3ffffe8c);
STATE IDLE;
RUNTEST 20001E-6 SEC;
SIR 30 TDI (3ffffe90);
SDR 168 TDI (0000fc00000000001c04000080000402006030043f)
	TDO (0000fc00000000001c04000080000402006030043f)
	MASK (ffffffffffffffffffffffffffffffffffffffffff);
SIR 30 TDI (3ffffea1);
SDR 13 TDI (18d1);
SIR 30 TDI (3ffffe8c);
STATE IDLE;
RUNTEST 20001E-6 SEC;
SIR 30 TDI (3ffffe90);
SDR 168 TDI (0000fc00000000001c04000080000402006030043f)
	TDO (0000fc00000000001c04000080000402006030043f)
	MASK (ffffffffffffffffffffffffffffffffffffffffff);
SIR 30 TDI (3ffffea1);
SDR 13 TDI (18d2);
SIR 30 TDI (3ffffe8c);
STATE IDLE;
RUNTEST 20001E-6 SEC;
SIR 30 TDI (3ffffe90);
SDR 168 TDI (0000fc00000000001c04000080000402006030043f)
	TDO (0000fc00000000001c04000080000402006030043f)
	MASK (ffffffffffffffffffffffffffffffffffffffffff);
SIR 30 TDI (3ffffea1);
SDR 13 TDI (18d3);
SIR 30 TDI (3ffffe8c);
STATE IDLE;
RUNTEST 20001E-6 SEC;
SIR 30 TDI (3ffffe90);
SDR 168 TDI (0000fc00000000001c04000080000402006030043f)
	TDO (0000fc00000000001c04000080000402006030043f)
	MASK (ffffffffffffffffffffffffffffffffffffffffff);
SIR 30 TDI (3ffffea1);
SDR 13 TDI (18d4);
SIR 30 TDI (3ffffe8c);
STATE IDLE;
RUNTEST 20001E-6 SEC;
SIR 30 TDI (3ffffe90);
SDR 168 TDI (0000fc00000000001c04000080000402006030043f)
	TDO (0000fc00000000001c04000080000402006030043f)
	MASK (ffffffffffffffffffffffffffffffffffffffffff);
SIR 30 TDI (3ffffea1);
SDR 13 TDI (18d5);
SIR 30 TDI (3ffffe8c);
STATE IDLE;
RUNTEST 20001E-6 SEC;
SIR 30 TDI (3ffffe90);
SDR 168 TDI (0000fc00000000001c04000080000402006030043f)
	TDO (0000fc00000000001c04000080000402006030043f)
	MASK (ffffffffffffffffffffffffffffffffffffffffff);
SIR 30 TDI (3ffffea1);
SDR 13 TDI (18d6);
SIR 30 TDI (3ffffe8c);
STATE IDLE;
RUNTEST 20001E-6 SEC;
SIR 30 TDI (3ffffe90);
SDR 168 TDI (0000d400000000001c04000080000402002030043f)
	TDO (0000d400000000001c04000080000402002030043f)
	MASK (ffffffffffffffffffffffffffffffffffffffffff);
SIR 30 TDI (3ffffea1);
SDR 13 TDI (18d7);
SIR 30 TDI (3ffffe8c);
STATE IDLE;
RUNTEST 20001E-6 SEC;
SIR 30 TDI (3ffffe90);
SDR 168 TDI (0000fc00000000000000000000000000006030043f)
	TDO (0000fc00000000000000000000000000006030043f)
	MASK (ffffffffffffffffffffffffffffffffffffffffff);
SIR 30 TDI (3ffffea1);
SDR 13 TDI (18d8);
SIR 30 TDI (3ffffe8c);
STATE IDLE;
RUNTEST 20001E-6 SEC;
SIR 30 TDI (3ffffe90);
SDR 168 TDI (0000fc00000000001c04000080000402006030043f)
	TDO (0000fc00000000001c04000080000402006030043f)
	MASK (ffffffffffffffffffffffffffffffffffffffffff);
SIR 30 TDI (3ffffea1);
SDR 13 TDI (18d9);
SIR 30 TDI (3ffffe8c);
STATE IDLE;
RUNTEST 20001E-6 SEC;
SIR 30 TDI (3ffffe90);
SDR 168 TDI (0000fc00000000001c04000080000402006030043f)
	TDO (0000fc00000000001c04000080000402006030043f)
	MASK (ffffffffffffffffffffffffffffffffffffffffff);
SIR 30 TDI (3ffffea1);
SDR 13 TDI (18da);
SIR 30 TDI (3ffffe8c);
STATE IDLE;
RUNTEST 20001E-6 SEC;
SIR 30 TDI (3ffffe90);
SDR 168 TDI (0000fc00000000001c04000080000402006030043f)
	TDO (0000fc00000000001c04000080000402006030043f)
	MASK (ffffffffffffffffffffffffffffffffffffffffff);
SIR 30 TDI (3ffffea1);
SDR 13 TDI (18db);
SIR 30 TDI (3ffffe8c);
STATE IDLE;
RUNTEST 20001E-6 SEC;
SIR 30 TDI (3ffffe90);
SDR 168 TDI (0000fc00000000001c04000080000402006030043f)
	TDO (0000fc00000000001c04000080000402006030043f)
	MASK (ffffffffffffffffffffffffffffffffffffffffff);
SIR 30 TDI (3ffffea1);
SDR 13 TDI (18dc);
SIR 30 TDI (3ffffe8c);
STATE IDLE;
RUNTEST 20001E-6 SEC;
SIR 30 TDI (3ffffe90);
SDR 168 TDI (0000fc00000000001c04000080000402006030043f)
	TDO (0000fc00000000001c04000080000402006030043f)
	MASK (ffffffffffffffffffffffffffffffffffffffffff);
SIR 30 TDI (3ffffea1);
SDR 13 TDI (18dd);
SIR 30 TDI (3ffffe8c);
STATE IDLE;
RUNTEST 20001E-6 SEC;
SIR 30 TDI (3ffffe90);
SDR 168 TDI (0000fc00000000001c04000080000402006030043f)
	TDO (0000fc00000000001c04000080000402006030043f)
	MASK (ffffffffffffffffffffffffffffffffffffffffff);
SIR 30 TDI (3ffffea1);
SDR 13 TDI (18de);
SIR 30 TDI (3ffffe8c);
STATE IDLE;
RUNTEST 20001E-6 SEC;
SIR 30 TDI (3ffffe90);
SDR 168 TDI (0000fc00000000001c04000080000402006030043f)
	TDO (0000fc00000000001c04000080000402006030043f)
	MASK (ffffffffffffffffffffffffffffffffffffffffff);
SIR 30 TDI (3ffffea1);
SDR 13 TDI (18df);
SIR 30 TDI (3ffffe8c);
STATE IDLE;
RUNTEST 20001E-6 SEC;
SIR 30 TDI (3ffffe90);
SDR 168 TDI (0000fc00000000001c04000080000402006030043f)
	TDO (0000fc00000000001c04000080000402006030043f)
	MASK (ffffffffffffffffffffffffffffffffffffffffff);
STATE IDLE;
SIR 30 TDI (3ffffea1);
SDR 13 TDI (1800);
SIR 30 TDI (3ffffe8c);
STATE IDLE;
RUNTEST 20001E-6 SEC;
SIR 30 TDI (3ffffe90);
SDR 168 TDI (3ffff0f0c30ce20420607ffff3f0f00ce2006064ff)
	TDO (3ffff0f0c30ce20420607ffff3f0f00ce2006064ff)
	MASK (ffffffffffffffffffffffffffffffffffffffffff);
SIR 30 TDI (3ffffea1);
SDR 13 TDI (1801);
SIR 30 TDI (3ffffe8c);
STATE IDLE;
RUNTEST 20001E-6 SEC;
SIR 30 TDI (3ffffe90);
SDR 168 TDI (3fffd0908108000000003fffc1909008800000003f)
	TDO (3fffd0908108000000003fffc1909008800000003f)
	MASK (ffffffffffffffffffffffffffffffffffffffffff);
SIR 30 TDI (3ffffea1);
SDR 13 TDI (1802);
SIR 30 TDI (3ffffe8c);
STATE IDLE;
RUNTEST 20001E-6 SEC;
SIR 30 TDI (3ffffe90);
SDR 168 TDI (3fffd999999989999999bfffd9999999999999993f)
	TDO (3fffd999999989999999bfffd9999999999999993f)
	MASK (ffffffffffffffffffffffffffffffffffffffffff);
SIR 30 TDI (3ffffea1);
SDR 13 TDI (1803);
SIR 30 TDI (3ffffe8c);
STATE IDLE;
RUNTEST 20001E-6 SEC;
SIR 30 TDI (3ffffe90);
SDR 168 TDI (3fffc00000003fffffffffffc00000003fffffffbf)
	TDO (3fffc00000003fffffffffffc00000003fffffffbf)
	MASK (ffffffffffffffffffffffffffffffffffffffffff);
SIR 30 TDI (3ffffea1);
SDR 13 TDI (1804);
SIR 30 TDI (3ffffe8c);
STATE IDLE;
RUNTEST 20001E-6 SEC;
SIR 30 TDI (3ffffe90);
SDR 168 TDI (3ffff9f9db9dfffffffffffffbf9f99dffffffffff)
	TDO (3ffff9f9db9dfffffffffffffbf9f99dffffffffff)
	MASK (ffffffffffffffffffffffffffffffffffffffffff);
SIR 30 TDI (3ffffea1);
SDR 13 TDI (1805);
SIR 30 TDI (3ffffe8c);
STATE IDLE;
RUNTEST 20001E-6 SEC;
SIR 30 TDI (3ffffe90);
SDR 168 TDI (3fffc0000000046246063ffff000000004660602ff)
	TDO (3fffc0000000046246063ffff000000004660602ff)
	MASK (ffffffffffffffffffffffffffffffffffffffffff);
SIR 30 TDI (3ffffea1);
SDR 13 TDI (1806);
SIR 30 TDI (3ffffe8c);
STATE IDLE;
RUNTEST 20001E-6 SEC;
SIR 30 TDI (3ffffe90);
SDR 168 TDI (3ffff100c00c0200200cfffff3f0f00ce300f0fcff)
	TDO (3ffff100c00c0200200cfffff3f0f00ce300f0fcff)
	MASK (ffffffffffffffffffffffffffffffffffffffffff);
SIR 30 TDI (3ffffea1);
SDR 13 TDI (1807);
SIR 30 TDI (3ffffe8c);
STATE IDLE;
RUNTEST 20001E-6 SEC;
SIR 30 TDI (3ffffe90);
SDR 168 TDI (3fffc0008010000000003fffc0000000800000003f)
	TDO (3fffc0008010000000003fffc0000000800000003f)
	MASK (ffffffffffffffffffffffffffffffffffffffffff);
SIR 30 TDI (3ffffea1);
SDR 13 TDI (1808);
SIR 30 TDI (3ffffe8c);
STATE IDLE;
RUNTEST 20001E-6 SEC;
SIR 30 TDI (3ffffe90);
SDR 168 TDI (3fffd9999999981999913fffd9999999989909013f)
	TDO (3fffd9999999981999913fffd9999999989909013f)
	MASK (ffffffffffffffffffffffffffffffffffffffffff);
SIR 30 TDI (3ffffea1);
SDR 13 TDI (1809);
SIR 30 TDI (3ffffe8c);
STATE IDLE;
RUNTEST 20001E-6 SEC;
SIR 30 TDI (3ffffe90);
SDR 168 TDI (3fffc00000003dfffffbbfffc00000003dff9f9bbf)
	TDO (3fffc00000003dfffffbbfffc00000003dff9f9bbf)
	MASK (ffffffffffffffffffffffffffffffffffffffffff);
SIR 30 TDI (3ffffea1);
SDR 13 TDI (180a);
SIR 30 TDI (3ffffe8c);
STATE IDLE;
RUNTEST 20001E-6 SEC;
SIR 30 TDI (3ffffe90);
SDR 168 TDI (3ffffb99d9bdbffffffffffffbf9f99dffffffffff)
	TDO (3ffffb99d9bdbffffffffffffbf9f99dffffffffff)
	MASK (ffffffffffffffffffffffffffffffffffffffffff);
SIR 30 TDI (3ffffea1);
SDR 13 TDI (180b);
SIR 30 TDI (3ffffe8c);
STATE IDLE;
RUNTEST 20001E-6 SEC;
SIR 30 TDI (3ffffe90);
SDR 168 TDI (3ffff300003c27a6466efffff3f0f00c0766f6feff)
	TDO (3ffff300003c27a6466efffff3f0f00c0766f6feff)
	MASK (ffffffffffffffffffffffffffffffffffffffffff);
STATE IDLE;
SIR 30 TDI (3ffffea1);
SDR 13 TDI (18e0);
SIR 30 TDI (3ffffe8c);
STATE IDLE;
RUNTEST 20001E-6 SEC;
SIR 30 TDI (3ffffe90);
SDR 168 TDI (3ffffbfffffefffffffffffffffffffeffffffffff)
	TDO (3ffffbfffffefffffffffffffffffffeffffffffff)
	MASK (ffffffffffffffffffffffffffffffffffffffffff);
SIR 30 TDI (3ffffea1);
SDR 13 TDI (18e1);
SIR 30 TDI (3ffffe8c);
STATE IDLE;
RUNTEST 20001E-6 SEC;
SIR 30 TDI (3ffffe90);
SDR 168 TDI (3fffffffffffffffffffffffffffffffffffffffff)
	TDO (3fffffffffffffffffffffffffffffffffffffffff)
	MASK (ffffffffffffffffffffffffffffffffffffffffff);
SIR 30 TDI (3ffffea1);
SDR 13 TDI (18e2);
SIR 30 TDI (3ffffe8c);
STATE IDLE;
RUNTEST 20001E-6 SEC;
SIR 30 TDI (3ffffe90);
SDR 168 TDI (37ffffffffff7fff7ffff7ffffffffff7fd77fffff)
	TDO (37ffffffffff7fff7ffff7ffffffffff7fd77fffff)
	MASK (ffffffffffffffffffffffffffffffffffffffffff);
SIR 30 TDI (3ffffea1);
SDR 13 TDI (18e3);
SIR 30 TDI (3ffffe8c);
STATE IDLE;
RUNTEST 20001E-6 SEC;
SIR 30 TDI (3ffffe90);
SDR 168 TDI (3fffffffffffffffffffffffffffffffffffffffff)
	TDO (3fffffffffffffffffffffffffffffffffffffffff)
	MASK (ffffffffffffffffffffffffffffffffffffffffff);
SIR 30 TDI (3ffffea1);
SDR 13 TDI (18e4);
SIR 30 TDI (3ffffe8c);
STATE IDLE;
RUNTEST 20001E-6 SEC;
SIR 30 TDI (3ffffe90);
SDR 168 TDI (3fff7feffffffffffeffffff7feffffffffffeffff)
	TDO (3fff7feffffffffffeffffff7feffffffffffeffff)
	MASK (ffffffffffffffffffffffffffffffffffffffffff);
SIR 30 TDI (3ffffea1);
SDR 13 TDI (18e5);
SIR 30 TDI (3ffffe8c);
STATE IDLE;
RUNTEST 20001E-6 SEC;
SIR 30 TDI (3ffffe90);
SDR 168 TDI (3fffffffffffffffffffffffffffffffffffffffff)
	TDO (3fffffffffffffffffffffffffffffffffffffffff)
	MASK (ffffffffffffffffffffffffffffffffffffffffff);
SIR 30 TDI (3ffffea1);
SDR 13 TDI (18e6);
SIR 30 TDI (3ffffe8c);
STATE IDLE;
RUNTEST 20001E-6 SEC;
SIR 30 TDI (3ffffe90);
SDR 168 TDI (2effffffffffffefffffeeffffffffffffefffffff)
	TDO (2effffffffffffefffffeeffffffffffffefffffff)
	MASK (ffffffffffffffffffffffffffffffffffffffffff);
SIR 30 TDI (3ffffea1);
SDR 13 TDI (18e7);
SIR 30 TDI (3ffffe8c);
STATE IDLE;
RUNTEST 20001E-6 SEC;
SIR 30 TDI (3ffffe90);
SDR 168 TDI (3ffffffffffbffffffffffffffffffffffffffffff)
	TDO (3ffffffffffbffffffffffffffffffffffffffffff)
	MASK (ffffffffffffffffffffffffffffffffffffffffff);
SIR 30 TDI (3ffffea1);
SDR 13 TDI (18e8);
SIR 30 TDI (3ffffe8c);
STATE IDLE;
RUNTEST 20001E-6 SEC;
SIR 30 TDI (3ffffe90);
SDR 168 TDI (3ffffff7ffffffffdfffffffffd7ffffffffffffff)
	TDO (3ffffff7ffffffffdfffffffffd7ffffffffffffff)
	MASK (ffffffffffffffffffffffffffffffffffffffffff);
STATE IDLE;
SIR 30 TDI (3ffffea1);
SDR 13 TDI (1a00);
SIR 30 TDI (3ffffe8c);
STATE IDLE;
RUNTEST 20001E-6 SEC;
SIR 30 TDI (3ffffe92);
SDR 6 TDI (0f)
	TDO (0f)
	MASK (3f);
STATE IDLE;
SIR 30 TDI (3ffffea1);
SDR 13 TDI (1b00);
SIR 30 TDI (3ffffe8c);
STATE IDLE;
RUNTEST 20001E-6 SEC;
SIR 30 TDI (3ffffe93);
SDR 18 TDI (0ffff)
	TDO (0ffff)
	MASK (3ffff);
STATE IDLE;
SIR 30 TDI (3ffffea1);
SDR 13 TDI (1900);
SIR 30 TDI (3ffffe8c);
STATE IDLE;
RUNTEST 20001E-6 SEC;
SIR 30 TDI (3ffffe91);
SDR 34 TDI (07fed01ff)
	TDO (07fed01ff)
	MASK (3ffffffff);
STATE IDLE;
SIR 30 TDI (280a0280);
SDR 30 TDI (00000000);
STATE IDLE;
RUNTEST 10001E-6 SEC;
STATE RESET;
RUNTEST 50021E-6 SEC;
